Year,sector,avg_return,volatility,avg_adj_close,avg_volume,avg_range_pct,sector_growth_yoy
1981,Aerospace & Defense,-0.0001018034301905,0.0212468392767301,1.840802988671833,846843.707798618,-56.95908712844975,10.762464368424585
1982,Aerospace & Defense,0.0014991761661675,0.0214091054970104,2.23530462273496,1063485.6916996047,-61.64406680985025,21.43095358334708
1983,Aerospace & Defense,0.0015800227782105,0.0177582167137985,3.610884279790132,975412.6743083004,-61.54291995108563,61.53880071039766
1984,Aerospace & Defense,0.0006156677198028,0.017591542642739,3.9354422140498406,1030500.4442687748,-61.740563655215,8.98832277944317
1985,Aerospace & Defense,0.0008574588385469,0.0150377347258514,13.160621057602734,1001927.582538518,-38.31083969012848,234.41276333872403
1986,Aerospace & Defense,-0.0002405148491649,0.0200059521466024,16.85981938709207,1025007.3340136056,-32.70154515118188,28.10808329864003
1987,Aerospace & Defense,-0.0003982739917427,0.0336107623595318,11.21493807079008,1297454.8053691275,-43.34068143094578,-33.48126801775664
1988,Aerospace & Defense,0.000923272223913,0.0227050176381689,10.01055690996905,843341.2683254875,-40.03310768479304,-10.739079905915004
1989,Aerospace & Defense,0.0005607324831576,0.0202180300854762,15.538566207264196,823704.4659090909,-31.130779438655345,55.22179582027107
1990,Aerospace & Defense,-0.0001794881790008,0.0248401947612141,17.47995796036162,742388.8789297659,-26.57066882553089,12.49402118060181
1991,Aerospace & Defense,0.002182913819944,0.0241155071619098,23.79871486242303,889390.5418589321,-23.40800066743339,36.14858180088374
1992,Aerospace & Defense,0.0010600720357506,0.0199293455577548,23.39281499542688,678462.0256578948,-26.072670270832926,-1.7055537214618388
1993,Aerospace & Defense,0.0012126798176689,0.019300236493727,29.968172352672568,588756.3634564644,-25.18009365502675,28.10844850665095
1994,Aerospace & Defense,-0.0002091439158407,0.0255650203095287,23.271549965023365,638940.0667989418,-30.10144065868612,-22.345781747521208
1995,Aerospace & Defense,0.0015380454119953,0.0205175968985536,24.29418441038283,663784.3921957671,-33.0769208305111,4.394354681559509
1996,Aerospace & Defense,0.001219754324453,0.0217391479421271,29.19354935377088,726284.3644558918,-35.522519173698655,20.166822069952502
1997,Aerospace & Defense,0.0003923935484573,0.0242409802567451,29.61718375024612,729484.5442176871,-39.149418215610304,1.4511232989917966
1998,Aerospace & Defense,0.0007917298467475,0.0354717203551799,34.21570312341235,827792.0794100964,-40.26872705901645,15.526524776779338
1999,Aerospace & Defense,0.0001812359889503,0.0301407706985637,38.35739430913579,965475.5130385488,-40.551938198432886,12.104650226782754
2000,Aerospace & Defense,0.0005679589506729,0.0393153753746038,160.52616049087885,1098419.5679824562,-24.576061393598604,318.50121308330233
2001,Aerospace & Defense,0.0005237784087237,0.0584483765327553,260.0515854451298,1372649.2638748738,-20.44661713323202,61.999505033888845
2002,Aerospace & Defense,0.0004000034036934,0.0617105677913763,73.53087337856118,1938471.840263692,-28.647535769877745,-71.72450486979399
2003,Aerospace & Defense,0.0030032893073775,0.0564518045095025,91.12193804221916,1656910.253139126,-22.913686616644718,23.92337239501208
2004,Aerospace & Defense,0.0031716007500623,0.1182264911072537,105.86589631657796,1120813.9925011029,-23.24457879298061,16.1804704675262
2005,Aerospace & Defense,0.00257423907254,0.056470613150237,85.8759962716317,1035691.0955882352,-25.526669944163977,-18.88228479657802
2006,Aerospace & Defense,0.0010447586192073,0.0371463367956586,283.15194003824286,1031627.3103993674,-19.13540981997321,229.72186912698365
2007,Aerospace & Defense,0.0009154063563053,0.027128555264711,135.78668115923358,1266935.2455567643,-21.016875923216663,-52.04458738976181
2008,Aerospace & Defense,-0.0015968223850905,0.0546712410007017,91.55995813524368,2206439.2583732056,-21.52577819155561,-32.57073716392431
2009,Aerospace & Defense,0.0026354852116302,0.069180719301865,40.24902629836589,2696816.8590250327,-19.998959513458008,-56.04079870928529
2010,Aerospace & Defense,0.0024104747449747,0.0743492490574154,39.43011817272808,1535645.4562101911,-17.567235290546137,-2.034603569207482
2011,Aerospace & Defense,-0.0001345100759394,0.0261041500931314,40.05970689404125,1453252.036199095,-15.87046772388622,1.596720351065617
2012,Aerospace & Defense,0.0014409232350243,0.0452634730012022,41.54396687844395,1037401.6655,-15.157718636324494,3.7051194316738414
2013,Aerospace & Defense,0.0018730901638489,0.020944047942866,52.56952624496014,933119.7547123017,-13.530002370267583,26.53949585213311
2014,Aerospace & Defense,0.000751129382363,0.0315128566212836,65.28804827779247,800743.5664435946,-12.391647500967444,24.193716286442022
2015,Aerospace & Defense,-0.0001918912093701,0.0255560389025587,70.79138009655041,876609.3555088702,-10.952940339365403,8.429309749530201
2016,Aerospace & Defense,0.0006454328566867,0.0245010882893716,75.45850280348827,780030.3104575163,-9.764573782191786,6.592783896249088
2017,Aerospace & Defense,0.0008315264860935,0.0209292633139555,89.58989612701936,735111.2446683852,-8.377723997329422,18.72737040692758
2018,Aerospace & Defense,-0.0006670224367172,0.0237909828451262,98.18039413235464,1179283.4844152802,-7.03472050609944,9.588690663460309
2019,Aerospace & Defense,0.0011845012377374,0.0217105034331933,92.87739333385178,934615.6302521008,-5.563057944120159,-5.401282858320999
2020,Aerospace & Defense,-0.0004194232255893,0.0445532971964473,81.94152946672837,1544289.3438735178,-4.655230205157032,-11.774516353849409
2021,Aerospace & Defense,0.0052821042208532,0.2951389039459491,93.93688691783797,1397251.7217553689,-2.43648272604097,14.638923057910702
2022,Aerospace & Defense,0.0006353802710987,0.0284295104487428,111.04194824611808,1147930.1351150705,-0.6879575891875024,18.209099630096404
1987,Airlines,-0.0011173077521036,0.0307532621656776,2.574189557800651,2039629.027667984,-14.168049428977897,7.859365389533912
1988,Airlines,0.0018499232520826,0.021020601679605,2.318923641099289,1624000.2351778655,-13.29212258370101,-9.916360507633224
1989,Airlines,0.0006083191447103,0.0191467370154996,3.2385078754926484,2105577.0257936507,-12.738272732955844,39.65564963395816
1990,Airlines,0.0001300015419659,0.0222413964869785,2.694023739561262,1379869.1166007903,-11.93085240075155,-16.812808764547416
1991,Airlines,0.00204347671348,0.0232110251764463,3.19999504489861,1512558.9644268774,-10.925641454371526,18.781248951419727
1992,Airlines,0.0007764643328726,0.0208998937858624,3.4014419664548137,1279653.653543307,-10.156964592276529,6.295226046594893
1993,Airlines,0.001177891764222,0.0206655575836378,4.318536839937504,1356188.9229249011,-9.689115375092952,26.961943861665883
1994,Airlines,-0.0012160708323153,0.0224105716207744,4.287294910540656,2164872.359126984,-9.7624350511836,-0.7234378344981307
1995,Airlines,0.0010808718030944,0.0240297994556002,3.8829286358659223,2175835.66468254,-9.49328872685282,-9.431734534532875
1996,Airlines,0.0007872905497744,0.0237498178616038,4.938983455466515,2326270.252788104,-12.372182468069798,27.197379056776903
1997,Airlines,0.0009750899534559,0.0293726924015028,4.732385238055344,1434623.9670329671,-22.1274532614362,-4.183010922672869
1998,Airlines,0.001650353804753,0.0371110674608392,6.059846549989685,1382381.0327380951,-16.29011876154856,28.050575875767624
1999,Airlines,0.0012895029854286,0.0294678528750746,7.558595381558887,1248190.1339285714,-18.29967201854982,24.73245517366696
2000,Airlines,0.0017060174350031,0.0294977295239917,8.28183046077925,1046132.8472222222,-19.11967001042017,9.568379344459665
2001,Airlines,0.0001372666367196,0.0328946291048749,9.36415216398816,1143578.1653225806,-16.766881966852143,13.068629071006988
2002,Airlines,0.0001068316638192,0.0296147670096959,10.138871463179887,1229822.1099916038,-14.919613235046558,8.273245517849205
2003,Airlines,0.0014567682052975,0.0249769488312184,12.16453270987859,1531893.511904762,-12.84495548716773,19.979158963155296
2004,Airlines,0.0002402640507092,0.0235685035188364,11.66328853581782,1722440.2102312543,-12.671599912673337,-4.120537845680817
2005,Airlines,0.0008937746482919,0.0179953367792773,13.130839932183816,1520816.7447751742,-12.08756865368142,12.582655327947712
2006,Airlines,0.0012940837535767,0.0237156543163606,20.42000615987129,2084955.6498740555,-9.533752295370332,55.51180476902822
2007,Airlines,-0.0012691692079226,0.026227123744615,23.106553116703736,2956261.937959559,-10.170243831589003,13.156445379100589
2008,Airlines,0.0003678672209375,0.0664968496220082,11.729331238781825,6014103.487922706,-9.807249745863974,-49.23807467283952
2009,Airlines,0.0015813271958668,0.0463683585592388,7.86958542850208,5340488.515054195,-11.22182282316304,-32.906784979504145
2010,Airlines,0.0014801302050217,0.0267277676066782,12.31463814945335,3791189.522244356,-13.489713817521135,56.48395028348215
2011,Airlines,-0.0012122640212374,0.0292002266699446,11.947664361427384,3864597.8664021166,-12.03420952910737,-2.979980276905292
2012,Airlines,0.0015915507498581,0.0232497619840489,11.235765463946564,3077612.435478807,-11.016207773210006,-5.958477539586404
2013,Airlines,0.0015156669305905,0.0199899585568354,16.982583264346086,3053650.5042735045,-9.562704292490771,51.14754147227411
2014,Airlines,0.0017801869303949,0.0217655757117086,24.80133603001534,3711226.039263063,-8.144102430836977,46.03983177332187
2015,Airlines,0.00031520779869,0.0201663905034306,27.91724531130523,2949284.3961734693,-6.54672718952883,12.56347350610032
2016,Airlines,-4.484893086494807e-05,0.0221163716148154,26.24612437099928,2527150.223214286,-4.566031826202979,-5.985980785966804
2017,Airlines,0.0015394858991566,0.0183717628272896,32.903972081216686,1921834.9726095616,-3.3275469378081137,25.366974628734184
2018,Airlines,-0.0005186028318267,0.0204740672113339,33.69656417812722,1900114.7908366532,-2.444159534939664,2.4088036999125206
2019,Airlines,0.0005929900880352,0.0174302718298303,31.21758706790824,1652227.8077876985,-1.0796771176747315,-7.356765209398142
2020,Airlines,-0.0003740412081522,0.0498781778474993,21.399941452642675,10006966.71096838,-0.4863617024702423,-31.449085395066067
2021,Airlines,-6.412466286285664e-05,0.0254247520974816,26.898420599540547,5133356.21155754,-0.1273423511790611,25.693898084094368
2022,Airlines,-0.0002030522651752,0.0307441819593852,20.95046254407404,5010614.884888304,-0.0842314666761115,-22.1126665539913
1994,Auto Components,-0.0004334003318503,0.0201879151040377,3.613839727072489,636307.1428571428,-47.768687912701175,-2.095539622924325
1995,Auto Components,0.0009413241070382,0.0160540715978775,3.738639370316551,663246.0317460317,-45.81014944394886,3.453380688389296
1996,Auto Components,0.0008888655837437,0.0126212190269812,7.097252610002055,456022.5626740947,-27.09227482881277,89.83517550132498
1997,Auto Components,0.00051167610074,0.016244374348373,10.139967822977402,470980.0139484978,-31.71620806924804,42.87173333364649
1998,Auto Components,0.000320136918465,0.0238953079507255,9.44485588419059,492919.61706349207,-33.85909233571622,-6.855169078659918
1999,Auto Components,-0.0007201666604741,0.0175977679702272,9.585098119245636,417970.4781746032,-32.353611268204666,1.4848530964860274
2000,Auto Components,0.0001217343904215,0.0217941339803925,8.82110962744743,474755.65277777775,-27.715585372187864,-7.970586031500448
2001,Auto Components,0.0002927433024033,0.0241667943668647,7.739672960292909,634681.7893145161,-28.474015998423248,-12.259644339863597
2002,Auto Components,0.000201412781345,0.0242518063475202,7.759224706698978,1013319.5823412698,-31.262728302182023,0.2526172165978613
2003,Auto Components,0.0034032063568542,0.0289155992217688,8.759090425166846,716398.0,-26.55068650426757,12.886154947988905
2004,Auto Components,0.0013193929216369,0.0505468786954888,12.007304668237293,681725.2960317461,-24.13307821022008,37.08392179326741
2005,Auto Components,0.0001756268628755,0.0244403654960764,12.815688267586724,708114.2214285714,-22.73258286423018,6.732431812843354
2006,Auto Components,0.0012948071690372,0.0321215762197613,15.260680965408389,772700.4517928287,-21.14002294954172,19.07812242909737
2007,Auto Components,0.0001827049741092,0.0201736199859818,17.186272846085142,1010746.8717131474,-20.190675144678917,12.617994472471604
2008,Auto Components,-0.0026695171455966,0.0360188291470946,13.1990688518102,1554253.0505928854,-18.42945850200541,-23.199934214841623
2009,Auto Components,0.0037972656251718,0.03799596234244,10.704032831501602,2040247.9010292955,-14.80315671036172,-18.903121487743533
2010,Auto Components,0.0017675476015998,0.0257994682751858,15.600421914629983,1244677.0907016543,-14.890691164278344,45.74340494097211
2011,Auto Components,-0.0011783307122774,0.0288289011661471,19.70732223891597,1073070.0799785294,-14.521623400773969,26.32557213362649
2012,Auto Components,0.0009224274211328,0.0209444937768097,21.128435898184776,711580.8525,-12.516961216272083,7.211094648173622
2013,Auto Components,0.0056143807142487,0.1883806386705885,25.09647612424868,434270.7512195122,-17.434269671367115,18.780567786396382
2014,Auto Components,0.0002735648901435,0.0979186253303908,36.05599018283456,349104.0083081571,-16.37968736963353,43.669533540593775
2015,Auto Components,-0.003155689053903,0.1622501563286529,39.12919893652344,405370.9678686184,-15.004038181995009,8.523434630709348
2016,Auto Components,0.005459596099627,0.260998972099021,37.72654240768224,422093.7959656085,-13.818548030744592,-3.5846798988055872
2017,Auto Components,-0.0096684562554703,0.3861094352221483,44.35674856926987,329670.3665338645,-14.78100468412486,17.574380630856655
2018,Auto Components,-0.0068089101133834,0.167795132237151,45.967259559077846,342985.70152722445,-12.463940171029584,3.630813893612861
2019,Auto Components,-0.0020166649304669,0.0757848327855119,34.43124222562269,276830.7123015873,-7.658493006978695,-25.0961607111446
2020,Auto Components,-0.0004192728204262,0.0823039997932432,29.08676912351873,470745.0253623189,-8.279866357331215,-15.522161724756945
2021,Auto Components,-0.0016124613439623,0.072379939357082,36.43287574501667,317877.0547066015,-9.309650021292452,25.25583570420713
2022,Auto Components,-0.0003054924352644,0.026573232195735,36.214413192605726,330808.79501295334,-0.3062235597772549,-0.5996302733276004
1981,Banking,0.0008413895471407,0.0121452211268828,1.3060458957785752,78674.8722002635,-15.609959458485967,12.434596436466071
1982,Banking,0.0004190321468194,0.0149328216637011,1.1983634411788031,74956.9640974967,-6.801685103200225,-8.244921173737085
1983,Banking,0.0012407720135669,0.0134851986872721,1.6180829745870726,100955.3023715415,-6.124456481325987,35.0243940181787
1984,Banking,0.0005759291916686,0.0121735016711819,1.8255553342922248,113508.85671936758,-38.40960979970953,12.822108814172406
1985,Banking,0.0018172038280998,0.0168000064421963,2.365142977505765,154892.08564814815,-37.46925359807464,29.5574520847236
1986,Banking,0.0004000097533421,0.0182292123935787,3.5739362482211035,176881.1466034755,-27.56249966852008,51.10867639765733
1987,Banking,-0.0005078501242156,0.0241837192773923,4.559780059280891,198839.75314158056,-12.127703194686578,27.58425843635244
1988,Banking,0.000776494549038,0.0177557188438148,3.742099507636622,166489.84154393093,-8.387871102006775,-17.93245597405465
1989,Banking,0.000922487923983,0.0170755125445515,3.7654811142986726,181307.8050905756,-10.82606039943338,0.6248258929067774
1990,Banking,-0.0004556930762198,0.021442822071349,3.725825406372102,200286.8162055336,-41.80559554929012,-1.0531378786096113
1991,Banking,0.0020399920178262,0.0199483825854107,4.350927182481014,230499.61616161617,-47.21473411953612,16.777538073572362
1992,Banking,0.001380321537632,0.0182844302445762,6.153456951095956,353166.6235367893,-49.0962770745415,41.428635622145535
1993,Banking,0.0006993137509779,0.0168244258611818,8.347269500462247,349786.6491803279,-47.40695341161455,35.6517087354542
1994,Banking,-3.4044901030557902e-06,0.015375485673276,7.912989507113194,344046.8933257273,-46.83103388848581,-5.202659304638524
1995,Banking,0.0016044230069712,0.0141729938900751,10.766885135532055,308629.3218114898,-41.948320073474605,36.065959974462494
1996,Banking,0.001264139835946,0.0140547189683127,13.855873610989486,364366.94055843406,-42.50181504246202,28.68971328823213
1997,Banking,0.0016516482777559,0.0196817340896036,23.22095470717224,421721.5765578249,-44.53514709830227,67.58925029999583
1998,Banking,0.0001565838821318,0.0267655409882188,26.791245200404116,442617.7782898726,-44.00213659097355,15.375295883631868
1999,Banking,0.0002124025084719,0.0227447087231688,26.032864600811,425154.6558816989,-43.65255985322261,-2.830703067066376
2000,Banking,0.0004756147536779,0.0272749793524604,26.93314531836917,494840.60334703466,-42.34745834383723,3.458246840534507
2001,Banking,0.0003232158969787,0.0240669169809733,25.97872066579013,591702.9455003879,-40.858157784059465,-3.543680625849865
2002,Banking,0.000507074161593,0.0336080096445765,22.714601849960783,749762.6953323408,-39.36540692133145,-12.564586446813298
2003,Banking,0.001764479284012,0.0176199272615036,23.99291844736506,723144.1425156611,-36.97928506559933,5.627730593069957
2004,Banking,0.0010158210263413,0.0156281361198071,29.2479398380519,733177.6353638562,-35.084366457927885,21.90238508172795
2005,Banking,0.0005429659336016,0.0156204271367922,33.41945709208305,857415.6551001397,-33.277134000869864,14.262602005916204
2006,Banking,0.0008940198669488,0.017820662160501,37.24979729980034,1009254.5393971445,-32.013663296572204,11.461407637961551
2007,Banking,0.0002679323528522,0.045598083669827,37.03608935083937,1726144.955900794,-30.822738179913934,-0.5737157366011214
2008,Banking,-0.001155437113904,0.0494331659368486,25.802422286950147,3611014.597891082,-28.381400169393277,-30.331677185120054
2009,Banking,0.0017783675897493,0.0486033815517085,22.028120502548497,5210323.5493998695,-24.132960485494586,-14.627703331212215
2010,Banking,0.0006464087860577,0.0267068814482005,24.44902666525768,3623362.731448055,-25.78051457953537,10.99007136096384
2011,Banking,-0.0006041668857348,0.031274598752141,22.913572107274987,3126395.177740864,-24.14761466307935,-6.280227753052392
2012,Banking,0.0012240890039221,0.0280933132908403,21.49091475057416,2503137.9950030684,-21.732167179500784,-6.2087977816830175
2013,Banking,0.0011215803735516,0.0274554111938656,24.225270979405764,1804062.6645327024,-19.733204724286967,12.723312434890888
2014,Banking,0.0005426302494638,0.0286319653586879,25.91148467581288,1599743.291722879,-21.969141308957862,6.960556593321865
2015,Banking,0.0023223566172104,0.2844368166957355,26.762552685516518,1731758.157181268,-16.599347502756284,3.28452043698626
2016,Banking,0.0010497843592825,0.087412817267415,26.105711195752168,1988726.914937987,-13.471429146977451,-2.4543304873896443
2017,Banking,-0.0015163428622161,0.3152049889282373,33.56745876500717,1454796.5361307063,-11.077643540605573,28.582816661471178
2018,Banking,-0.0029658930931335,0.62608240245276,36.24013339877753,1560447.5867539018,-9.337266600930876,7.962099998336858
2019,Banking,0.0003288290045547,0.2144762229638195,34.51980238327326,1426439.5600362977,-7.4174389851349245,-4.747032789791838
2020,Banking,-0.0011615713960547,0.1459633489164985,28.828357727651408,2038612.34115386,-5.592412013118512,-16.487477513427685
2021,Banking,0.0002316541273317,0.0607819331761398,40.09413597634788,1805603.932877986,-3.279729719062745,39.0788068995364
2022,Banking,-9.34668123788494e-05,0.0604785066647117,40.06431434274997,2140585.663115997,-0.9734870641934104,-0.0743790404050703
1989,Beverages,0.0005412796652977,0.0198468084229618,2.2188818621881574,1055111.6001984128,-56.62165158142534,18.82035574410297
1990,Beverages,0.0017264522289853,0.0504047078177495,2.723527958715084,1036109.277667984,-55.4162118708029,22.743261149977045
1991,Beverages,0.0009144563488351,0.0268494779977976,4.197981981564195,906124.6127033308,-33.33402156213944,54.13764959272656
1992,Beverages,0.0013555341334788,0.0442230174064104,4.454578092288754,536761.8077427822,-56.95932757680296,6.112368081888486
1993,Beverages,0.0006054154803455,0.0319435368113507,4.243774568925248,636105.1245059288,-55.485223126538926,-4.732289321146377
1994,Beverages,0.0005558652718695,0.0309038618730522,4.250662610795911,695418.2698412698,-54.553842502262576,0.1623093253138474
1995,Beverages,0.0011528608926303,0.041203732253684,4.713085585761638,695186.3716931217,-53.32621206133828,10.878844483946024
1996,Beverages,0.0023398753481357,0.042666383186151,5.804486216570243,1022897.0564304462,-52.65572057349585,23.156817565667744
1997,Beverages,0.0019325537065932,0.0320065790090148,7.408145146250567,972909.9986824768,-51.48762940597141,27.62792209071512
1998,Beverages,0.0020454171714376,0.0292910232754481,9.175646911435589,1239754.4417989417,-49.27373280293186,23.85889760920241
1999,Beverages,-0.0003195575192749,0.0226726804646299,9.845573916927808,1107464.378968254,-47.57876334624319,7.301141946267475
2000,Beverages,0.0014250705585989,0.0254761922697517,10.118292859366171,1052297.855820106,-45.287443972821386,2.7699649074745203
2001,Beverages,0.0003538175151996,0.0189065680263135,11.28122463038001,1067285.624327957,-44.72184351483393,11.493359474541688
2002,Beverages,0.0005849422139083,0.0204982925059318,12.536433841909956,1121942.126984127,-43.673794585559705,11.126533267937113
2003,Beverages,0.001266691524474,0.0193234113057215,11.911467802740397,988930.519179894,-42.57608488937232,-4.98519792032297
2004,Beverages,0.0017860393567684,0.0229407974808818,14.805684089700064,2519561.0674603176,-40.8490340458988,24.29773001018241
2005,Beverages,0.0016359135570269,0.0208380817903397,16.373122229738527,4693462.728174604,-39.21983754441074,10.586732301879165
2006,Beverages,0.0013377105353733,0.022888565807449,19.483309316840938,6740468.949535193,-37.10768274850465,18.995687221178702
2007,Beverages,0.0007683693761404,0.0202103091883082,24.26094796402679,3406821.695219124,-34.808460621142395,24.52169993039206
2008,Beverages,-6.851992950785937e-05,0.0333108658660324,23.23848858385375,4461640.424901186,-33.187608621773094,-4.21442468649248
2009,Beverages,0.0010921891476147,0.0210016976850668,21.40439729399797,2949994.2164634145,-30.22851347582801,-7.892472366426251
2010,Beverages,0.0009175509443171,0.0153381982328487,25.004747013270794,1858061.080757727,-27.3355643484938,16.820607792971586
2011,Beverages,0.0006017538206649,0.0186169011117055,26.81832082141224,1924638.6490299825,-24.13782429117611,7.252918044637369
2012,Beverages,0.000833878601105,0.0159027193293635,32.54173748779297,1887465.364,-21.82722991037768,21.34144305489498
2013,Beverages,0.0009995492246015,0.01516403201005,37.124751944375056,1279737.1653015637,-19.403919155571707,14.08349648908962
2014,Beverages,0.000345562358013,0.0153430585579594,40.13601069060616,1088689.3579130436,-19.55035373491601,8.11118886596991
2015,Beverages,0.0009483403172558,0.0163327851554006,42.87088574997332,1076060.4560185184,-19.922554974533867,6.814018165505575
2016,Beverages,2.0523823151970912e-05,0.0153247443128712,46.669946771134775,1119911.6501322752,-18.36799680865781,8.861634078003199
2017,Beverages,0.0013687278440476,0.0124696336679795,52.26793138534424,845233.2068393094,-16.02541779161012,11.994838223539194
2018,Beverages,-0.0004952090722066,0.0167929315390714,55.22900770701577,1112014.9940239044,-14.416867394108255,5.665187512092373
2019,Beverages,0.000757305385779,0.0153265619307366,56.71306390358657,1010209.423941799,-11.765475003500288,2.687095528573624
2020,Beverages,0.0007182313760376,0.0266519214205748,54.35878025778669,1143055.0187747036,-9.619729533694654,-4.151219284858643
2022,Beverages,0.0272075494698403,1.4604286487640197,66.99711259579057,973981.1174202594,-3.1402565792598565,0.2327839853457414
2007,Biotechnology,0.0002165125974131,0.0266802635215377,29.28154327005029,6144875.962815405,-9.675207979906752,11.972082916139804
2008,Biotechnology,-0.0010365718903389,0.0450311793076765,27.41404494654991,6184404.479578393,-9.94417896400413,-6.377731891646887
2009,Biotechnology,0.0055565653184402,0.1639954665276193,24.94673024066699,5166682.671957672,-11.136475014619984,-9.000184798316068
2010,Biotechnology,0.0005884888558446,0.0225437931746621,28.39447033405304,5760195.899470899,-9.607772847882082,13.820408767501348
2011,Biotechnology,0.000627634775198,0.0246871168031907,36.26120799449553,4395839.753012048,-7.233798680460375,27.705174873461317
2013,Biotechnology,0.0027070206728079,0.0338304164885671,86.69884542174755,3195433.035714286,-6.884392163712298,52.14350567190107
2014,Biotechnology,0.0011842184888234,0.0247772675109954,120.64135063072992,4161658.779761905,-6.411023465404282,39.14989299323266
2015,Biotechnology,0.00021108096522,0.0222467061377942,156.2744791687481,3937154.662698413,-5.536871570716577,29.536413801506
2016,Biotechnology,1.8060843076144744e-05,0.022273429096493,128.59398749872807,3527443.7996031744,-5.64423327547422,-17.7127396726948
2017,Biotechnology,0.0007416609613065,0.0157965574898297,137.41422707056145,2877453.137450199,-4.875933804790327,6.858982868013652
2018,Biotechnology,0.0003663426569923,0.0219268738175771,137.79522776413725,2907110.109561753,-4.830535519609426,0.2772643718908174
2019,Biotechnology,0.000276239127126,0.0209523668738773,128.24161593024692,2878108.779761905,-3.813495587503888,-6.933194994418201
2020,Biotechnology,0.0003644843676081,0.0311648048196062,151.5792072692204,3737528.142076503,-2.4991334379055403,18.19814197574308
2021,Biotechnology,0.0005884065548028,0.0245036399084994,126.44508124629542,1972517.8468208087,-1.454518248759168,-16.581513042408368
2022,Biotechnology,-0.0009664055400865,0.0530518014349733,133.09456655598913,2353466.065724112,-0.3883154380648455,5.258793180528354
1988,Building,0.0020233974989516,0.02021453629976,3.853634050241101,521855.23320158105,-52.1172034728799,43.3652652474881
1989,Building,0.0015076831502922,0.015449580834285,5.259733692048088,455448.0238095238,-51.77759582066038,36.487627612668994
1990,Building,-0.0003763675151104,0.0209520349018316,6.194458279213887,463379.59683794464,-51.62821959649128,17.77132915643542
1991,Building,-0.0006099651153463,0.0218190909813415,5.341136578043459,609293.7944664032,-51.2695360377388,-13.775566203001675
1992,Building,0.0009019951836545,0.0163516618343327,4.655185844015888,370744.2283464567,-50.74738648061681,-12.842785875339768
1993,Building,0.0010216813087382,0.0149629033267723,5.682086028600399,345494.37154150195,-50.20412300413981,22.059273657238897
1994,Building,-0.000215794808105,0.0127961602263865,6.254752505393255,631932.4285714285,-49.82487006227385,10.078454882773302
1995,Building,0.0017009902146566,0.0118219189434846,7.440143322187756,928452.3928571428,-49.34100382645568,18.951842071646794
1996,Building,0.0017057632249209,0.0159183080999154,11.11022495660256,607600.7125984252,-49.03027042279693,49.328103982486525
1997,Building,0.0022999307922148,0.0189414526355756,18.645092357288707,1564733.0750988142,-48.84534915152693,67.81921545349394
1998,Building,0.0023024775514955,0.022360127348431,30.21857922417777,1657769.623015873,-48.73554269658321,62.072563895693314
1999,Building,0.0006206655693109,0.0305706533528129,45.634563332512265,4441161.813492063,-48.863015029599374,51.01492030439414
2000,Building,0.0019271426718018,0.0325478395540314,52.33411292424277,3762383.456349206,-48.65013939204484,14.68086709390606
2001,Building,0.0004733729857002,0.021316613167227,56.8658390045166,4770489.963709678,-48.61563484618493,8.65922020467571
2002,Building,-0.0023816951098629,0.0710473001482854,23.23066787114219,13302005.46031746,-48.77470750719816,-59.148289592109805
2003,Building,0.0020109005494335,0.0225633292651387,20.044216148437016,6410011.265873016,-48.19811025832661,-13.716573885779148
2004,Building,0.0012973006969065,0.0137141100516535,32.969193398006375,4025768.134920635,-48.1405297111509,64.482328238
2005,Building,-0.000686388762845,0.0146850555318505,33.108527085137744,4784928.202380952,-47.74867386035639,0.4226178221872878
2006,Building,0.0005859663466408,0.012816029678842,29.658708036762395,3448950.2020547944,-44.18390961476607,-10.419729755734007
2007,Building,-0.0020516637894249,0.02931531349909,25.230493190279045,3302555.575697211,-31.18938538054196,-14.93057229935476
2008,Building,-0.000852695407638,0.0348192406792719,15.333002850943403,4548688.300395257,-23.26878078460899,-39.22828723438908
2009,Building,0.0026161615907085,0.0408246521483549,12.52464591916026,5735834.025641026,-21.66660695328133,-18.31576605759485
2010,Building,0.0009848525481077,0.0211048636592459,15.27134808598372,4190265.043650794,-21.44367449530918,21.93037778913609
2011,Building,-2.8991278714084964e-05,0.0218899106064411,17.371761301518656,3226185.7186732185,-20.88232577650712,13.75394761293358
2012,Building,0.0006482996979907,0.0159324422062931,18.798753733462004,1670023.3860103628,-17.77538038067572,8.214437253513251
2013,Building,0.0011907937325826,0.0180013176710497,25.789974186155533,941092.5365079364,-15.456502510282904,37.189808174618896
2014,Building,0.0001078268557026,0.013335825856277,31.023889408225106,890210.3849206349,-14.65529987372193,20.294379452613875
2015,Building,0.0002669707563564,0.0152963074712411,33.30392009341528,870806.4007936508,-12.613708588657603,7.349274151891749
2016,Building,0.0010950882639955,0.0167296639112133,39.39111899761927,1154078.357142857,-10.267779225019837,18.27772492586397
2017,Building,0.0010017150750324,0.0120852802430019,49.04080458979208,1249423.107569721,-7.260766155401824,24.497109596597188
2018,Building,-0.0009563415093352,0.0163516677350444,51.255212996205486,1392389.1633466135,-5.612194538372177,4.515440611009769
2019,Building,0.001319148266456,0.0138738004627471,51.77914581828647,1408773.7301587302,-4.020712667187736,1.0222039700035437
2020,Building,0.0011213982233129,0.0269273157491034,62.73764305077052,1379307.9841897234,-2.3752949340949154,21.16392045350024
2021,Building,0.001262835642599,0.0189808935515615,90.18939343823328,973489.6825396824,-1.4386899286166452,43.75642605070036
2022,Building,-0.0009083182579094,0.0236770201318308,75.62511728269098,1073643.6888141294,-0.5620350493698021,-16.14854652007025
1981,Chemicals,-4.419599588323551e-05,0.0181134691381986,1.2631051025901858,424327.824110672,15977.718240887858,-3.802455737454702
1982,Chemicals,0.0017621210369939,0.0199144916112018,1.2663059033777402,699990.6007905138,-30.50493991612396,0.2534073198652065
1983,Chemicals,0.0007272335541341,0.0200761388166911,1.7920626063238492,904578.3152173914,-47.349154697891485,41.51893326436426
1984,Chemicals,0.0001957343774309,0.0177967515907325,1.698960362392452,678308.2134387352,-50.54739712941279,-5.195256214981392
1985,Chemicals,0.0017306205421871,0.0140940260153199,2.126011712092256,628936.2093253968,-50.05263225182591,25.13603961298052
1986,Chemicals,0.0006123188595181,0.0198047339842447,3.0023922550937403,846404.3478260869,-50.395179798202285,41.22181162111372
1987,Chemicals,0.0006755184199793,0.0269542097328263,3.6193971210435447,753395.1373517787,-49.45010634754152,20.55044156548893
1988,Chemicals,0.0005339941796397,0.0173862736288509,3.6450363670884394,668689.0019762845,-53.949148933113946,0.7083844404866424
1989,Chemicals,0.000964873946563,0.0142832284295145,3.93423106066196,679845.5145051194,-53.81592740376576,7.933931638781511
1990,Chemicals,-0.0001765718102158,0.0161076220892205,4.213339447503976,555113.1059288537,-53.14655160113737,7.094356750745945
1991,Chemicals,0.0017357855272597,0.016837260492164,5.392620969289848,540289.8924901186,-51.56078920862721,27.989236008138164
1992,Chemicals,0.0006880119655336,0.0157208813369646,7.13751107219636,496438.2574803149,-50.60246404767111,32.35699510207364
1993,Chemicals,0.0006495620513582,0.0131447922577264,7.696709571496608,471887.358372457,-49.42431466449575,7.834642827785787
1994,Chemicals,0.0003420852858093,0.0144028688712993,8.233569345424602,483367.6090225564,-50.02680693047793,6.9751855509289085
1995,Chemicals,0.0009213771384204,0.0136681330135581,9.86532629076856,439124.3497732426,-48.68163862753787,19.81834216591285
1996,Chemicals,0.0006423240365953,0.0146843657684124,10.512740744294318,443366.501659292,-46.88649762469522,6.562524486712329
1997,Chemicals,0.0007872592803006,0.0159040937042244,11.13167544321816,462300.2134387352,-45.28925823258833,5.887472296506147
1998,Chemicals,0.0002770994297547,0.0208082356641193,11.703350124378051,486776.9072420635,-44.21922997659827,5.135567274449948
1999,Chemicals,0.000821739701841,0.0233501942352797,10.41171911494598,545475.8367978771,-42.8641274314118,-11.036421158943275
2000,Chemicals,0.0004817037434229,0.0258761517116261,9.97203100558101,599298.130952381,-42.63521128018765,-4.223011632476704
2001,Chemicals,0.0001482454505163,0.0215459942529681,10.595854552896649,655910.8467741936,-39.91136163174384,6.255732126850622
2002,Chemicals,-7.579694098536822e-05,0.023634592601904,11.860905625832777,789415.8765432099,-37.05240396501716,11.939113231695831
2003,Chemicals,0.0016938792208929,0.0199186926160403,11.847820765284634,798339.4673721341,-34.77152033784311,-0.1103192366664007
2004,Chemicals,0.0013619815218072,0.0166911994864367,15.641693767101046,737378.7962962963,-34.87731694335802,32.02169476544463
2005,Chemicals,-6.512578153211716e-05,0.0200881497208129,16.263259097172394,859333.7611516626,-33.85163081086191,3.973772529536901
2006,Chemicals,0.0010856953056868,0.0184188766894754,18.679890172930147,749144.8082150408,-27.000320618663416,14.859451364074497
2007,Chemicals,0.0010748976080309,0.0195234461324846,23.131737043140653,760130.0685314685,-27.697452889603635,23.832296812225763
2008,Chemicals,-0.0016893552071035,0.0393193967043579,20.24919762838988,1019239.1481481482,-27.05131472576357,-12.46140490605978
2009,Chemicals,0.0023471454954589,0.0309043368388064,16.04566833229403,799823.8965919701,-23.28561680340536,-20.75899190297986
2010,Chemicals,0.0014206145393282,0.0243648196454876,21.38909510931696,670731.1974257051,-23.326136161448375,33.301366240186915
2011,Chemicals,0.0007174201523152,0.0889399517140932,25.062263642700472,753574.183747412,-22.838958145015507,17.173089906844652
2012,Chemicals,0.017502593294159,1.2627420076742388,37.03265577741693,622011.2570268075,-16.486526627590763,47.76261356664369
2013,Chemicals,-0.0001823212547811,0.0764291537527014,58.861613832949466,456183.4757109005,-13.551994582929416,58.94515960922293
2014,Chemicals,0.0004444969236367,0.0789553884303697,65.20558812323699,473954.3346462231,-12.724814785755957,10.777778380816835
2015,Chemicals,-0.0054781774487243,0.3975047563912829,64.20744124639786,499417.3290339917,-11.291913710153397,-1.5307689196095486
2016,Chemicals,0.0001764396989069,0.1785899331075345,59.62360730695589,493845.0408730159,-10.32721765713071,-7.139100780938124
2017,Chemicals,0.0014111801765816,0.0746306079392864,73.89676478784361,393948.795750332,-8.846678362757213,23.93876876218888
2018,Chemicals,0.000298959706472,0.0658821774391179,83.81306230474301,433686.0020366599,-7.6530663483618335,13.419122671160144
2019,Chemicals,0.001261114444132,0.0859901150824338,82.40287905433136,511893.7577151156,-5.457454825079056,-1.6825339769644063
2020,Chemicals,0.0022555794547569,0.0952538248522125,85.08264606186933,589224.9263384837,-3.90225865782482,3.2520308007334187
2021,Chemicals,0.0018431681262969,0.0819379222525009,107.30952178699296,630876.4015656034,-2.6137690976362595,26.1238651521968
2022,Chemicals,-0.0007856699956834,0.039678131497653,94.0937447409334,904978.1790287816,-2.1523645546301284,-12.315567925363212
1989,Commercial Services & Supplies,-0.0009620618019213,0.0422415814146475,1.292769131442857,9979.761904761905,1415.245679644651,-26.86854780248751
1990,Commercial Services & Supplies,0.0064359613370129,0.0487006780989113,2.034542190934358,20421.343873517788,1815.3085555586704,57.37861784057372
1991,Commercial Services & Supplies,0.0048364396835663,0.029812915067906,6.981378910569806,13037.549407114624,55.4489649614223,243.1424986750275
1992,Commercial Services & Supplies,-0.0003347528317665,0.0284971443391557,8.069375997453225,22655.11811023622,-41.29051513901338,15.584272116160204
1993,Commercial Services & Supplies,-0.0007159985206792,0.0221073357157309,7.393591665938909,23509.090909090908,-41.842021173447,-8.374678930906176
1994,Commercial Services & Supplies,0.0002528173535714,0.0225372974505201,7.521907231164357,57684.12698412698,-41.67628854604868,1.735497049648771
1995,Commercial Services & Supplies,0.0022463787024946,0.0218732833635077,9.49998584436992,223680.15873015876,-41.52069782519159,26.29756725807644
1996,Commercial Services & Supplies,0.0022770268776304,0.0206882444266233,15.923694118740052,350315.74803149607,-41.57814128504146,67.61808259090287
1997,Commercial Services & Supplies,0.0010068943456519,0.0191852546787263,21.82008913665892,797777.4703557312,-41.60034855223885,37.02906482597908
1998,Commercial Services & Supplies,0.0007857750728457,0.0346276259272688,15.593927303652896,1125959.1813084113,-39.41461786081558,-28.53408065389493
1999,Commercial Services & Supplies,-0.0012099371867143,0.0379775386114955,10.738040141958408,2100787.2407407407,-37.645629317252514,-31.139603687629048
2000,Commercial Services & Supplies,0.002648802122842,0.037127789537166,6.74103886172885,1517805.4867724867,-35.74636649349428,-37.2228193170135
2001,Commercial Services & Supplies,0.0006984217966064,0.0281602246975111,9.784972450425547,1623869.190860215,-35.62952475062836,45.15525946569059
2002,Commercial Services & Supplies,0.0001440007679265,0.0212094920248434,9.793625993703408,1510119.084656085,-34.981997975973776,0.0884370734992145
2003,Commercial Services & Supplies,0.0006857390997762,0.0144566847947436,10.10780130176948,1360440.3187830688,-34.57036052376932,3.2079569739345004
2004,Commercial Services & Supplies,0.0008947324763261,0.0115279875755936,12.43264231038472,1211297.4616402118,-33.83416368915434,23.00046211047157
2005,Commercial Services & Supplies,0.0002914641512614,0.0109504403620219,14.125446843091773,1264323.6891534391,-32.15421359369523,13.615806603662106
2006,Commercial Services & Supplies,0.0007131675863338,0.0100867107208957,16.819655690693445,1475126.0544488712,-31.33935411715504,19.07344155218218
2007,Commercial Services & Supplies,0.0003565620937845,0.0153666308878761,18.88162902563533,1731726.2270916337,-29.85565912075833,12.2593076389953
2008,Commercial Services & Supplies,-0.0002956083828839,0.0304204942712753,16.514593102739532,2113905.325112108,-27.683532742923735,-12.536184879398428
2009,Commercial Services & Supplies,0.0020771763490513,0.0446789696427576,10.822510879325351,1556290.353371243,-42.69968290801076,-34.466984369538864
2010,Commercial Services & Supplies,0.0071692959005026,0.1787842620954482,13.307248543672928,1242835.0595238097,-40.67573353837224,22.9589758980447
2011,Commercial Services & Supplies,0.0051752986546501,0.1363943897255279,14.55170297728264,1611795.634920635,-36.72709773572026,9.351703543565382
2012,Commercial Services & Supplies,0.0002501399122776,0.012532082483646,13.489353013107143,1177022.8541521283,-31.86510264083185,-7.300519848666398
2013,Commercial Services & Supplies,0.0056341968838838,0.1397959969029466,14.948407539720044,642436.4512471656,-29.56511031654393,10.816341785964
2014,Commercial Services & Supplies,0.0005452473424527,0.0149110402600435,17.093859746267643,637390.0226757369,-27.1841010737186,14.352379682229222
2015,Commercial Services & Supplies,0.0006847579715834,0.0143368721000039,19.307316409316243,685420.1530612245,-25.06389260560137,12.948840670884154
2016,Commercial Services & Supplies,0.0025829727383342,0.0792990794494372,24.793871760744256,785728.1179138322,-21.248535746874275,28.41697538442276
2017,Commercial Services & Supplies,0.0016691095766526,0.0470854408198127,31.207479906242444,518827.46158224245,-18.518849637800923,25.86771524588085
2018,Commercial Services & Supplies,-0.0020702423699048,0.0798878923466922,35.22041534537881,634085.4866249289,-16.184115409532524,12.85888976358407
2019,Commercial Services & Supplies,-0.000680518945881,0.0792965364817537,41.98793222216251,521826.02040816325,-14.220751460797734,19.21475601698619
2020,Commercial Services & Supplies,-0.000999584092051,0.0751661772225439,45.33038081320446,623942.0666290232,-10.996132578195365,7.960498205428879
2021,Commercial Services & Supplies,0.2173803076300017,9.262739739815272,58.82999721139061,505342.0634920635,-6.071454823717355,29.78050516234314
2022,Commercial Services & Supplies,-0.0003476926826044,0.0176890393887782,68.50111873514241,591807.2665463297,-0.5242185187431415,16.439099068798324
1981,Communications,-0.0006520669373724,0.0188345964548192,3.9822056877754415,717047.604743083,-42.24957347410072,21.331744482163995
1983,Communications,0.0020246317454092,0.0201183541167043,7.532538536509035,1885407.071146245,-39.4786788442341,87.71542330937478
1984,Communications,-0.0008290176484034,0.0235312842111733,6.879523931284667,2166800.885375494,-38.83468756326418,-8.669250108171479
1985,Communications,0.0008238345633406,0.0194190278575144,6.459597530819121,1605619.2261904762,-37.56474517258795,-6.104003774969502
1986,Communications,-3.7833728604299495e-05,0.0222089486275577,7.752682307020949,1708154.209486166,-36.554144197081165,20.01803935976576
1987,Communications,0.0018702701820305,0.0312807693100947,10.511386641400604,2305211.498023716,-35.469670298519695,35.58386923557193
1988,Communications,-0.0003845458897365,0.0211373439899336,8.805722272443205,2000090.6798418968,-34.8012577837295,-16.22682550977048
1989,Communications,0.0014911329688842,0.0159364883536747,10.364196805726914,1827835.150793651,-33.57407031359461,17.698429328856168
1990,Communications,0.0016780338462256,0.0281494587258184,7.19026478135025,26279914.85835095,-32.74946130412401,-30.62400380724972
1991,Communications,0.0029666636476426,0.0272425784534039,6.4110412327904,52222049.51581027,-31.95408115526215,-10.837202415423718
1992,Communications,0.0028544230790145,0.0202898832914595,9.013917109980358,39887736.53937008,-31.026022729671777,40.59989294526902
1993,Communications,0.0024344226634561,0.0252010022519968,17.589868221711736,44283291.47826087,-30.604700257639216,95.1412244764925
1994,Communications,0.001008878930478,0.0271680989954405,22.136317491767898,40636340.44444445,-30.34315135046839,25.84697743468216
1995,Communications,0.0017563963889946,0.023829078119201,28.282615756468168,40044415.46825397,-29.95871535065168,27.765676323471467
1996,Communications,0.0015219406795412,0.0248194680242384,25.82756238753401,36796938.26377953,-29.38639730529115,-8.68043249632131
1997,Communications,0.0007950326088707,0.0273703148036303,31.429846834288284,48111193.9743083,-28.966194782650952,21.69110798260343
1998,Communications,0.0023477695294354,0.0275822686291854,28.39727199361438,33035916.85714286,-28.340742730201885,-9.648710210593611
1999,Communications,0.0076947766647734,0.0524053326723465,45.25992159398884,17822337.600255426,-23.19714992602332,59.38123071880399
2000,Communications,-0.0010587068425089,0.0604709998226114,69.81654869753217,17039621.075396825,-21.5784525068455,54.25689271809255
2001,Communications,-2.6370393432309155e-05,0.0656415684577268,25.738174022445754,26767552.66129032,-22.55808173536335,-63.13456551117724
2002,Communications,-0.0013043879767903,0.0501130867876689,14.773074815907176,24321766.15873016,-23.04826075228766,-42.60247520657888
2003,Communications,0.003352394435266,0.0284583413845744,15.134104151574393,18403189.55654762,-21.275972380708215,2.4438333939693635
2004,Communications,0.0015634456800931,0.0299617427381701,25.078295821235294,18334374.06547619,-20.32856021677975,65.70717083790132
2005,Communications,0.0003381140672926,0.0209670893090556,28.922776867472937,17440714.03968254,-18.92722977696027,15.32991345840291
2006,Communications,0.000751115072156,0.0232857392938267,32.30159833041795,18025070.457171317,-18.504709715219445,11.6822166779736
2007,Communications,0.0003338290732513,0.0237551440521852,34.028981438670975,18186964.8376494,-17.306781986041038,5.34767069599269
2008,Communications,-0.0018102907012879,0.0396620978244412,21.93004034724631,20774453.742094863,-16.655618489234065,-35.55481410229714
2009,Communications,0.0026199607024165,0.0294643625459736,21.938305900210427,17503609.94047619,-13.879087171597645,0.0376905506475955
2010,Communications,0.0014680164383834,0.0229973135188749,37.36973594862317,19139853.08035714,-10.226061047088782,70.34011704734561
2011,Communications,-0.0002529626800679,0.0279459772332626,43.76975853859432,21067052.018849205,-9.410709632194663,17.12621838904631
2012,Communications,0.0004000229001511,0.0206091431581338,44.6287897977829,13673904.5,-8.600378788988888,1.9626136580833895
2013,Communications,0.0005932549583268,0.0177118457839069,42.49263674304599,12322205.952380951,-9.804409978396878,-4.786491106785585
2014,Communications,0.0007232647691769,0.0146573902018616,51.98758661463147,10773514.384920634,-8.192925585407151,22.34492984985061
2015,Communications,9.985451182746486e-05,0.0155338698543602,54.73833290357438,8821974.305555556,-7.478100630449012,5.29115980961643
2016,Communications,0.0009235162168135,0.0163417441661991,56.227539486355255,7975159.424603174,-6.531167166128231,2.72059177506232
2017,Communications,0.0003808833422883,0.0123640615994535,65.34352655334777,6805039.442231076,-5.626226401428035,16.212672918409844
2018,Communications,0.0007124642999014,0.0156002534682754,84.29672612042066,7801381.57370518,-4.44218496828779,29.0054739417823
2019,Communications,0.0003923006834749,0.0154923958615397,90.89769721598852,6424872.023809524,-3.835270855070477,7.830637557783882
2020,Communications,0.000543298436934,0.0258292257503304,87.02257612854125,7717658.003952569,-2.617289081602795,-4.2631675016357455
2021,Communications,0.001771687371116,0.01447748550206,123.38503817149572,6056377.678571428,-1.1937278512307827,41.78509033017293
2022,Communications,-0.0006444766927708,0.0203463804518732,121.01087091750458,6661905.902310925,-0.3818711630294396,-1.9241937994874392
1981,Construction,0.0010873069884555,0.0118793217389427,1.9857749260461377,18872.727272727272,1378.5561297544166,26.6519099552055
1982,Construction,0.0001006923061717,0.014181692597526,1.947431111053045,57187.35177865613,1340.7312331885491,-1.930924521715016
1983,Construction,0.0009620179689315,0.0108007916356413,2.674966780093348,76956.52173913043,11976.13187166622,37.35873710299815
1984,Construction,0.0001185787934299,0.008039253543662,2.788231888307413,51315.41501976285,2672.0251844967456,4.234262236711328
1985,Construction,0.0011041051290229,0.0073421484087848,3.3318766317670305,91890.47619047618,12921.76987104672,19.49783107134735
1988,Construction,0.0010870529450493,0.0096485045916439,6.554177338897946,52520.1581027668,-47.31547948507363,10.810265506539608
1989,Construction,0.0004263011268601,0.0101921465537399,7.937425371200319,78676.19047619047,-46.23471037244376,21.10483071754905
1990,Construction,-0.0008622374952539,0.0127398978756142,7.4468550870541055,76278.26086956522,-44.87173664564918,-6.180471137734034
1991,Construction,0.0004285042165222,0.0122115529182737,7.006087007258721,98940.7114624506,-42.915663329957226,-5.918848623248119
1992,Construction,0.0013163324363425,0.0101268411679476,8.22484039321659,82750.3937007874,-41.06330276351744,17.395635890550153
1993,Construction,6.305926320761241e-05,0.0119703426466249,9.498803926550824,96098.41897233202,-39.60677528254651,15.489218907942949
1994,Construction,-0.0003322363493089,0.0154615413706791,11.996288621501558,97786.83651804672,-34.85020219459003,26.292622884548923
1995,Construction,0.0007239727490099,0.0119227903756462,12.6568279190669,70064.88095238095,-33.283222587757486,5.506197111508504
1996,Construction,0.0005215984080375,0.0128850837599041,14.4471704734592,106486.41732283463,-31.552693742941507,14.14527056732149
1997,Construction,0.0020798614988313,0.012932128507037,20.02896223709046,109255.73122529643,-29.848808992176927,38.63588218804183
1998,Construction,0.0017850574795183,0.0184045906070247,29.303106762114027,151158.92857142858,-28.748393417105905,46.303669732070894
1999,Construction,-0.0007491670656241,0.0203647966061998,33.65566480727423,198906.74603174604,-28.022256149703583,14.8535719454417
2000,Construction,0.0007506264185465,0.0231866681137183,31.329889842442103,202968.8492063492,-26.914070163242187,-6.91050073784143
2001,Construction,0.0004440461829935,0.0191228245893754,33.793003616794465,200452.82258064515,-25.832108199431765,7.861865415867575
2002,Construction,-0.0010387295029406,0.0201101432913535,29.896554553319536,232863.29365079364,-24.793196847378493,-11.530342516042191
2003,Construction,0.0015484012703102,0.0167310021785015,28.28327467706468,253853.76984126985,-22.778133518610144,-5.396206687889804
2004,Construction,0.0006847696367659,0.0119022039642022,36.99307121549334,287215.4761904762,-21.255203262525665,30.7948660042946
2005,Construction,0.0013194706243049,0.0154656725067408,51.51153634843372,437890.6746031746,-19.81211445637668,39.2464444175692
2006,Construction,0.0014228508700555,0.0198947012838313,69.70424411211356,756227.6892430279,-18.62124385356349,35.31773473153845
2007,Construction,0.0004947181792155,0.0204108176623175,97.42126220155995,1077583.6653386457,-17.46588604706149,39.76374529629194
2008,Construction,-0.0013630665064163,0.0463735202572627,41.79204646872716,696324.055666004,-19.347742037349537,-57.10171935335697
2009,Construction,0.0015148649505528,0.0314560693281432,27.47653902882952,386956.6327683616,-18.755321697439346,-34.254143191121024
2010,Construction,0.0011304223058718,0.0357513380332327,19.019454919162296,210408.31413210445,-19.77010919563158,-30.779291747019887
2011,Construction,0.0001659955899614,0.054413617550605,15.27358025471418,160285.29656367312,-19.24024409040156,-19.694963290846516
2012,Construction,0.0010610069787337,0.0207906120160214,15.607797657446568,91896.5306122449,-17.348015166428343,2.1882060208459064
2013,Construction,0.0005979019123751,0.0241566259887024,18.23904884323612,68575.59439158738,-16.14852131763399,16.858568028232778
2014,Construction,0.0001522316512825,0.0189423227489868,20.830324750724035,124776.04446569447,-13.99950138614648,14.20729737476898
2015,Construction,0.0003854033157596,0.0182811696118639,23.102458953182627,128513.90289449113,-11.39215848978706,10.907819391436105
2016,Construction,0.0006659705867209,0.0221244092884068,26.0694127387735,125590.60014005602,-9.164794477257376,12.84258871145898
2017,Construction,0.0009522483669657,0.0166054779275411,31.27047609060807,122050.01265526132,-8.045304468840103,19.950826679340334
2018,Construction,-0.0005313244808298,0.0184722631795031,31.62615720477049,145003.60323412233,-7.289149406491963,1.1374342786844904
2019,Construction,0.0009645619071154,0.0143031674019683,34.77721126100721,107921.32426035505,-5.211413051034971,9.96344271558045
2020,Construction,0.0004228900274076,0.0299001358648052,34.63505396089174,126047.7025761124,-3.750812788648851,-0.4087656685539342
2021,Construction,0.0012548821277504,0.0356027579855499,49.74633521805792,85769.59173669468,-1.8636995436868955,43.63002082869314
2022,Construction,0.0005288951312932,0.0489106873822451,48.47690313539943,106211.4012880852,-0.6230031308748002,-2.5518102531454034
1977,Consumer products,-0.0005368929093412,0.011788461541389,1.6864126624647902,675935.9788359788,23.697308096388387,-9.998046075106616
1978,Consumer products,-0.0003028345436188,0.0139054762872901,1.5440469067248086,827768.7830687831,19.405361716338717,-8.441928770382079
1979,Consumer products,0.0008914136307988,0.0175285998398996,67.07084346341757,677013.054347826,7559.69695828673,4243.8345798500695
1980,Consumer products,0.001656189961603,0.0235608202308353,79.41827381906771,719574.8871208354,15487.143266767847,18.40953493060631
1981,Consumer products,0.0007844224564772,0.0214548309688146,95.02025957058396,565383.7843653931,19964.192116212933,19.645334758925912
1982,Consumer products,0.0017213792223509,0.021900419809383,57.70988572080574,887047.3478260869,6791.689019162753,-39.26570398606725
1983,Consumer products,0.0007680297311337,0.0195291254740356,59.944054597102806,1041113.032498902,1.3576295657712196,3.871379831014976
1984,Consumer products,0.0002225107951886,0.0186532639999239,65.1669844138924,1123281.5441370225,-23.284204403439706,8.713007239657134
1985,Consumer products,0.0010264102169372,0.0183286712116453,39.4875646582665,1165678.5917107584,-24.881397781823253,-39.40556707753922
1986,Consumer products,0.0006671102421213,0.0240359581434759,16.076416932200203,1254860.4167764604,-31.63221681172168,-59.28739320510439
1987,Consumer products,0.0004257766611739,0.0301216639337409,16.608589192921308,1487038.7767151766,-30.231478512335023,3.31026660334488
1988,Consumer products,0.0009222824068557,0.0207141630037335,11.42863796028224,974633.5869565216,-32.877691654649034,-31.18838796281865
1989,Consumer products,0.0016735003596262,0.0228436224484667,12.1056081573878,1238126.2892857145,-33.54760995618244,5.923454741135603
1990,Consumer products,-0.000360918195335,0.0293917800755282,9.396237516544554,1045275.623320158,-41.98395845355442,-22.381119606863987
1991,Consumer products,0.0020824548731351,0.0354183891966674,7.23956347972508,962480.0011857708,-50.183317421790086,-22.952527892383323
1992,Consumer products,0.0009869963327787,0.0304311118001632,8.494832696270768,771584.3434132778,-47.332339025948464,17.339018023133022
1993,Consumer products,0.0012871782608441,0.0285361473755341,9.853646248794984,891386.9410408433,-43.35117858370924,15.995765909795212
1994,Consumer products,-0.0005594569603326,0.0242025596971994,9.90804208411032,779912.5512566138,-44.792216213168274,0.5520376309631203
1995,Consumer products,0.0009865574976874,0.0193922847662545,9.403673409804624,878381.4933862434,-46.26232677642776,-5.090497900837132
1996,Consumer products,0.0008990868834289,0.0184696174545037,10.540252834734485,924728.690944882,-45.80406129901352,12.08654719702218
1997,Consumer products,0.0015053601764837,0.0212191637696502,14.046719853782214,1039347.4426877472,-44.23428941839418,33.267390014521034
1998,Consumer products,0.0016679939149565,0.0396930403020506,20.05760988411765,1131862.456679894,-40.0541121488183,42.7921257980876
1999,Consumer products,-4.170600010373471e-05,0.026015060158919,19.08298777918967,1186478.466931217,-41.493300866085015,-4.859113875276433
2000,Consumer products,9.64804036082927e-05,0.0302226484478016,14.836523713113133,1743532.4649555774,-41.80050986990092,-22.252616389071832
2001,Consumer products,0.0011297470982378,0.0246521514502306,15.71425278621631,1492832.9044665012,-39.36443061434633,5.916002225827355
2002,Consumer products,0.0003497039563553,0.0225924335425622,18.457715744907325,1770694.1424847958,-36.29637938880212,17.458437229019452
2003,Consumer products,0.001462069996523,0.0187753378409368,20.24237809220409,1738094.1950113378,-33.94080738923195,9.668923131992502
2004,Consumer products,0.000696351711516,0.0165113090675266,24.650048309307792,1699099.1836734691,-31.504913092510016,21.774468380279966
2005,Consumer products,0.0003673876257296,0.0164618577887372,27.74887259098408,1875007.1686507936,-29.94507482815236,12.57127062305261
2006,Consumer products,0.0005792145474736,0.0186446296445488,28.575445066613774,2011583.4877632328,-30.219137777022425,2.9787605709727494
2007,Consumer products,0.0001222010320303,0.0202477969493789,32.289832383987914,2758567.067159932,-29.679179054214178,12.998528312386126
2008,Consumer products,-0.0011699058586353,0.0367798484105958,25.333432886571323,4134993.2016129033,-28.53076133369379,-21.543622198751866
2009,Consumer products,0.002724219184021,0.0565772223379671,19.39418974790556,3508790.979427998,-27.43890446717888,-23.444288680726032
2010,Consumer products,0.0005425418771008,0.0276927009691534,23.98157676309347,2958956.681051587,-26.495556644795816,23.653408958130463
2011,Consumer products,0.0009498500305226,0.0514852795062072,24.104156754179197,2877122.499007937,-24.75308123240416,0.5111423335364851
2012,Consumer products,0.0049884472880886,0.1768666165008204,28.42902399918681,2858394.922233057,-22.112505240761863,17.94241254366955
2013,Consumer products,0.0033427503582588,0.1221552224383104,38.87032571269877,2109539.124281762,-17.98563882848237,36.7276122944306
2014,Consumer products,0.0050111395711697,0.2510842505778147,42.305961382841424,1641292.5544217688,-17.900845962802677,8.838710782966874
2015,Consumer products,0.0007331376801928,0.0244223218837444,48.0070251988813,1613265.3952117865,-16.015576265099707,13.475793079015409
2016,Consumer products,0.0007956665594015,0.0514601681683845,51.11473858806615,1980147.5223665223,-13.472825643869204,6.473455450135401
2017,Consumer products,0.0014109388867806,0.0242365888517677,60.40433214203047,1756785.824157914,-11.279684402993029,18.17400188393641
2018,Consumer products,-0.000546964086099,0.0291010736743458,56.98863187509318,2223419.495543672,-9.276022482624583,-5.654727311454833
2019,Consumer products,0.0014047394433321,0.0278036703749871,55.43644485699644,1838678.17305038,-7.205561929726158,-2.723678332020329
2020,Consumer products,0.0012004431761775,0.0412299596983496,59.85309224928377,1976576.669530847,-5.25783452564206,7.967046594853788
2021,Consumer products,0.0012994881084554,0.0501773520981231,79.8701009698369,1656826.3134920634,-3.033458935650323,33.44356651981111
2022,Consumer products,0.0009841839638504,0.1356150273606017,66.15546960014828,1800040.740903273,-1.1762385384651584,-17.17117069235705
1983,Distributors,0.0001754481461771,0.0144056569587317,2.4173715114593506,297571.0750988142,-62.1404704096261,20.85318091578745
1984,Distributors,0.0005321457951788,0.018483909053336,2.503012248178716,226242.60869565216,-70.92559375765406,3.542721353064371
1985,Distributors,0.0009556683825903,0.0132067585603971,2.9155784249305725,243874.7857142857,-69.91021149315311,16.48278697205956
1986,Distributors,0.0006808872261368,0.0145503513289226,3.959817375590208,227133.7351778656,-69.01509465392583,35.81584160901112
1987,Distributors,0.0012317174595596,0.0259176413075788,5.049357027875576,267820.3675889328,-68.2136547649522,27.514896495017616
1988,Distributors,0.0002925772723455,0.0165779135728068,5.33148264602239,261147.628458498,-67.39815498200308,5.587357293003947
1989,Distributors,0.0008579947116226,0.0119337575022559,5.817861348863632,295733.03571428574,-66.40721622194094,9.122766313496488
1990,Distributors,-0.0001621626613725,0.0133973029379813,5.836824466117286,276956.32411067194,-65.29818181308278,0.3259465311485687
1991,Distributors,0.0012289932661641,0.0148916594587997,6.647958561365783,271116.1067193676,-63.97829356934383,13.896838939685829
1992,Distributors,0.0003737811849721,0.012037752978627,7.822823282301895,214307.7755905512,-62.82512417220529,17.67256384183513
1993,Distributors,0.0005971364433158,0.0127678793227089,9.226037206385918,209159.8814229249,-61.66078263022319,17.93743605660387
1994,Distributors,1.3569719637169391e-05,0.0110379571010181,9.455177329835438,210676.7857142857,-60.53382243304279,2.4836245326532724
1995,Distributors,0.0006883673658403,0.0096027191143479,10.590114264261157,263415.4761904762,-59.17064384809672,12.003338433901911
1996,Distributors,0.00049334592612,0.0101588110033207,12.353483121226152,286485.23622047243,-57.91597760755517,16.65108433169511
1997,Distributors,0.0007312958002322,0.0128076164786099,13.918668324768309,330784.9802371542,-56.53849603062028,12.66999103153994
1998,Distributors,0.0001319850944598,0.0122648295185227,15.126573959986368,275111.507936508,-55.31548145543294,8.678313233950607
1999,Distributors,-0.0009061438760484,0.0164752035091336,13.722032569703602,326016.2698412698,-54.00818357658071,-9.285257811835878
2000,Distributors,0.0005921323900136,0.0189095068343844,10.609340425521609,455136.50793650793,-51.94852948597202,-22.683899986175504
2001,Distributors,0.0016281623199232,0.0151233195613421,15.225847855690986,374170.96774193546,-49.51734767783103,43.51361390067194
2002,Distributors,-0.0004321917226513,0.0159746327641187,17.36843524660383,401425.79365079367,-47.89277112847719,14.07203993642958
2003,Distributors,0.0005005931965368,0.0103574524529353,17.104990663982573,453797.2222222223,-45.84124192499067,-1.516800902791582
2004,Distributors,0.0013056247251933,0.0109437629504723,21.012947930230037,500205.1587301588,-43.87936128903637,22.84688336297267
2005,Distributors,0.0001429860780609,0.0092645041478401,25.138811633700417,385756.7460317461,-42.30058308740576,19.634863785745928
2006,Distributors,0.0004717528585655,0.0092248157285987,25.98388156662899,484590.0398406375,-40.55944622473304,3.361614483779718
2007,Distributors,9.006086474464446e-05,0.011585320102776,30.027082975167204,614221.513944223,-38.74314978519989,15.56042117175782
2008,Distributors,-0.000398539578445,0.0221941547376805,25.703242871129937,1224711.0671936758,-36.66500656218212,-14.399800698633092
2009,Distributors,0.0003894257837814,0.0195055829030039,22.904981537470743,1153885.3174603174,-33.67138526587465,-10.886802679681406
2010,Distributors,0.0014458313971376,0.0138605057736276,29.885822954631987,923932.1428571428,-30.75039082917801,30.477393774542616
2011,Distributors,0.0009740420646591,0.0169884202772324,38.60416173178052,1047725.7936507936,-28.312469656931988,29.172155608307527
2012,Distributors,0.0003394640241965,0.0108782922624352,46.47709432983398,847040.8,-25.977036261491985,20.393999623030638
2013,Distributors,0.0012448035344177,0.0117603886719194,40.553112231176485,485664.1488833747,-22.042887209943583,-12.746025077679713
2014,Distributors,0.0006183835051457,0.0098062211121942,39.97086002145495,316316.37103174604,-19.289234917455733,-1.4357768804582949
2015,Distributors,0.0002047776929321,0.0273558922449946,41.97884503243461,379495.3273809524,-17.439901676558627,5.023622233551772
2016,Distributors,-0.0002511579059773,0.0111092067314954,44.21339817463406,362537.95436507935,-15.648933090724867,5.323045787641223
2017,Distributors,0.0006912220200546,0.0161022728021114,43.783033135402725,421476.8924302789,-13.480441033952747,-0.9733815019860704
2018,Distributors,6.285602399925192e-05,0.0087162466432731,47.49587081438042,446881.6733067729,-11.109245038092247,8.480083295041329
2019,Distributors,-0.0002356193983562,0.0145222445401557,50.7418285665058,392931.2123015873,-8.846396931913265,6.834189365241805
2020,Distributors,0.0006261371497332,0.0316810960079598,45.24960968522687,447484.5177865613,-6.238563519823174,-10.823848955463722
2021,Distributors,0.0013639458228185,0.0168741358855417,64.1911144275514,349477.876984127,-3.411663840230751,41.86004006241974
2022,Distributors,0.0005827403971586,0.0195592927834882,77.21547109302722,412980.53684210527,-1.0170937068546253,20.289968139088188
1997,Diversified Consumer Services,0.0001685983216649,0.0253574126856116,5.423420723247905,4244.268774703557,-56.59719448082812,5.225718968496151
1998,Diversified Consumer Services,0.0023031826459391,0.0289400818468675,7.339804999412052,6429.36507936508,-56.59719547607141,35.335342285901206
1999,Diversified Consumer Services,0.0023210856661761,0.028413923947903,9.690090073479546,6448.412698412699,-56.59719759463272,32.021083315643416
2000,Diversified Consumer Services,-0.000425346225547,0.0434686196085752,13.356561687257557,16496.031746031746,-56.5779483985749,37.83733263545859
2001,Diversified Consumer Services,-0.0020333339255208,0.0318680003953379,7.39256433133156,49287.096774193546,-55.924360966811705,-44.65219040328152
2002,Diversified Consumer Services,-0.0004885116261464,0.0302014536378712,4.96699923749954,71229.36507936507,-54.52754790996552,-32.81087570049085
2003,Diversified Consumer Services,0.0011190253857693,0.0212978374657358,4.533854685132465,91285.71428571428,-52.44703227599611,-8.720447329585767
2004,Diversified Consumer Services,0.0005575346426348,0.0125343261537671,5.694753957173181,77953.1746031746,-50.83985635008595,25.605127483409795
2005,Diversified Consumer Services,0.0001023660462589,0.0096505315075416,6.116171738458058,87938.09523809524,-48.87110998060548,7.400105157380055
2006,Diversified Consumer Services,0.0011665210758113,0.0114816359926035,7.293622860395576,143741.4342629482,-47.002459601573015,19.251439826873877
2007,Diversified Consumer Services,0.0001115898051158,0.016246368247645,8.804301066227643,219444.2231075697,-45.17965026125291,20.712315878506125
2008,Diversified Consumer Services,-0.0010825552055182,0.0273429752682727,6.8700352167423535,266798.814229249,-42.72782391638291,-21.969555958336382
2009,Diversified Consumer Services,0.002014034298616,0.0201132501745408,6.8247418025183295,226264.2857142857,-39.50101363779501,-0.6592894038394914
2010,Diversified Consumer Services,0.0006811529014613,0.0166973691102559,9.378494327030484,175389.2857142857,-37.22043765942571,37.41903501125597
2011,Diversified Consumer Services,0.0009992994171897,0.0187760822805431,11.641184364046367,184619.44444444444,-34.983899752020406,24.126367816787077
2012,Diversified Consumer Services,0.000364456969432,0.0126593062143395,12.867723728179932,223704.4,-32.55697935552803,10.536207706852508
2013,Diversified Consumer Services,0.0007629946603369,0.0119407102007335,13.64339049657186,300778.5714285714,-29.886505282371672,6.028002969112856
2014,Diversified Consumer Services,-0.0004885685891956,0.013877563705203,13.740237622033982,375392.4603174603,-26.914246877587928,0.7098464673165994
2015,Diversified Consumer Services,-0.0017788328301552,0.0192523942783207,13.782368152860611,823321.0317460317,-24.057943928006832,0.3066215591429611
2016,Diversified Consumer Services,0.0001800004843749,0.0220371259379129,8.939189717883156,443475.3968253968,-19.672660780496404,-35.14039373539899
2017,Diversified Consumer Services,0.0004915460742458,0.0239692091658151,7.353468708783032,518211.5537848605,-14.260201458345234,-17.738979249179987
2018,Diversified Consumer Services,0.0009523928602645,0.013061846855991,9.924200295452104,300263.34661354584,-11.483011709411024,34.959441434741834
2019,Diversified Consumer Services,-0.0011266405721058,0.0177679790576416,9.280470541545323,252558.73015873012,-9.55616582164286,-6.486464750230581
2020,Diversified Consumer Services,0.0009700881892824,0.0310380216849158,6.741612326957491,486510.2766798419,-6.174373320291819,-27.35699879895398
2021,Diversified Consumer Services,-2.676116596453965e-05,0.0210684026218046,10.010500294821602,346177.7777777777,-3.3550398746264496,48.48822224311093
2022,Diversified Consumer Services,0.0016925689920344,0.0263353819997318,9.754897546367484,480884.9117647059,-0.8280208969443907,-2.5533463955476843
1981,Electrical Equipment,0.0002670033569936,0.0229606655499083,5.54813381072722,298612.84210526315,8.1717304376779,38.602201262118086
1982,Electrical Equipment,0.0014055201022957,0.0250784030545352,3.911219726791495,481491.3043478261,-36.36812719026126,-29.50386814338868
1983,Electrical Equipment,0.0015802672243726,0.020694850390021,7.21098433193482,536059.4861660079,-27.5624983962305,84.3666384309795
1984,Electrical Equipment,-0.0005471216773541,0.0215333212501211,6.213847084596694,464773.3201581028,-40.04795942859011,-13.8280323661524
1985,Electrical Equipment,0.0005697667252484,0.0181227711622273,5.467384737990205,568450.3968253968,-54.19059925209376,-12.012885680062368
1986,Electrical Equipment,-0.0004952150007903,0.0264953493185667,5.175824893439711,644056.1264822134,-58.15736783216906,-5.332711314873928
1987,Electrical Equipment,0.0006584529049931,0.0326513967931635,5.132030790148987,759328.7549407114,-61.641602369689096,-0.846127992974266
1988,Electrical Equipment,0.000280533159059,0.0235971752913475,4.263940186368618,502508.8932806324,-60.240646650610906,-16.91514800430821
1989,Electrical Equipment,0.0004272268547285,0.0204286044604541,4.3963918295644575,477125.59523809527,-61.86324046663641,3.1063203845887344
1990,Electrical Equipment,0.0004797190574074,0.0255413364456241,4.764565574793005,483233.3003952569,-61.83161618451535,8.374452494263274
1991,Electrical Equipment,0.0020095829363448,0.0226848673016916,5.75740379495583,434709.3873517787,-59.17947137474558,20.837958982356074
1992,Electrical Equipment,0.0011244564100851,0.0179414951274334,7.52013864737796,503176.4763779527,-52.17912428148769,30.61683555991843
1993,Electrical Equipment,0.0010441461923997,0.0251803641388855,9.140681318220148,555601.3536379018,-48.70045512063314,21.549372250034526
1994,Electrical Equipment,0.0017812467270252,0.0522283047457057,8.125129444116588,419601.72771250864,-48.81000411173744,-11.110242647659716
1995,Electrical Equipment,0.0018745797525366,0.040679123583388,9.63385859202771,573905.4232804233,-47.297843988641866,18.56867829968658
1996,Electrical Equipment,0.0032239241764736,0.04156546239851,10.785530430680687,752606.3063063063,-49.79345504718359,11.9544191732897
1997,Electrical Equipment,0.0003254860932164,0.0352842905376086,13.587690176464353,995099.0965556185,-43.59921216425306,25.98073190552219
1998,Electrical Equipment,0.0013038136993735,0.0450253232460134,12.02297717457861,871380.9523809524,-42.84746677335267,-11.51566588260916
1999,Electrical Equipment,0.0015206037576585,0.0371939184977736,13.230284318716484,674750.6235827664,-41.16002257957904,10.041665442820635
2000,Electrical Equipment,0.0014592848794281,0.054085494488877,19.101889599444103,986483.0498866212,-31.63401703864234,44.380038548538494
2001,Electrical Equipment,0.0004658436181087,0.0380926419550291,14.796125321206958,1216972.350230415,-29.91475458331004,-22.54103844450264
2002,Electrical Equipment,-0.0008967247484104,0.0363594735053018,12.444594641239329,1082932.9365079366,-23.33043862202748,-15.892881608654886
2003,Electrical Equipment,0.0029246527244862,0.0280072606806986,12.567701142897953,944834.4671201814,-23.89156067884766,0.9892367345632148
2004,Electrical Equipment,0.0007385340697106,0.0253876011190102,16.429466555280708,932720.3022670024,-21.940544462406077,30.727699270324
2005,Electrical Equipment,0.0012821919739189,0.0336552931748553,18.89823256742501,845876.4757324005,-20.704270497178904,15.026452647367282
2006,Electrical Equipment,0.0005640155844586,0.032724278692483,20.34167686556981,1047899.7175141243,-20.265279029507575,7.637985684613047
2007,Electrical Equipment,0.7540914030362107,40.54426904246165,69.12928276325094,1100841.7931034483,-6.881881535698925,239.8406297578088
2008,Electrical Equipment,-0.001720876089451,0.0592061474711945,31.06425857523308,1478251.8070506768,-11.536659928817835,-55.06353120772315
2009,Electrical Equipment,0.0022189013327962,0.0356239628686772,16.661472417688874,1431219.9376964846,-18.43280425117524,-46.36449353092645
2010,Electrical Equipment,0.0011726312890588,0.0330417600512425,20.855161471166586,1002111.0738239404,-18.353256095593697,25.169978669024616
2011,Electrical Equipment,-0.0006043796608853,0.0424367251190751,21.69225797820829,1008836.4847522236,-17.974746539211,4.013857711910007
2012,Electrical Equipment,0.0083066024091869,0.4758742142366404,18.80498437846648,720111.1138947369,-16.254888105013208,-13.310157027646984
2014,Electrical Equipment,0.0012758109122586,0.0571311668196498,26.616681267671623,543110.54455081,-12.393917027394997,15.967509803536473
2015,Electrical Equipment,0.0009956737774758,0.0579503771940755,23.879390390481277,567324.8424272487,-10.702222029598554,-10.284117879545862
2016,Electrical Equipment,0.0023441148163745,0.0780116211688412,23.914464001937493,515152.3096891535,-8.837101548706018,0.1468781693447329
2017,Electrical Equipment,0.001133361519412,0.0295254486900854,30.46301567982621,458516.0305444887,-7.52680127610242,27.383225805764116
2018,Electrical Equipment,0.000540641200235,0.0499601972653107,32.09192257839878,496935.9975759535,-6.265867124006111,5.347162328552035
2019,Electrical Equipment,0.0022572210320098,0.0670052084659576,32.01219275689521,412490.5096825397,-4.469666795208208,-0.248442022470896
2020,Electrical Equipment,0.0019588053546512,0.0498969062394219,38.43370713775775,458023.60932806326,-2.8017626712045955,20.05958926221756
2022,Electrical Equipment,-0.0008388647348888,0.03747972993722,51.18677739222208,454167.6603297443,-0.6417537497146871,-17.445547813652073
1981,Energy,0.000178072657221,0.0309458483057612,2.108471931908922,1684143.3665024631,-68.43883182858286,9.858324080372572
1982,Energy,0.0019838710828085,0.0756993586678982,1.6878265497973584,2045465.0186335405,-70.99874142665561,-19.95024812735965
1983,Energy,0.0010367979502573,0.0234279088884925,2.114651987818188,2147966.62676454,-68.69646373109782,25.28846569406522
1984,Energy,-2.656066350757007e-07,0.0246372385013417,2.0407407608504413,2289160.638621389,-69.13085353112034,-3.4951957765875785
1985,Energy,0.0004989597069112,0.0233250946187752,1.9899131690174163,2458681.613095238,-68.72345853513652,-2.490644221358307
1986,Energy,0.0002181378302797,0.0244463681222789,1.839372389375604,2955811.8453557314,-67.19458129369487,-7.565193395656888
1987,Energy,0.0006512179043226,0.037063489848552,2.5805335066248127,3052911.0128458496,-65.3231562588438,40.29423957488045
1988,Energy,0.0012369404221646,0.0263652767323794,2.459756002733815,2133538.217391304,-64.13987956744216,-4.680330775823471
1989,Energy,0.0016597656934781,0.0239591798735955,2.837066320789784,2334605.847699866,-62.52256874007768,15.339339253024288
1990,Energy,-3.570136470547168e-05,0.0252285675956876,3.260349314380069,1726659.301185771,-59.92084959104952,14.919742640082202
1991,Energy,7.285199700482508e-05,0.0295065755834864,3.33343092925449,1711170.5683794466,-59.14301302821896,2.2415271441034834
1992,Energy,9.901938551002716e-05,0.0174288642203194,3.2525632331162457,1503477.383070866,-57.87923846056759,-2.425959855011306
1993,Energy,0.0137013674383351,0.680131980426766,3.993798895995037,1446327.9287579262,-53.86649573150739,22.789277555985343
1994,Energy,0.0002829795703024,0.0330576636742958,4.826145014535888,1306084.0016644474,-47.30423086180402,20.84096220707368
1995,Energy,0.0014424153359088,0.0171782189393497,6.365685613010405,1423084.9333944393,-42.84947499013573,31.900007020874167
1996,Energy,0.0015223698658309,0.0518995688808091,8.004480473855423,1715272.42805863,-42.09271415543641,25.74420039682126
1997,Energy,0.0012962584482129,0.0241816193913168,10.651075760782238,1808021.3960928647,-40.16930179406273,33.063923331079856
1998,Energy,-0.0005184875673917,0.0353892969057653,10.483203657263054,2239027.5643788995,-40.95730006667716,-1.5761046798417944
1999,Energy,0.0010146640152086,0.036888812269536,8.996939520074372,2378768.538740245,-41.97492306230421,-14.17757572761602
2000,Energy,0.0011355182888241,0.0357421585786709,10.578869743053668,2749666.4396706973,-39.36222727542788,17.582981628915274
2001,Energy,-0.000364231312606,0.0311217419420044,9.302365109549775,3267764.3036794355,-39.69212515838445,-12.06655025072102
2002,Energy,0.0005244257489379,0.0291855432019435,7.919851459033885,3089264.133316844,-38.9710085234744,-14.861958590472934
2003,Energy,0.0021591758870647,0.0227535912527767,7.833190449479582,2886289.070028011,-38.06910633838174,-1.0942251884718424
2004,Energy,0.0021392368434709,0.0220638358154431,12.042626496220056,3469071.406395892,-35.0602557588565,53.73846166372911
2005,Energy,0.001759890380834,0.0208601082367796,19.87507160958233,5249371.657329598,-32.66687850170062,65.03934267014529
2006,Energy,0.0033512528652263,0.170110316233871,26.357541668824773,6397648.184694115,-31.82552455932708,32.61608404025604
2007,Energy,0.0011415940951381,0.0297198811707895,28.858053914257923,5893724.874014156,-30.824600986870728,9.486894782720622
2008,Energy,-0.0020839894207931,0.0621419482331256,26.53228098777988,7109843.431575132,-29.49912246341832,-8.05935470696777
2009,Energy,0.0226042567696021,1.498793541162571,17.67649426644006,5561809.670247934,-29.90342804764456,-33.3774043981314
2010,Energy,0.0018207848433629,0.0301502509671431,20.985653506738863,4327179.302489101,-28.527573870252425,18.72067611608628
2011,Energy,8.257905429663046e-05,0.03206706562881,25.32922372296724,3860744.124934997,-27.74410517038769,20.697807742006116
2012,Energy,0.0011773767477063,0.0408758794184128,24.196809241726463,3026235.491866958,-26.976809313861292,-4.470782419652131
2013,Energy,0.0008444775901796,0.0294412444300937,27.11562515158456,2271554.214602488,-24.79458831734476,12.062813244089687
2014,Energy,0.0001243015737161,0.0458648416934334,31.980909331967787,2472189.770939626,-22.4304814995298,17.942732845674094
2015,Energy,-0.0005509001848944,0.0447208721341432,25.52641216946929,2987095.2996490505,-20.42686425195216,-20.182344083777025
2016,Energy,0.0019964145644486,0.0532253694944732,22.599139122967603,3247610.221102971,-18.259768889618705,-11.467624306414814
2017,Energy,0.0016687134500688,0.0913923734313502,25.34241415422916,2647626.941873532,-16.12707350134477,12.13884748589187
2018,Energy,0.0004090663185844,0.0651838392996324,29.636775794309344,2932566.7727040555,-13.79531700254385,16.9453534061337
2019,Energy,0.0007718642871588,0.0413365938097089,25.04233939001843,3070987.5471102973,-11.580398995223511,-15.502483928002407
2020,Energy,0.0014480590794462,0.1151035492011982,17.201583510630773,5968263.43226601,-8.267524503349508,-31.309997669438527
2021,Energy,0.0025577520883263,0.0614932956324868,24.13091616461153,4554668.973370927,-4.407149676612776,40.28310910852107
2022,Energy,0.0016852066225443,0.0390575153760988,34.993569124027246,4848401.5341463415,-1.2562681694876554,45.01550163000445
1981,Financial Services,0.0010811354238093,0.0152669147321362,85.87838452421052,834410.1950718686,-0.5225300100253442,33.27080209734985
1982,Financial Services,0.0015382383835484,0.0162653795122617,90.74636816749737,988469.3669301711,-0.5505994350041717,5.668462058592261
1983,Financial Services,0.0007611655621587,0.0170490424768701,152.67867573611437,1030863.2542274052,-0.3281348492956558,68.24769830380863
1984,Financial Services,0.0006571529363439,0.052112354363171,143.1292995280526,901098.635924462,-0.3417960262678302,-6.254557921740589
1985,Financial Services,0.0031282353979363,0.0368960604558186,221.00631439811968,1153622.0608465609,-0.2125190187036507,54.41025361463716
1986,Financial Services,0.0008943415633407,0.0202026168618933,285.80762307833714,1339174.1924635333,-0.229893037934354,29.32102137293901
1987,Financial Services,-0.0003371595124942,0.0305955826666516,336.20775660075265,1486233.2737408688,-0.2001641302061143,17.634285950658946
1988,Financial Services,0.0011904342514532,0.0174008596985856,369.075071916276,907845.6435501258,-0.1379996755180778,9.775894419519094
1989,Financial Services,0.0016219943858203,0.0153352706795309,619.2785889956036,969298.5165945166,0.0610938367981107,67.79203910473962
1990,Financial Services,-0.0004465674500601,0.0231853505430479,626.0460420391605,1078084.4010061086,-0.1955375337949781,1.092796225125903
1991,Financial Services,0.0024402827006454,0.0212802228497044,749.4463584922358,1446019.842975207,-0.0861913426746625,19.71106087519301
1992,Financial Services,0.0007974737428872,0.0187815963115032,851.8617174944433,1529764.492841804,-0.0739196239511071,13.665468894698552
1993,Financial Services,0.0011000989076464,0.0196682905043615,1366.9783940182458,1711393.7513474668,-0.0869182951459323,60.46951822637372
1994,Financial Services,2.2256196726925875e-05,0.0177142499901981,1611.2741583436834,1664594.7918470418,-0.0615463547016876,17.871223524413438
1995,Financial Services,0.0018508156808715,0.018241888195141,2251.6900130015674,1462332.2132867132,-0.0338374782305974,39.7459272428351
1996,Financial Services,0.001272305736718,0.0175922807919455,2702.417014261784,1191604.7007797272,-0.0939451113831015,20.017275853143943
1997,Financial Services,0.0019701062392845,0.0230780653717872,3208.3906453754416,1180735.5521712906,-0.0946477432631705,18.72300346110254
1998,Financial Services,0.001077892295267,0.0305612381871367,4670.996606618251,1290681.9759070296,-0.088742274553094,45.58690393113452
1999,Financial Services,0.0013755081742638,0.0287530661639918,4685.708581095765,1527727.7861915368,-0.1981892931809295,0.3149643580701688
2000,Financial Services,0.0019656440955909,0.0334694577901431,3838.144544850613,1333588.176984127,-0.0887859304734748,-18.08827889264396
2001,Financial Services,3.5594643407799734e-05,0.0285560918899716,4187.059203596992,1428898.0459657705,-0.1009401207756822,9.090711792355366
2002,Financial Services,-0.0005488627672377,0.027902744460453,4127.247684930399,1353642.9794721408,-0.1394778677971,-1.42848514334859
2003,Financial Services,0.0015453619863667,0.0212249059463689,3876.515779943924,1310160.7126148704,-0.1969693186614416,-6.075038963664814
2004,Financial Services,0.0010941592338926,0.0156278943184301,4521.81892729177,1351478.674018616,-0.1862417233385252,16.64647286324683
2005,Financial Services,0.0009273891743756,0.0162189244966521,4036.975258808681,1512439.8017784364,-0.262956843470697,-10.72231498605084
2006,Financial Services,0.0013402674473458,0.0170942706023897,3914.1321469605537,2464209.4336283184,-0.2466847907395925,-3.0429493363895
2007,Financial Services,0.0044986219188079,0.3081582232756275,4305.20587046115,3940133.7447429914,-0.3151880270526278,9.99132652698702
2008,Financial Services,-0.0012659185515599,0.0481324392732228,3988.837673940784,6147473.688797744,-1.1228583321623022,-7.348503324568734
2009,Financial Services,0.0024114401349413,0.0411809296938779,2816.2013363213514,5398968.931360947,-2.3139243022899234,-29.397945804621408
2010,Financial Services,0.0006424267948886,0.0204562118153829,3085.198697530272,3381855.7035622094,-2.2361523124788127,9.551780184874747
2011,Financial Services,-0.0002099453678266,0.024600316925542,2865.458330691833,2824118.418118467,-2.269923783956356,-7.122405665941168
2012,Financial Services,0.0009505215863606,0.0592611209697098,3054.028306783124,2166422.789453314,-2.1359015164778663,6.580796310018666
2013,Financial Services,0.0010026559840344,0.0445218510976031,3800.563790440215,1837269.8161605203,-0.2254968204284393,24.44428828635952
2014,Financial Services,0.0005154933887325,0.0144866542148291,4074.467140538239,1518499.5831027185,-0.235845341303812,7.206913637050105
2015,Financial Services,0.0001996637133323,0.0195205238489456,4000.774089547435,1516144.2425298437,-0.3494015977138472,-1.8086549344724645
2016,Financial Services,0.2953851883413353,34.28143251567168,4073.189856953983,1633764.900058789,-0.1002961398292104,1.8100439011476288
2017,Financial Services,0.0025234558972877,0.1266229099343608,4970.836709115938,1325128.6354581674,-0.1912887110594529,22.03793301285577
2018,Financial Services,6.116803590537569e-05,0.0417276836688367,5841.470003730396,1878585.0396193005,-0.2846171351232935,17.514823872967234
2019,Financial Services,0.0020427212368033,0.0717211063119086,5827.580469865136,1974839.906546763,-0.0851528295954399,-0.2377746330356922
2020,Financial Services,0.0061882247947979,0.5771563408315162,5660.858553504505,2707452.8735177866,-0.0950024268069926,-2.860911440395586
2021,Financial Services,0.0042101734148707,0.3436587762806264,7520.108874959865,5902850.035164525,-0.0808997717136239,32.84396357694437
2022,Financial Services,0.000338145396819,0.0894725155310873,8245.700135092813,2304724.0995718925,-0.2222550162536843,9.648680254470657
1975,Food Products,0.0012059610989257,0.0165699003298862,0.7452513974881455,134921.73913043478,9382.993462583956,13.744308715369534
1980,Food Products,0.0021680358863385,0.0229531955442751,1.2391353412748916,427253.9147196262,107.7084073056238,59.401719413644805
1981,Food Products,1.7226434078773765e-06,0.019464653033314,1.6286821210455047,391993.26679841895,315.0220984749206,31.436984064212517
1982,Food Products,0.0015716759469014,0.0194965688514712,1.6925783992446812,580000.0494071146,90.40262180467434,3.923189023414797
1983,Food Products,0.0005618686151032,0.0211919002818276,2.1994338832839797,794094.2751976284,114.78767642335224,29.945761110119573
1984,Food Products,0.0007511599835199,0.0157091906517885,2.279891603976017,584794.206027668,22.33459573537144,3.658110448489871
1985,Food Products,0.0013852256496626,0.0210936932293355,2.7565377855688213,893814.7073412698,-19.26104842182765,20.90652822097145
1986,Food Products,0.0010585702463598,0.0223488036568953,3.3010756963856607,1098785.9906126482,-38.69583412453844,19.75441489202993
1987,Food Products,0.0004073618978213,0.0253231495439496,3.642104982092918,1144374.1363636365,-49.604052607987256,10.330853245220917
1988,Food Products,0.0007024518202705,0.0167733971862262,3.490701081812853,900019.550889328,-51.481103473020354,-4.15704382560278
1989,Food Products,0.0016551259907177,0.0171003685741624,4.497505105972763,882192.3616071428,-53.33795675309619,28.842458880410327
1990,Food Products,0.0006394402919027,0.0167206537101372,5.1715513718399135,795048.773715415,-53.77076135072421,14.987115077912971
1991,Food Products,0.0013756861524903,0.01567382402954,6.53570397039176,773482.9130434783,-54.90789260952853,26.37801503780699
1992,Food Products,0.0001086262618775,0.014810579831077,7.114389765978329,742675.6983267716,-56.97906756016439,8.854222868847007
1993,Food Products,-0.0002566391174699,0.0143018480603377,7.072809586294084,695579.726284585,-55.51095885423602,-0.5844518089673012
1994,Food Products,0.000429753172972,0.0131957890832619,7.085439906825149,747236.625,-54.45911360512502,0.1785757184180392
1995,Food Products,0.0009023478457162,0.0126499502904353,8.333921605218498,873681.6711309524,-53.54202619344206,17.62038369968717
1996,Food Products,0.0008783225649371,0.0153108042775446,10.051223615957264,870237.3675908222,-53.4852399488916,20.606169485244894
1997,Food Products,0.0006076658524088,0.02224728464416,11.053425378761744,782888.9308300395,-52.78730993505347,9.970942853299867
1998,Food Products,0.0004508564125458,0.0283614064167151,11.896003342100553,831361.5769841269,-52.46610596531851,7.622776962494848
1999,Food Products,-0.0001406093788158,0.0249725191602641,11.043053890409924,753471.9936507937,-51.579490075197775,-7.170050538503114
2000,Food Products,0.0002987360796589,0.0317087128366669,8.260110779816197,882196.7654761905,-50.665393696075625,-25.20084695964861
2001,Food Products,0.0015918305424574,0.0898268353664209,9.38645483446037,1112286.0680428136,-50.04689726686114,13.635943689719344
2002,Food Products,0.0016322078580291,0.0828353219752674,10.756805651469094,1205721.0292207792,-50.95992246647975,14.59923731777597
2003,Food Products,0.0024216810885473,0.1026335092761081,10.968144824072546,1300463.87987013,-50.42022114039523,1.964701970557492
2004,Food Products,0.0008294942048463,0.0150831767531207,12.720968508939722,1265072.3142135642,-47.77391793179217,15.981040668063873
2005,Food Products,0.0001171127653792,0.0142402056343753,13.648646260150755,1455291.436868687,-46.2444479623377,7.292508825559185
2006,Food Products,0.0009738497552653,0.0140127335373348,15.377040139016618,1933208.049619703,-44.57990021946381,12.663482120656644
2007,Food Products,0.0004395394907999,0.017612172680175,17.474275328334972,3309941.732343354,-44.174707554000605,13.638744325034155
2008,Food Products,-0.0004469647312036,0.0305054934458464,16.934115090389025,4217632.840459935,-44.25792535304067,-3.0911738987542736
2009,Food Products,0.0012608467134764,0.0237038579245859,16.398106164251914,3676053.6345598847,-44.75337225089074,-3.165260914290835
2010,Food Products,0.0009219711846654,0.0249545945349992,41.04687432751972,2420887.2108999314,-25.73538137337112,150.31472486135283
2011,Food Products,-0.0019062585403871,0.1556099976531308,63.07912460799874,1960012.2335004176,-18.11997715592086,53.67582950331396
2012,Food Products,-0.0014922812717448,0.1478991014181573,61.03163735662583,1696368.7911676646,-16.631678889051994,-3.245903084573376
2013,Food Products,-0.0026056940692323,0.1996218169423913,63.24589025553088,1429834.8542062533,-15.504974891300977,3.628041119012626
2014,Food Products,0.0007909284173104,0.035162470469021,69.34726203777613,1182820.7252463254,-14.09726891665382,9.647064429947982
2015,Food Products,0.0022297128394998,0.1369822753105758,60.40265511311362,1201068.237079456,-14.10073087155371,-12.898284174204369
2016,Food Products,0.0012135400187,0.0560900993428623,63.54117994015952,1194683.5068418172,-14.349472201261117,5.196004747090188
2017,Food Products,0.0004371956401432,0.0263634015761251,72.95604398078103,1089400.5767275724,-12.15596137046567,14.816948708676868
2018,Food Products,0.0086625482480124,0.7523326419363185,87.65287149100304,1401125.577689243,-9.789000350514288,20.144770341568453
2019,Food Products,0.0038310597585015,0.1250090275656069,91.16226143295968,1351624.95621237,-7.964743726447347,4.003736423303428
2020,Food Products,0.0015322007161169,0.1151018200678219,98.33328918957548,1231929.677524874,-5.621637700863853,7.866224075506678
2021,Food Products,0.0017326269516777,0.0935073336188184,111.42621302975056,1065969.619169657,-3.7037604457462576,13.314843780861828
2022,Food Products,-1.4571893707199816e-05,0.0635204705915772,106.54252470711904,1185077.007878294,-2.233303941160649,-4.382889976999915
1981,Health Care,-0.0004230705710914,0.0246677704991956,4.930123273844243,1526178.1480541455,37082.95167291355,-27.67194579667289
1982,Health Care,0.0018133574117024,0.022549161740935,3.076074279259989,1662664.976284585,-41.8273334830244,-37.606544331670776
1983,Health Care,-0.0001011950474464,0.0214729612297159,4.859298713843028,1669467.5098666667,-42.70409295122307,57.9707859009188
1984,Health Care,-0.0003359294032766,0.0224520118545533,3.825887655825501,1827116.500927644,-42.00410221102271,-21.266670745586723
1985,Health Care,0.0018512364713745,0.0229578329341619,4.68221763846361,1613277.9698412698,-35.71493992838261,22.382517723284813
1986,Health Care,0.0003261240135118,0.0248723252383373,4.662737263809786,2030694.7027667984,-34.85579358175533,-0.4160501744685074
1987,Health Care,-0.0004378456662077,0.0352867654370318,4.674175814489131,2209685.037944664,-35.64014234756356,0.2453183619872012
1988,Health Care,0.0009352421239993,0.0337817360912025,3.879320391550248,1860656.974703557,-38.33593346820779,-17.005253000432074
1989,Health Care,0.0017972820920048,0.0219841514555589,5.424675296480575,2068067.525,-37.16048886859555,39.83571215969546
1990,Health Care,0.0006413483672483,0.0282570828878258,6.139758372175311,2171552.806345733,-35.90333440261867,13.182043838802082
1991,Health Care,0.0029965925797955,0.046781543461465,7.515054159891764,2530111.617678764,-34.251452275433046,22.399835699547044
1992,Health Care,0.0002461203500244,0.0311723078642757,6.273867107180722,1568314.3177506777,-33.21485399646641,-16.51600941660969
1993,Health Care,0.0007753413164805,0.0323133461253091,5.644268336650646,1996683.688405797,-22.75663775035843,-10.03525831475569
1994,Health Care,0.0014179331344821,0.0356234506868538,8.243984590447138,1674850.9123677248,-17.59646522122281,46.05940218886162
1995,Health Care,0.0028786572484281,0.0336997680051411,9.62932444355914,2231740.7996779387,-18.84957846860645,16.80425088029991
1996,Health Care,0.0014225959191218,0.0597211411134331,12.116267452464635,2054224.0014021315,-17.287042460207484,25.82676514310369
1997,Health Care,0.0009642153073645,0.0263054554906977,14.10761755244691,2099115.404743083,-17.545830564886522,16.43534287927264
1998,Health Care,0.00062487521498,0.0321180568179245,16.651489098803708,2280554.6272486774,-19.579953283494635,18.031900403449576
1999,Health Care,-0.0002912871222942,0.0403421060219955,13.419978787428684,2641295.7481636936,-23.42802294471221,-19.40673469021569
2000,Health Care,0.0026191188509514,0.0429529443338746,14.839072327820231,2603104.902330744,-21.51897476777627,10.574484228849146
2001,Health Care,0.0012225950896795,0.0377424397174471,20.18617974100184,2354961.7240091306,-19.249583818594232,36.03397365451797
2002,Health Care,0.0004755788410899,0.0470460097274636,22.8507905731362,2820440.7240079367,-16.913913240274503,13.200173912659883
2003,Health Care,0.0019010651690828,0.0360065912911156,18.713434617533107,2731886.5008709114,-18.631838236372413,-18.105964178180532
2004,Health Care,0.0011495307712624,0.0290746999226093,22.76873803026101,2532287.623960695,-17.252481329489463,21.67054576356808
2005,Health Care,0.0008592445545056,0.0248539301320959,26.047808734771888,2558858.528533636,-16.773720743304256,14.401635699584215
2006,Health Care,0.0003484432659246,0.0202119525880476,27.073271422837585,3415308.626636312,-16.892459294644883,3.936848195206455
2007,Health Care,0.0008350071003919,0.0207266525442904,29.68585548650108,3789195.778220451,-16.450477351795957,9.650049389523186
2008,Health Care,-0.0014006064594314,0.0371589030962167,26.150276958252466,4738306.625635235,-15.884930666444738,-11.909976890699117
2009,Health Care,0.0019408716438674,0.0335045941030501,21.544850488143357,5022042.9355631145,-14.40110763833201,-17.611386974835607
2010,Health Care,0.0005517878771047,0.0216954783363739,33.54865614061584,4608060.37107603,-11.10852919655943,55.71542795842779
2011,Health Care,0.0002404080946683,0.022894734465546,37.16668381894176,4069045.45979021,-10.40056301876987,10.784419093156284
2012,Health Care,0.000917960383989,0.0209284251004036,36.22616527304793,3165334.566929134,-9.758371372693247,-2.530542004973013
2013,Health Care,0.0010371278489473,0.0181581139536224,43.23498103059128,2995501.771381848,-8.88918903382844,19.347385252387905
2014,Health Care,0.0010369131912637,0.0187472943000926,52.11075438557917,2447637.7225362877,-7.698807035503704,20.529148257767854
2015,Health Care,0.0004359247936681,0.0212296424842243,63.22385801200848,2365847.0021128887,-6.652281019009922,21.32593119685231
2016,Health Care,-7.269404169403735e-05,0.0238775366271818,65.50237930449123,2442227.2291299235,-5.748806349699427,3.6038947386759945
2017,Health Care,0.0008016363895782,0.0188333021875897,80.38065200461185,2075528.3581230636,-4.725911589830395,22.714095057460717
2018,Health Care,0.0001207328212988,0.02202197675518,98.10890314874352,1991273.1845949532,-3.61308494053864,22.05537116458636
2019,Health Care,0.0012943161376605,0.0204756901248461,107.8533331867349,1817840.2103174604,-2.6565172468295475,9.932258668938342
2020,Health Care,0.0015387355927869,0.0543815226839411,124.45666920185492,2109057.5129556432,-1.776757696752315,15.394365222235052
2021,Health Care,0.0015018320022447,0.0544373608612116,167.78487877641982,1590272.4852524106,-1.0802103526374556,34.813891334574734
2022,Health Care,-0.0005968954449377,0.0297672452793998,130.21976431295548,1773027.967572437,-0.4229978302225086,-22.38885574040399
1982,"Hotels, Restaurants & Leisure",0.001500120436683,0.0172495667533413,0.8776456647710837,6442280.039525691,-52.08553491485485,21.03394712361841
1983,"Hotels, Restaurants & Leisure",0.0007865377611054,0.0150683195996372,1.1764696247492854,5502706.719367589,-51.34391999010517,34.04836051416535
1984,"Hotels, Restaurants & Leisure",0.0005092834004679,0.0122569027044086,1.3095221260319585,4678281.818181818,-50.56300798158998,11.309471871067434
1985,"Hotels, Restaurants & Leisure",0.001902545081035,0.0113802722998229,1.8100168052173795,3585442.8571428573,-49.77143173405973,38.2196428174904
1986,"Hotels, Restaurants & Leisure",0.0006481973812124,0.0161729585631138,2.6474992079225923,5063584.980237154,-49.25065856337757,46.269316411381766
1987,"Hotels, Restaurants & Leisure",0.0006610650021039,0.024225958479268,3.239326642907184,5723788.14229249,-48.70584797248678,22.35420630962075
1988,"Hotels, Restaurants & Leisure",0.0001857923319999,0.0149644958225904,2.778057711626057,2137317.257683215,-30.311732422960876,-14.239654784154588
1989,"Hotels, Restaurants & Leisure",0.0018008232701342,0.0213684898106467,3.584219651562827,2160998.412698413,-15.694323782542355,29.01890542313124
1990,"Hotels, Restaurants & Leisure",-0.0010892124780197,0.0175757428317798,3.590974806325709,1735898.023715415,-34.060938915824586,0.1884693299958995
1991,"Hotels, Restaurants & Leisure",0.0010117342035824,0.0179308198196562,3.6723575865327134,1949258.4980237156,-35.52419187732427,2.2663144298212368
1992,"Hotels, Restaurants & Leisure",0.0023185390027581,0.0223289766688549,3.8185903273278,4106125.821596245,-35.669315143410515,3.9819853418237914
1993,"Hotels, Restaurants & Leisure",0.0018263720745055,0.0228218690519939,5.590531433568748,3884410.9442060087,-30.993494693842784,46.40301667240983
1994,"Hotels, Restaurants & Leisure",7.272266499133309e-05,0.0215613181592809,6.077293513076646,4440041.468253968,-32.8330788157776,8.706901755083617
1995,"Hotels, Restaurants & Leisure",0.00085492889741,0.0196603000732866,6.0162142367188025,5479903.328498294,-34.3936661890249,-1.0050407508937598
1996,"Hotels, Restaurants & Leisure",0.0006548470455024,0.022272248776336,7.225093310226605,4855936.02519685,-33.343695925537475,20.09368393382076
1997,"Hotels, Restaurants & Leisure",0.0014043988116719,0.0208769264019362,7.819870191514269,4999484.678864825,-32.3666878960566,8.232099652551184
1998,"Hotels, Restaurants & Leisure",0.0013095454716484,0.026987982200001,10.037002411014155,4605474.205847953,-31.65967775386233,28.35254505766358
1999,"Hotels, Restaurants & Leisure",0.0007597565310259,0.0275817325001751,13.488105317632629,4646556.641723356,-30.96723137072326,34.383800713561506
2000,"Hotels, Restaurants & Leisure",0.0006194942978344,0.0311357587951821,11.359199391032424,4577543.091059603,-29.13683939982801,-15.783580246939088
2001,"Hotels, Restaurants & Leisure",0.0006438075257784,0.0302101893106424,11.215886941960742,4274477.952116936,-28.887167727686126,-1.2616421645421538
2002,"Hotels, Restaurants & Leisure",0.0002215110241504,0.0254874486226337,11.904887119667324,4153006.383349012,-28.63110415757588,6.143073492733819
2003,"Hotels, Restaurants & Leisure",0.001948712274877,0.0209448896223821,11.388702537269282,2946091.0562130176,-30.73160902734282,-4.3359048868702565
2004,"Hotels, Restaurants & Leisure",0.0017820127342801,0.0156650063965148,17.841928388794948,2551337.6505028736,-30.932633379199025,56.66339805089847
2005,"Hotels, Restaurants & Leisure",0.0002438765786165,0.0171577664107666,22.92197891752609,2819866.724665392,-30.512485599284776,28.472541857759648
2006,"Hotels, Restaurants & Leisure",0.0012658659811867,0.0186962889024414,26.17720902744261,2901281.1057309224,-30.78051273985159,14.201348503237575
2007,"Hotels, Restaurants & Leisure",0.0001844680007624,0.0217250365204551,34.27861287511921,3871560.778436019,-29.494461445719526,30.94831018533553
2008,"Hotels, Restaurants & Leisure",-0.0019962440850683,0.0569791492311068,22.62840712826672,5266431.974025974,-29.32468026447245,-33.9868062610803
2009,"Hotels, Restaurants & Leisure",0.0027204044654323,0.0472213868499434,15.651114994272298,8650454.603794958,-29.00263741388403,-30.83421689579996
2010,"Hotels, Restaurants & Leisure",0.0018307132012764,0.0246615531109406,21.820939443623363,6710239.009079754,-27.72922454126388,39.420989824744
2011,"Hotels, Restaurants & Leisure",-0.0001040909061848,0.0275739159279373,25.845309608865268,4796017.170880361,-25.73490756124323,18.44269892980217
2012,"Hotels, Restaurants & Leisure",0.0013017538622447,0.0208547183104587,26.445506908796357,3196819.555763629,-21.254755612693355,2.3222677886791887
2013,"Hotels, Restaurants & Leisure",0.0015504997615897,0.016009041472384,31.36936193725029,2085385.9677186653,-17.025154447806887,18.618871800926428
2014,"Hotels, Restaurants & Leisure",1.1956379463802098,91.107196475448,39.58854471831847,2055069.8082616176,-14.428737894735574,26.20130685957025
2015,"Hotels, Restaurants & Leisure",0.0002882899208132,0.020247417315633,39.90608847339408,2019501.595497129,-12.077484388950738,0.8021101996423585
2016,"Hotels, Restaurants & Leisure",0.0003747197194054,0.0196514573323665,39.420368930527495,1896327.2895355676,-9.96474329688352,-1.2171564827517911
2017,"Hotels, Restaurants & Leisure",0.0013159584209952,0.0135597646875754,50.4440590470031,1546717.9386159068,-7.724635838391539,27.96445192053685
2018,"Hotels, Restaurants & Leisure",-0.0003847449225454,0.0191520510165112,57.12219366639241,1795324.591854803,-6.096701377474228,13.238694001937311
2019,"Hotels, Restaurants & Leisure",0.0010319389513309,0.0174859474801341,60.28606441611756,1483268.7694003528,-3.880074648526284,5.5387766937014415
2020,"Hotels, Restaurants & Leisure",0.0003419377097312,0.0479696009431071,50.38666015977724,4119316.42380325,-2.483869500660402,-16.420717378415727
2021,"Hotels, Restaurants & Leisure",0.000221517302639,0.024625987899025,65.49183682316033,2377286.9757317253,-1.1739713098114213,29.978523314472973
2022,"Hotels, Restaurants & Leisure",-5.551554397204787e-05,0.0319453594152436,59.84351217974584,2689072.9690009635,-0.4598141148125311,-8.624471258404265
1988,Industrial Conglomerates,0.0012751469711736,0.0185309543525596,49.77263540382913,648806.8537549407,-20.670594998817407,47.83088440820118
1989,Industrial Conglomerates,-3.18396750705028e-05,0.0151994599188513,48.984047609662255,680347.126984127,-20.454925467255485,-1.5843802277470065
1990,Industrial Conglomerates,-0.0006966027729618,0.0190638494785372,41.61813988186154,539073.3893280632,-19.990641831881767,-15.037360298391857
1991,Industrial Conglomerates,0.0010559493872355,0.0188987226244326,36.193379509119175,752617.5711462451,-19.661406100846644,-13.034605554552035
1992,Industrial Conglomerates,0.0003748059234326,0.0147829925001021,29.745585448159947,793737.7303149606,-21.07850582653769,-17.814843897997047
1993,Industrial Conglomerates,0.0011127561695348,0.0147364690146446,35.91664634862907,677015.5770750988,-20.24152247647885,20.746140334752997
1994,Industrial Conglomerates,0.0004375991976464,0.0141033822807752,45.985430463912,576833.0694444445,-18.005828976930903,28.033753534639928
1995,Industrial Conglomerates,0.0008710692434151,0.0149751210896844,49.92175013867636,574318.9761904762,-17.183689066117697,8.559927862050731
1996,Industrial Conglomerates,0.0006437509806666,0.0126344643606605,50.74188064214752,680745.9724409449,-18.431706216869152,1.642832034519892
1997,Industrial Conglomerates,-0.0007911473428771,0.0207084376516353,44.96270633222267,596786.9314381271,-19.869651047302344,-11.38935773918578
1998,Industrial Conglomerates,0.0009816706124224,0.0572065504821432,27.419950218506592,531106.4761904762,-22.741181774799724,-39.01623711014034
1999,Industrial Conglomerates,0.0037561748935825,0.0641690407447984,39.32375160585005,721295.4351851852,-21.376182096545545,43.41292122153162
2000,Industrial Conglomerates,-6.394146439405486e-05,0.0460436860898759,46.64038979612961,1597229.828042328,-17.794536601414546,18.606155037331405
2001,Industrial Conglomerates,-0.0004739219331428,0.0292877845434864,34.466969873636,2065062.9744623653,-18.05766226195266,-26.10059644806787
2002,Industrial Conglomerates,-0.0010398286001485,0.0329816820694211,24.855378791768715,1412494.5965608463,-18.962418066158083,-27.886382577597136
2003,Industrial Conglomerates,0.0031469589920823,0.0499901144121001,20.826219439979585,1292952.8862433862,-18.32105289785914,-16.210412182989764
2004,Industrial Conglomerates,0.0008880299859282,0.0161990478549734,28.976674577546497,1188870.6984126985,-17.13276001467786,39.13554815388471
2005,Industrial Conglomerates,0.0003164653914159,0.0127638354656287,29.351586687501776,1348001.5251322752,-17.178772403533213,1.2938410477432385
2006,Industrial Conglomerates,0.0017841096251817,0.0628983093602903,31.366133913100956,1300894.8167330676,-16.256256370564827,6.86350365671029
2007,Industrial Conglomerates,0.0012321893824137,0.0183539235820105,36.78175342922033,1710895.390438247,-16.95107354830892,17.26581774828613
2008,Industrial Conglomerates,-0.001784921950842,0.0326560736066504,25.61808382939929,1390033.9102455543,-19.054257494938103,-30.35110770698698
2009,Industrial Conglomerates,0.00154538906352,0.0282920074329574,15.783182469294184,1327454.7468253968,-21.479289364244995,-38.390464429734514
2010,Industrial Conglomerates,0.0012657428116545,0.0192149572186357,17.980999210728267,914135.3509336768,-20.79644894651404,13.925054378037416
2011,Industrial Conglomerates,-4.590140562728855e-05,0.0273292312196718,21.86522658498717,749901.3344671202,-19.69853840860201,21.601843861610305
2012,Industrial Conglomerates,0.0009929863351656,0.0180466647617421,23.05556827590264,496375.62221069017,-19.30584938188891,5.4439943089031
2013,Industrial Conglomerates,0.0006443488411716,0.0168859516814048,26.980278999709668,390353.2168441433,-18.41209663367808,17.022832301683422
2014,Industrial Conglomerates,0.0004225936375895,0.0210736000871719,25.66654880416244,282444.7369196758,-15.316420402846283,-4.869223908178888
2015,Industrial Conglomerates,-0.0003392951549727,0.0213727132452769,23.917432011987167,278381.19973544974,-13.328014355125456,-6.814772042478934
2016,Industrial Conglomerates,0.0012432913035299,0.0513360607321851,23.24100208183918,297801.6785714286,-11.829743412470416,-2.82818795014852
2017,Industrial Conglomerates,0.000404629409094,0.018721608226757,28.072730947132527,242755.5235723772,-10.099156148190774,20.789675282843856
2018,Industrial Conglomerates,-0.0001286259652685,0.0234301803401776,29.918845282528665,268044.9565073041,-8.195404301146782,6.57618362414687
2019,Industrial Conglomerates,0.0007725408540518,0.0287271058368318,31.393681925440596,233587.5291005291,-6.401645868318441,4.929457099646717
2020,Industrial Conglomerates,0.0003597806503408,0.0352511838055323,29.709737694094617,300156.42424242425,-4.135778243328918,-5.36395901361717
2021,Industrial Conglomerates,0.000316424392442,0.0258403877602321,39.11933202751808,232112.59424603172,-2.267162072780047,31.67175163345115
2022,Industrial Conglomerates,-0.0001383089066708,0.0261487514609355,36.01618739242634,272496.8335674157,-0.6404027054947906,-7.932509258871978
1981,Insurance,0.0003957042404711,0.0187938689848825,1.592973245037504,180792.49802371545,1328.1835552363293,9.667096816966158
1982,Insurance,0.0004120499983924,0.0203345049776387,1.3536402854641436,251889.1405985319,2382.3224096607723,-15.024292486954216
1983,Insurance,0.0014777229713953,0.0159347482539076,1.8312397559506284,278680.5403726708,36.16337071940404,35.28259875353243
1984,Insurance,0.0006299230862966,0.0194920237500932,1.737796979929943,337207.9543546695,-34.39612158480942,-5.102705733481495
1985,Insurance,0.0016374479215939,0.0153140416910891,2.290246884456821,304434.53819444444,-54.38799478795777,31.79024425218815
1986,Insurance,0.0008627291137178,0.0182747216236096,3.241368143305284,374781.5601357905,-45.803469742633446,41.52920217044813
1987,Insurance,-0.000461871237341,0.0236424106355661,3.5273253798720394,476719.65085639,-36.06898410697463,8.822115351425651
1988,Insurance,0.0010307420159739,0.0149931455104523,3.4438622587466377,247456.34255599472,-42.48189140607463,-2.3661871853860483
1989,Insurance,0.0012938025429119,0.0127253476509653,4.181053117837435,260341.50881834212,-43.91585571003928,21.405933330187587
1990,Insurance,-0.0003287005107428,0.0184657016302232,4.098837783318839,272023.90118577075,-53.663720704727545,-1.9663786180530665
1991,Insurance,0.0011400834566851,0.015285473056785,4.6808719115923205,223909.91743522175,-54.78117015501228,14.199979580607058
1992,Insurance,0.0011285758836934,0.0155637182402748,5.5409291659857445,229806.53543307088,-53.54993068759622,18.37386860049441
1993,Insurance,0.0003453837325811,0.0148309496005766,7.200555066136765,288711.6587615283,-52.37451800769509,29.952122657315527
1994,Insurance,-8.798398499812545e-05,0.015229358835888,6.651746608835437,255082.82987382988,-49.75512339824288,-7.621752104671753
1995,Insurance,0.0014344716181374,0.0144745997326232,7.0868679475943015,262266.76442307694,-47.32874166535631,6.541459925441195
1996,Insurance,0.0004305372420989,0.0148417910109553,8.313851368356877,276043.8651574803,-45.0360925399402,17.313479379548568
1997,Insurance,0.0014015969079646,0.018420450994646,10.974545633839996,318023.2529644269,-44.198013347342005,32.003149293838874
1998,Insurance,0.0003063762010136,0.0223868913812962,13.553123251234412,350632.0416666667,-43.59899449222739,23.49598519544516
1999,Insurance,-0.0001922551121059,0.0235282684740496,13.213019671894257,443503.9381613757,-42.26691524909414,-2.509411100568137
2000,Insurance,0.001774130872549,0.0301995082632403,12.483974772295486,784147.3555869872,-42.36983432980039,-5.517625173521379
2001,Insurance,0.0002310533849368,0.0230384105143593,14.250486116764502,704002.9919614148,-41.94517573427506,14.150231610442445
2002,Insurance,-0.0002580115373915,0.0230552828308779,14.247775440355616,912487.7393353176,-40.79447954064911,-0.0190216416947164
2003,Insurance,0.0011864376993624,0.0207110066907464,13.724100624700093,905387.466055908,-38.957814649826986,-3.6754847649567712
2004,Insurance,0.0005859856323864,0.0153816702385996,16.542130793238726,988268.9509130178,-35.73070143141862,20.53344146622516
2005,Insurance,0.0008128999259208,0.0134595408103977,18.473976179227105,917763.0710811822,-34.01384547438362,11.678334611995588
2006,Insurance,0.0005898949585746,0.0128753872039357,21.493414705622587,1050957.1265845709,-33.004701754468094,16.34428071738374
2007,Insurance,1.1141049092510206e-05,0.017623051989325,24.055832055201357,1506340.5910901846,-32.16827420151633,11.921871813641816
2008,Insurance,-0.0001397938842504,0.0589374066049995,19.58847050577661,2649545.769094453,-30.368939558919056,-18.570804531613827
2009,Insurance,0.0018424566275332,0.0481759203438213,14.3401938752381,3299316.230255164,-27.675611522337164,-26.79268209833331
2010,Insurance,0.0007453049148163,0.0201818782355528,16.323074363200487,1744758.7755755263,-27.29370422209593,13.827431520199474
2011,Insurance,-5.3429935868846245e-05,0.0269476404464205,16.862402495929405,1534125.3274364749,-26.042315858965363,3.304084271923702
2012,Insurance,0.0009086903067748,0.018918438999255,17.29647903411012,1339571.4471578947,-24.423374896966656,2.574227120278394
2013,Insurance,0.0014214200762467,0.0153458179389304,21.736843311925952,1094214.1472751084,-23.587821257002048,25.6720704199916
2014,Insurance,0.0002509458244537,0.0136735003318721,25.1879403879698,919211.376915616,-22.178029606863365,15.87671690189898
2015,Insurance,0.0001451906964024,0.0170581630564097,25.57827741330197,865145.9012287335,-23.490397065386187,1.5496980670900884
2016,Insurance,0.0001718408656252,0.0394884902163156,31.55226829213469,917023.6239387228,-4.907938965623857,23.355720099141443
2017,Insurance,0.0004267830474134,0.0308193923161619,36.1526980548531,659329.4375057908,-11.46680340473536,14.580345603441746
2018,Insurance,-0.0005787834231086,0.030792755890174,37.05648316831614,702104.5262670249,-12.036071847748785,2.499910551881257
2019,Insurance,0.0005363103934286,0.0287857665910888,42.86585983416171,621075.5159653008,-4.823475414359596,15.677085813725244
2020,Insurance,-0.0001483212343522,0.0622774571401164,38.07081563375893,871859.5197042114,-5.426699936369469,-11.186161245694626
2021,Insurance,0.0009420248251752,0.0243482862583932,49.28764114588261,710772.4153138528,-3.7376161242103945,29.46305542815129
2022,Insurance,0.0003697774309284,0.0354110490075959,52.77981949494398,664291.795580639,-1.5275606870111944,7.085302254017689
1981,Leisure Products,0.0011495356618161,0.0293516303481353,0.5835334922466795,221990.7450592885,4446.516156308354,-19.282483787937764
1982,Leisure Products,0.0070847032182447,0.0593455198212496,1.142877858132124,707384.4683794467,-50.08579320193276,95.85471499363236
1983,Leisure Products,0.0004449755368069,0.0304661110050501,0.9523852116800108,389254.0790513834,-32.998028941736514,-16.667804446176515
1984,Leisure Products,0.0033983808128249,0.0290518199963155,1.2877011003465992,461757.4980237154,-4.491424276718712,35.208010850471936
1985,Leisure Products,0.0015404394762257,0.0224528115085721,2.162632946457182,645418.2281746032,-48.82367769746583,67.94525887064047
1986,Leisure Products,-0.0001304809078437,0.0282574331308798,2.673241364626074,730433.8636363636,-47.964679632446135,23.610498443823747
1987,Leisure Products,-0.0004692598232913,0.035591257601958,2.403158319208462,727177.3498023716,-47.727278163678655,-10.103204633577525
1988,Leisure Products,0.0012454087384433,0.0231391007899359,1.7305546967172811,379620.27075098816,-47.47725469257523,-27.98831925117272
1989,Leisure Products,0.0020963532405284,0.0230917272769521,2.6011752980569054,662678.7003968254,-47.670455989318064,50.30875955502125
1990,Leisure Products,0.0001095394695489,0.0283614649072078,2.7279604018441304,608708.1976284585,-48.08728036942217,4.874146847462924
1991,Leisure Products,0.0035906955921847,0.0223596858648222,4.122204785290443,734104.8774703557,-47.15552512988653,51.10940695853903
1992,Leisure Products,0.0008639032757024,0.0195119447434755,6.612604529838863,615217.5078740157,-46.94562949896783,60.41426552691147
1993,Leisure Products,0.0005663142816147,0.0176454281101263,7.726729621057925,866062.7845849802,-46.41594369639981,16.848506306277034
1994,Leisure Products,-1.8070994116362304e-05,0.0153044001925977,8.271866147480313,659322.3948412698,-46.4700741934244,7.055203859297854
1995,Leisure Products,0.0011213539709366,0.0145544709432592,9.36174702455127,607053.8412698413,-46.16295488066056,13.175755719922332
1996,Leisure Products,0.0009940253788753,0.0240948899737211,11.790776505245,944588.3366141733,-45.77730549258977,25.94632683753979
1997,Leisure Products,0.0012106397806263,0.0202314937424221,13.860808513852447,944960.7707509882,-45.280709125974525,17.556367111925297
1998,Leisure Products,-0.0001559832258876,0.0295245188049627,16.88988533284929,1133783.3333333333,-44.75009690991663,21.85353629241462
1999,Leisure Products,-0.0010577633723057,0.03165668254313,13.385321274636285,2135680.853174603,-43.33948216570018,-20.74948402045659
2000,Leisure Products,-0.0002441431905783,0.0350999181461671,7.481960028883011,1963734.7222222225,-41.94829940653944,-44.10324656860868
2001,Leisure Products,0.0015373201419695,0.0244324324493072,9.31256656300637,1474329.435483871,-41.58278636268512,24.46693816936434
2002,Leisure Products,-0.0001326133450073,0.0234178401468229,9.71848604414198,1498121.4285714286,-41.07741121504334,4.358835755849544
2003,Leisure Products,0.0014267353306696,0.0171319214947211,11.166670658285655,1807790.2777777775,-40.39307928710835,14.901339648644107
2004,Leisure Products,-6.8134002338479615e-06,0.0131193766586511,11.407564511374822,1760913.888888889,-39.16461292430413,2.1572576147432576
2005,Leisure Products,-0.0001481209778517,0.0135888253498406,11.899926270757405,1402380.753968254,-37.980519667147725,4.316098838552551
2006,Leisure Products,0.0015136550561178,0.0140945850086249,12.685470955305366,1808608.3665338643,-36.29727689916834,6.601256736172734
2007,Leisure Products,-0.0002217901710146,0.0166211267737575,17.51456652599502,2968477.888446215,-34.85197431232286,38.06792501203915
2008,Leisure Products,0.0005136517070316,0.0296456298292008,16.85553748145876,3085835.7707509883,-32.491236177758495,-3.762748244771752
2009,Leisure Products,0.0010548278491427,0.0241846506236342,15.038078235255348,3117889.880952381,-29.89176061944146,-10.78256476960544
2010,Leisure Products,0.0015065170861843,0.0172319722972784,23.100371589736334,3516270.238095238,-27.648089351745845,53.61252434223744
2011,Leisure Products,-0.0004053513769466,0.0167345420646744,30.77862477863536,2028258.9705882352,-19.188353705318907,33.23865661239205
2012,Leisure Products,0.0012134731777528,0.0145018181855363,37.40925847625732,1449465.2,-15.290688169699036,21.54298233046637
2013,Leisure Products,0.0014869547015104,0.0136158411607473,49.2391664691703,1287966.1375661376,-13.66184014070069,31.622941685468355
2014,Leisure Products,0.0001683610551468,0.014059727970145,58.57057413979182,1640601.1904761903,-11.368436717749256,18.95118934733413
2015,Leisure Products,0.0006440293067673,0.018765114910019,72.09856946884639,2286940.211640212,-9.297057045270645,23.096914325557005
2016,Leisure Products,0.0004552197852838,0.0171866480289375,81.76350919279471,1781588.6243386243,-7.766403687552156,13.405175435726946
2017,Leisure Products,-0.0003881541223593,0.0209482937743941,82.75602157182428,3066584.06374502,-6.630522421730357,1.2138818267807716
2018,Leisure Products,-0.0004635021926027,0.0193060194126211,79.74148264729169,2062688.3134130144,-5.247074174145745,-3.6426822692488425
2019,Leisure Products,0.0012864587106448,0.0260275903611439,84.4569455656425,2314601.71957672,-3.82163396230091,5.913437726268511
2020,Leisure Products,0.0012471629816029,0.0318540159932708,91.17579857948112,1906568.7747035571,-2.294569550678521,7.955358755682829
2021,Leisure Products,0.0007819319668975,0.0183243348274187,123.3903318082214,1155909.259259259,-0.9414909932642492,35.33232911654483
2022,Leisure Products,-0.0014753538869085,0.0245408040020148,97.0538616287424,1522412.8765778402,-0.2146220148645298,-21.34403060072184
1987,Life Sciences Tools & Services,-0.0003364800961249,0.0326842600220144,5.235671440132051,143456.43083003952,197.9412852823048,16.818645009116516
1988,Life Sciences Tools & Services,0.0017615494551225,0.0197796244364694,4.100181299707164,73874.0395256917,-17.84965597002416,-21.687574428777523
1989,Life Sciences Tools & Services,0.0018290600751428,0.0193220290599567,6.69711572972555,162147.57539682538,-17.868864692613407,63.33706341726548
1990,Life Sciences Tools & Services,-8.954247286190091e-05,0.0169927888573001,7.109422444354875,157498.00395256918,-17.839136618462025,6.156481853811724
1991,Life Sciences Tools & Services,0.0020093764461541,0.015144900601032,9.05594270879572,253313.35177865613,-17.78812873037229,27.379442981144678
1992,Life Sciences Tools & Services,0.0001147941494102,0.012055557755372,10.29041419066782,231967.6968503937,-17.91320343426656,13.631617619147509
1993,Life Sciences Tools & Services,0.0012509947340968,0.0136712126176759,14.068524990157176,317869.6442687747,-17.81263704393977,36.71485646239245
1994,Life Sciences Tools & Services,0.0003834828490137,0.0156231790066885,15.283290431613016,340187.5,-17.78051226925247,8.634632573818003
1995,Life Sciences Tools & Services,0.0023033938066656,0.0147307924158247,21.823676623995343,365688.3928571429,-17.637595888545324,42.79435911820233
1996,Life Sciences Tools & Services,0.0008727055412795,0.0194948731782291,31.518956522303306,445469.094488189,-17.7470682039353,44.42551117921123
1997,Life Sciences Tools & Services,0.0009739469055731,0.021288063056883,28.485757272285326,481365.9649122807,-16.6511256943623,-9.623412652863806
1998,Life Sciences Tools & Services,-0.0005397627092128,0.0278881301852983,22.198620803772457,422536.1111111111,-10.34229453136543,-22.07115790679652
1999,Life Sciences Tools & Services,0.0018013538299105,0.0284503548265064,20.95952823546049,638610.5018726592,-6.802225379606898,-5.58184483290689
2000,Life Sciences Tools & Services,0.0010280460052667,0.0506654728615188,32.11861840552754,1582772.736111111,-9.047441126201065,53.241132360925405
2001,Life Sciences Tools & Services,-0.0001605667209591,0.04337666879095,22.892153289048903,1155788.7651209678,-7.0763271326384105,-28.726220412054797
2002,Life Sciences Tools & Services,-0.0016094936807327,0.0382071709873784,17.960727058824094,1204146.3948412698,-4.234498975613852,-21.541993747630084
2003,Life Sciences Tools & Services,0.0023091312619493,0.0348991242080025,17.50481382751512,1065350.6398809524,-3.9296318654739855,-2.5383896198399314
2004,Life Sciences Tools & Services,0.0007743098554837,0.0244751413404818,23.28824335336685,1426782.8720238097,-3.977998126659037,33.03908046574586
2005,Life Sciences Tools & Services,0.0009950119507599,0.0205732022406217,25.055232293785565,1496330.9761904762,-3.7335256021913934,7.5874719857874195
2006,Life Sciences Tools & Services,0.002152649254522,0.0234012090375912,34.3450393895229,1918685.2071713144,-3.2912514091128697,37.07731377945149
2007,Life Sciences Tools & Services,0.0012287406401047,0.0179209070201444,48.22653059750439,2303292.486055777,-2.22581656904941,40.41774723430975
2008,Life Sciences Tools & Services,-0.0015182311589749,0.0312497052000052,49.837894972134016,2710830.1571146245,-2.152491525144691,3.3412405053101724
2009,Life Sciences Tools & Services,0.0014131306706937,0.0265792022338261,48.66525416835162,2423048.652315191,-6.009332150066951,-2.3529099783168084
2010,Life Sciences Tools & Services,0.0015122790038646,0.0185503976929298,60.30161410286313,2041523.231746032,-4.454416680028733,23.91102262459559
2011,Life Sciences Tools & Services,-0.0007595760483927,0.0273110500071467,71.79724556605021,2342140.5087301587,-3.807084977385199,19.063555153893084
2012,Life Sciences Tools & Services,0.0012815338878269,0.0225678299827156,68.0289762298584,1845386.8624,-2.930451340486491,-5.248487329120688
2013,Life Sciences Tools & Services,0.0020441599105262,0.0152744024506124,95.90360807539923,1520851.650793651,-2.4897394067008745,40.97464549717343
2014,Life Sciences Tools & Services,0.0009694879285596,0.016550136723975,134.9196367112417,1353438.4261904762,-2.0744516180632013,40.682545129238655
2015,Life Sciences Tools & Services,0.0006766989814604,0.0154647489453946,161.79698341468847,1051978.8569472963,-1.872364078657721,19.921004353851263
2016,Life Sciences Tools & Services,0.0001485554009358,0.0170854869010404,177.0179950585014,904859.98805574,-1.7138889065455305,9.407475542854373
2017,Life Sciences Tools & Services,0.0017640135100544,0.0159299888163374,239.84915131477027,751309.1096345515,-1.2484598776891938,35.49421980262755
2018,Life Sciences Tools & Services,0.0005684038135347,0.0172859331859756,298.988712642614,871270.5199203187,-0.8801705397080812,24.65698169189303
2019,Life Sciences Tools & Services,0.0009675859853063,0.0154182354344266,338.72281422271084,859755.5254596889,-0.3684083146826816,13.28949886733406
2020,Life Sciences Tools & Services,0.0013959486036283,0.0225869314242367,440.260974217592,985049.8023715416,-0.2133351289150216,29.97677030638972
2021,Life Sciences Tools & Services,0.0010068600844915,0.0154999310526678,637.1081585172623,829601.4285714285,-0.0532841739447621,44.7114770164438
2022,Life Sciences Tools & Services,-0.0007098526290831,0.0246483166370569,569.6253934651863,925509.1344537816,0.0049038053292974,-10.592042206636965
2000,Logistics & Transportation,0.0011058826730386,0.0312923959586471,20.9499801293252,979770.6349206348,-41.75372054933602,126.26288270513513
2001,Logistics & Transportation,-8.485097390302912e-05,0.0196786792876548,20.800899214321568,894496.7741935484,-40.810927102674114,-0.7116040878480501
2002,Logistics & Transportation,0.0006277080296,0.0170583356890179,22.86272424364847,1920252.380952381,-40.1067731807233,9.912191814800586
2003,Logistics & Transportation,0.0008570612235731,0.0135245010284832,24.88975393204462,1705790.873015873,-39.22338583676558,8.866089914719089
2004,Logistics & Transportation,0.0011527287444648,0.0119573745627823,29.793166851240493,1586131.150793651,-38.25902895115088,19.70052790631616
2005,Logistics & Transportation,0.0004682224412878,0.0138292892592038,32.60631901877267,2091281.150793651,-36.94194567973251,9.44227306072718
2006,Logistics & Transportation,0.0004186463977246,0.0179027209868497,39.24645249872093,2227269.123505976,-35.197319781844065,20.364560244059703
2007,Logistics & Transportation,0.000675330119412,0.0181758356299,41.13375551292146,2762087.051792829,-33.65406078409252,4.808849957233807
2008,Logistics & Transportation,6.740003040639465e-05,0.029397072597294,40.1747194410784,4186509.881422925,-31.87156391579,-2.3315062286053623
2009,Logistics & Transportation,0.0005428541479186,0.0213698777368114,36.76697835846553,3550873.611111111,-29.651464142890827,-8.482302129354691
2010,Logistics & Transportation,0.0012797829290863,0.0138983417220402,46.02062027794974,3281022.8174603176,-27.92954077977617,25.1683503312792
2011,Logistics & Transportation,-4.045413155169277e-05,0.0159221795507096,53.12283033037942,2976691.865079365,-26.23971518234709,15.432669115571706
2012,Logistics & Transportation,-2.53500125158812e-06,0.0122262606507337,51.50839728546143,2562940.2,-24.712628460946878,-3.039056908070548
2013,Logistics & Transportation,0.0006121002214242,0.0117334767479793,48.48018781609811,1881049.604863222,-20.9446096471574,-5.879059782390184
2014,Logistics & Transportation,0.0001436784238878,0.0121672690625408,102.24837340627398,1232817.6091836735,-8.909488336739523,110.90754391079702
2015,Logistics & Transportation,-0.0001486158895453,0.0118715654161328,252.11265386626835,997206.3214285716,-3.2508142218683,146.5688650757535
2016,Logistics & Transportation,0.0003300722246372,0.0137271079774946,216.92632948935977,846039.6428571428,-3.279698817296354,-13.9565879924349
2017,Logistics & Transportation,0.0006051747808505,0.0101113380639776,234.84936846090977,853084.003187251,-2.73052983945953,8.262269966831814
2018,Logistics & Transportation,-0.0005418863519197,0.0166043202747905,225.2484425328261,829867.1745057942,-2.296363045489789,-4.0881208201680845
2019,Logistics & Transportation,0.0006259630010641,0.0170113729845137,194.05316237356297,757222.7791005292,-1.8024273634981929,-13.849276740156336
2020,Logistics & Transportation,0.0012356580104058,0.0259723118339337,176.3589695632379,1035425.6218708828,-1.468273967870328,-9.118219251826863
2021,Logistics & Transportation,0.0012650658151406,0.0196007402535984,276.5274050172675,706720.6865079365,-0.8068532259146176,56.79803851321079
2022,Logistics & Transportation,-0.001416101491748,0.024354940078632,258.90977134276574,773463.8288920056,-0.3247837182181417,-6.3710262906497945
1981,Machinery,-4.848558214180645e-05,0.0197896175973778,1.945304192440665,225814.0938735178,-7.080418143412494,14.21487814314222
1982,Machinery,0.0005428005999776,0.0209635723387966,1.563493502116486,385193.70355731226,2.5176602217190505,-19.62730002885269
1983,Machinery,0.0016441258222402,0.0184678611906317,2.256812367072925,493793.78162055335,24.507947755731237,44.34421147372218
1984,Machinery,-0.0001434750379201,0.0203868074392929,2.376944679840516,556189.2766798419,39.441757638228125,5.323097060275384
1985,Machinery,0.0006585629847103,0.0161838632370308,2.4845236551667016,504812.4503968254,-32.730842591322954,4.525935173779638
1986,Machinery,0.0002741670527987,0.0185391700043949,2.8954661396652344,717969.7391304348,-46.04054842187961,16.540091443442506
1987,Machinery,0.0007952903125341,0.0293636648271714,3.678799269015621,970164.3073240784,-43.900999771246056,27.05378310661073
1988,Machinery,0.0009599806346672,0.0186117915542937,4.190641246137255,767810.2709705753,-51.22322665438416,13.913289084092728
1989,Machinery,0.0004076177329162,0.0142712488393476,4.892073696305092,813849.6820987654,-50.17741313530022,16.738069640639974
1990,Machinery,-0.0005360286206125,0.017564470635825,4.546770511879752,791749.9437856829,-49.38537006323993,-7.058421558247218
1991,Machinery,0.0012350158085643,0.0189452219641276,4.914638707289112,697255.8818620993,-47.49772408391263,8.09075792253422
1992,Machinery,0.0006515049494849,0.0173833368673774,5.676843606580899,692829.2646544182,-46.36224910509712,15.508869414171356
1993,Machinery,0.0013623242328713,0.015432935387808,6.940694506146377,863451.549846289,-45.21832291888292,22.263267885350132
1994,Machinery,0.0003862397060044,0.0158412530007769,8.197950433906845,993109.4850088184,-44.09148699817439,18.114266902931654
1995,Machinery,0.0007466013456197,0.0148788583039618,9.600599885302248,905229.651675485,-42.50034654570007,17.10975764861937
1996,Machinery,0.0008834152093729,0.0165132247344507,10.905617831990266,781512.8202099737,-41.62880794599809,13.593087539101578
1997,Machinery,0.001395293506767,0.0181320680417974,14.52566759325613,770227.2415458937,-40.65181902114692,33.194357413175624
1998,Machinery,-0.0007360959234879,0.0222440785587972,14.705993713525237,927720.893738977,-39.80981300917155,1.241430861001014
1999,Machinery,0.0007158465613904,0.0230774534759842,14.202580452385824,968721.192680776,-38.38093080408503,-3.4231842536177504
2000,Machinery,2.6334803950980345e-05,0.0278820395133837,11.959431404579671,1178180.951058201,-37.04612250031701,-15.793954171400838
2001,Machinery,0.0010432828983118,0.0222036343550005,14.595373879624097,1277242.2405913975,-35.650252869456224,22.04070064764978
2002,Machinery,2.226398172073775e-05,0.0229038001609269,16.002796613244993,1615463.0348324515,-34.21523017014997,9.642937174673772
2003,Machinery,0.0015993038216451,0.0184411581221623,16.559819869263464,1772007.020282187,-32.433642008333244,3.4807869491851218
2004,Machinery,0.0011423976229838,0.01624469933071,22.470677133169964,1867510.012786596,-31.395340106695716,35.693970771249695
2005,Machinery,6.866021772768017e-05,0.0158147201942327,25.124895770713767,1917351.8959435625,-30.37544312072556,11.811921028520288
2006,Machinery,0.0007527663293354,0.0178650424781653,27.281513839756872,2069724.6185318893,-29.594284272697934,8.583590112070905
2007,Machinery,0.0009830961003818,0.0208399240221399,33.28746939761038,2110020.015267176,-27.64274159725455,22.01474446444074
2008,Machinery,-0.0015929567910925,0.0372550029813477,29.71322239212025,2436853.233201581,-25.876791381521976,-10.73751495734523
2009,Machinery,0.0022115976233795,0.0352949805400689,21.88783735226071,2734353.995310245,-23.44493483759528,-26.336372866561863
2010,Machinery,0.0014274146400831,0.0225506588340784,30.77054619037756,1752498.5885681948,-20.92719926677187,40.58285291122829
2011,Machinery,-2.810295556303509e-05,0.0264165424403239,34.96741545712129,1599584.453125,-23.17836158788282,13.639242023127164
2012,Machinery,0.0008820289986098,0.0182438158257663,47.65166906461967,1262270.5830870653,-17.014669742877047,36.27449567455854
2013,Machinery,0.0009791340649545,0.0192713138484652,58.013348688058905,848443.2842698814,-14.233042443242956,21.74463104196398
2014,Machinery,0.0002999766728654,0.0148499521545488,70.66916679281289,755273.9074675324,-12.724692256942122,21.815355243161427
2015,Machinery,-0.0005751201926267,0.0385597606138431,70.15451720979864,826203.1195887446,-11.560172820182082,-0.7282519468824189
2016,Machinery,-0.0002892464115194,0.0566421983075991,73.3319665230422,772585.1711760461,-9.593609065471934,4.529215565323219
2017,Machinery,-0.0015521841451288,0.1640166596385463,90.55943731796528,594580.7555868379,-8.496306061614115,23.49244348917045
2018,Machinery,-0.0023165608838794,0.081730405627495,100.12376315992668,750149.4853628962,-7.01261133943984,10.561379493094549
2019,Machinery,9.432734682012128e-05,0.047556989270615,94.24025690140108,606220.0424430642,-5.54512818698866,-5.87623364608052
2020,Machinery,0.000457910121195,0.0467068627232935,95.55605712209828,700022.3479979378,-3.6415120803649415,1.3962188389128103
2021,Machinery,-0.0004644106270782,0.0662897522675166,136.93637949059632,577704.3336783989,-2.207559025162548,43.30476122055109
2022,Machinery,-0.0003174549386112,0.0226772388291884,123.02504773712228,671313.0742773509,-0.5416930792148733,-10.158974412222843
1981,Media,0.0001100987631252,0.0141101561434752,0.7942949456895293,1732106.855731225,35.673829853475404,10.18210076340036
1982,Media,0.0009726238346525,0.0199132382511676,0.8081337503293757,4132649.968379447,30.89769166265979,1.742275298986451
1983,Media,-0.0003038255062613,0.0215549760807661,1.0583778547910834,3714258.790513834,53.45868061219963,30.965679178689687
1984,Media,0.0004510691820503,0.0240785469528024,0.8519785090868652,9074713.009881424,44.3056702429508,-19.50148000261777
1985,Media,0.0016931427253734,0.015566934266158,1.181298762796417,3074854.384920635,34.31947913124604,38.65358693877281
1986,Media,0.0010763877735213,0.021846576978065,1.7843806821367014,3783750.055335968,3.5299346670716174,51.05244653881165
1987,Media,0.0010668987911624,0.0274070245602624,2.519355050777729,3648353.2411067192,-3.945821742600987,41.18932557378589
1988,Media,0.0004193726869778,0.0143831561795935,2.3885142587625934,2562411.3438735176,-5.490591093432655,-5.193424085848674
1989,Media,0.0018238305554223,0.0180073024314132,3.281263798216115,2964418.5773913045,-8.761188730407685,37.3767724508383
1990,Media,0.0003064549999182,0.0311110004542299,2.8886544004337904,2916715.3886693018,-26.070759377816703,-11.96518847389746
1991,Media,0.0027761894892141,0.0239066614128765,3.4035326279356237,2924150.5915678525,-29.19236820455672,17.824154645308667
1992,Media,0.0022070907161797,0.023408100307616,4.893330493937015,2883252.644356956,-26.210694452268257,43.77210471770952
1993,Media,0.0010639615026782,0.0234621335187955,7.007887177825592,2961091.154145078,-22.493524004425,43.213036325843454
1994,Media,-0.0006826458758264,0.0250445802065165,7.285230574626771,2889595.026785714,-25.38531044574806,3.957589352733182
1995,Media,0.001081593115954,0.0293972781729983,7.292803073922793,3707937.714285714,-23.313365084463577,0.1039431658127032
1996,Media,0.0009742270564849,0.0255630087075073,8.570914518308912,3282952.656787763,-23.78310907956421,17.525654147392512
1997,Media,0.0018684177044045,0.0262441846515773,9.081018629375654,2376868.5960474308,-23.68799718484224,5.951571561903624
1998,Media,0.0043874812383973,0.1119550694765657,4094022.174864535,2264898.71860618,-8.218336129781997e-05,45083192.32605055
1999,Media,0.0038809353517144,0.1111354702412926,554955.5553980826,2115406.871882086,-0.0012934345029722,-86.44473498933979
2000,Media,0.0067231405604285,0.1371794599884395,104644.81197157486,2233115.387830688,-0.0119383655670278,-81.14356889417735
2001,Media,-0.0008172428016976,0.0665316179776633,9605.679848310932,2492825.1194556453,-0.0642269185950317,-90.82068220360492
2002,Media,0.0018345784452569,0.0970491355582873,944.0152814666492,3319931.142224191,-0.308425375077647,-90.17232203889614
2003,Media,0.0035602504918284,0.0501692318737153,755.940271975171,8513729.623015873,-0.3099734820053022,-19.92287764656516
2004,Media,0.0028136090444599,0.0533801067311276,1224.65420975645,20489648.083014537,-0.2500911114570731,62.00409677296226
2005,Media,9.15672888829295e-05,0.028103837660422,991.0273021146044,42718152.61970854,-0.2873515388620832,-19.07696930126157
2006,Media,0.0015870479895028,0.0292816299099053,725.3648647005266,30956033.730922464,-0.4040602965136225,-26.806772815160663
2007,Media,0.0024350580093757,0.0697513244887146,1218.2583304763498,22985187.223789085,-0.6998336873451884,67.95110843689936
2008,Media,-0.0013340955190702,0.0610947911074816,959.9714427674568,24065605.18345128,1.1694720489558303,-21.20132333574115
2009,Media,0.0025934883937098,0.0441617292134788,84.16505443889024,13384199.890582064,-1.2661339280450414,-91.23254602280096
2010,Media,0.0019282501471463,0.043686990584773,54.929285705872935,11693863.634078857,-8.254946049465147,-34.736232190338015
2011,Media,-0.0002282314165832,0.0337228241064964,44.75810707472199,11535539.77755732,-4.051903199418023,-18.51685945019209
2012,Media,0.0014176951145125,0.0475776188431821,33.691163451799,9583821.87655398,-5.386232004660911,-24.72612079962886
2013,Media,0.0028436368508664,0.0524205798240029,39.04888855079256,6995885.961149332,-8.914409447648614,15.902463880948204
2014,Media,0.0014858575665696,0.0508205252166252,47.09653362354801,4630812.227952756,-9.641003104380037,20.60915270939796
2015,Media,0.0032141068306079,0.0934048555564373,49.81045547473985,4071641.671655753,-9.504400875542531,5.76246624196326
2016,Media,0.0036413885771611,0.1503754008043368,49.61121618961044,3690039.2406204906,-8.695888733116858,-0.3999949071544773
2017,Media,0.0144587550286802,0.9929616520544912,65.62183710619983,2961979.442955451,-6.269956188268111,32.272179854245
2018,Media,0.0025138170578969,0.2182819974020733,73.45085346275872,3492200.9865990584,-4.967106120835353,11.930504694479538
2019,Media,-0.000302917550454,0.0720833542840245,72.1682940814926,3104309.2984866933,-3.839017520007357,-1.7461463288733547
2020,Media,0.0006830390241965,0.0735697087778945,86.47158476376947,3762929.8446468464,-2.071451804550301,19.81935538912083
2021,Media,0.0056964243238541,0.2665594004628009,113.22307136839986,2828919.210489993,-1.3813246699624482,30.936736822520828
2022,Media,-0.001312927542076,0.0383775322411771,79.17522151185948,3126269.270250503,-2.5438179304715307,-30.071476992314672
1990,Metals & Mining,0.0001040555449154,0.0190969464271904,9.84228170988128,862469.1653543307,-41.67782767144985,-5.19603069344261
1991,Metals & Mining,-0.0001154337749336,0.0172144341933581,7.540989875793457,715591.6429512516,-45.69944489560496,-23.38169036329667
1992,Metals & Mining,0.0004664506901372,0.0193630999073807,8.772973446630118,576319.4855643045,-44.172225390482026,16.33715985737261
1993,Metals & Mining,0.0012285139140454,0.0169640441968978,9.71495777926112,806987.1989459816,-42.52566950313625,10.737343938876707
1994,Metals & Mining,6.987525237679507e-05,0.0154784116620199,10.027574719291136,888053.813253012,-42.992694770191,3.217892935133171
1995,Metals & Mining,0.000970407273503,0.0148820740964453,7.924642776320963,516501.75058823527,-41.26033777101017,-20.9714911315947
1996,Metals & Mining,0.0023848624329481,0.0955144340388349,8.11252171540394,394356.3222106361,-39.64377547890983,2.3708190310402832
1997,Metals & Mining,0.0143193204240679,0.6992472691548124,10.688955317436392,410207.88148460566,-32.25780320025377,31.758726724149856
1998,Metals & Mining,0.0088808890858534,0.3506787841608544,10.160320204880156,507130.1830818109,-29.776168465861847,-4.945620005482654
1999,Metals & Mining,0.0059844310415269,0.1161155401684831,8.527612878463142,427057.36825396825,-30.71703475196457,-16.069447551788773
2000,Metals & Mining,0.0016618717657202,0.1047215336308304,12.2504950669498,473941.04246031743,-21.579468438414413,43.65679166662175
2001,Metals & Mining,0.0047717425120965,0.2234203777387333,4.382734494450666,537572.7441485069,-39.78682693878204,-64.2240213926154
2002,Metals & Mining,0.0039589637871688,0.086765480350901,5.027760090872837,1028786.2292839905,-39.51670065577144,14.717423499846728
2003,Metals & Mining,0.0034824982907986,0.0439700385524515,6.675294157951672,1218133.923976608,-38.375918102729656,32.76874865349466
2004,Metals & Mining,0.0018256444239418,0.0465391438601875,12.177668337299355,1658879.1865580447,-34.94748356447325,82.42893944670897
2005,Metals & Mining,0.0014393935232265,0.0484879678961965,15.567682131448269,1818933.352603526,-34.33658788353157,27.837954690928267
2006,Metals & Mining,0.0021512012169526,0.0474586396733641,20.37237223509415,2543786.441031475,-34.88708442371364,30.86323360842478
2007,Metals & Mining,0.0028009989958718,0.0403261437503381,29.621783784183272,3587659.196115054,-33.75606943300083,45.40174036853581
2008,Metals & Mining,-0.0025255527715841,0.0707536471179814,26.779069357461328,4142578.7528933375,-34.11286695413745,-9.59670237090795
2009,Metals & Mining,0.0049560067156024,0.0612797989889572,14.85413972372618,3609909.672697369,-29.112807853594376,-44.53078437698791
2010,Metals & Mining,0.0019870317004877,0.0468250291708776,18.7539462109515,2290041.0145574533,-27.96690441000592,26.25400433655709
2011,Metals & Mining,-0.0007082704287304,0.0439265228888643,19.54661517418245,1692570.813869863,-27.841840098764948,4.226678237821036
2012,Metals & Mining,0.0014961525364112,0.0674955578084532,16.35352131616337,1331283.4842630103,-26.117954077010157,-16.335789238008736
2013,Metals & Mining,0.0016693888528987,0.0700950215135595,16.36100957082807,1160460.1712529275,-23.191370401705694,0.0457898609108609
2014,Metals & Mining,0.0003806340605544,0.0506993840853233,16.65815523831793,1001601.7910236444,-20.899487374752376,1.816181735017608
2015,Metals & Mining,0.0006224523032668,0.0677879864206323,14.281804559542374,1595432.515002655,-18.73912888306493,-14.265389202937396
2016,Metals & Mining,0.0028756054092324,0.0576169768225568,14.39088657105079,2176777.1776455026,-17.198088023456144,0.7637831133568751
2017,Metals & Mining,0.0063461418075649,0.194978805943522,17.635995524174472,1314173.8760956174,-16.185698486231953,22.549750059538766
2018,Metals & Mining,0.0003627977038001,0.062780263839741,19.925078950991825,1117809.4224205827,-13.822540187745764,12.979609932876212
2019,Metals & Mining,0.0009984026679603,0.0361578222057108,15.733451758077935,1276530.6139272912,-10.869446694617745,-21.036941450639716
2020,Metals & Mining,0.0067472014672192,0.4434379027348249,16.120412216584395,1345491.798163968,-8.171588113561947,2.4594759271930444
2021,Metals & Mining,0.0018921461214575,0.0485880952318642,25.14941482290421,1252107.5325062035,-4.719434761432044,56.00975015409928
2022,Metals & Mining,0.0024532522395217,0.1233973037757949,25.67162288559975,1204991.4333070244,-1.3710892183117156,2.076422319854321
1998,Packaging,-0.0002871937290135,0.0234155455741942,25.64935127894084,850645.6259920635,-36.0094447740164,-1.7013111408763382
1999,Packaging,0.0007279011741889,0.0225636690348188,25.00772670147911,1007187.3621031746,-37.67077101552107,-2.5015236076887715
2000,Packaging,-0.000828518168281,0.0357191099976356,17.664108146983835,1355226.9790660224,-39.12741473924362,-29.36539831131844
2001,Packaging,0.0003346375621153,0.0413926999782224,14.9703174537228,1156337.531451613,-41.368087340682976,-15.250080393789956
2002,Packaging,0.0017839326613086,0.0440090962433649,16.82879603609206,1599523.5293650797,-40.18891358644172,12.414423328792523
2003,Packaging,0.0008956909602755,0.0204007984605158,17.02985367888496,1254859.3746031746,-38.543709241801736,1.1947238671245364
2004,Packaging,0.000590928764957,0.0155551169503893,19.88829259266929,1079367.446031746,-37.0163143867353,16.784870661152308
2005,Packaging,0.0002469308302085,0.0146210568222169,19.967466806986977,1258505.2484126985,-33.88255874709547,0.3980945772432465
2006,Packaging,0.0004844051001807,0.012676544716483,21.873095687167105,1113618.856573705,-31.918340295327532,9.543668701696872
2007,Packaging,5.299439306634814e-05,0.0152184627195395,24.530999137300896,1521778.1003984064,-29.790289940932364,12.151473610080622
2008,Packaging,-0.0016276841543609,0.0338684012895285,19.73935154172272,2404868.174703557,-26.82061073551592,-19.533030712524813
2009,Packaging,0.0023691037317913,0.0335621544317733,16.17490611908928,2900972.263492064,-22.053477804847272,-18.05756088339241
2010,Packaging,0.0008179365562435,0.0195476595012967,20.717749933969408,2388496.1142857145,-21.6859911475029,28.08575073903372
2011,Packaging,-0.0002321867227171,0.0218093582503121,23.332996719602555,2335408.043650794,-19.85629402532231,12.623218225764532
2012,Packaging,0.001050752548203,0.0157025567569991,23.784586895751957,2056028.3896,-18.53419761120492,1.9354143900856435
2013,Packaging,0.0016869730179357,0.0153054347410785,31.035605737942053,1512629.4840940526,-16.839867862230488,30.486208879605
2014,Packaging,0.0005075019644029,0.012889610105825,36.34856790020352,1404099.5033068785,-15.41046932069278,17.118925298648826
2015,Packaging,-8.029676247030787e-05,0.0151179181719929,41.52370358904807,1354751.5349544073,-13.98042182861402,14.237522928146973
2016,Packaging,0.0007517337149311,0.0168474574160116,42.17957989591049,1445962.6893424036,-12.085193879334048,1.579522658560295
2017,Packaging,0.0009656025703234,0.011308583759943,53.88859958572692,1207220.4143426295,-10.870819628656058,27.759924870545397
2018,Packaging,-0.0010203159049605,0.0156142100599706,55.4699241690291,1539119.1616391577,-9.571625165962422,2.9344325060564724
2019,Packaging,0.0009113930031774,0.0160438166217019,54.8905867584168,1384200.179138322,-6.5195170230156645,-1.044417167124534
2020,Packaging,0.0014811010280854,0.0353209572689514,57.76507524148951,1403919.8994918126,-4.162470692341905,5.236760349682257
2021,Packaging,0.0006999855559627,0.0150220166827467,86.80866932814894,1142678.9070294783,-2.291543843439815,50.27881287307492
2022,Packaging,-0.0007597052762608,0.0214447162910184,82.17955266820776,1294561.314714715,-0.791634287370053,-5.332551110122963
1993,Pharmaceuticals,0.0001711234376867,0.0172399951930303,3.744528614893192,4736167.376561571,-62.040205464226425,-23.047248112197348
1994,Pharmaceuticals,0.000502248156208,0.013981606361312,3.954816220501383,3481446.544217687,-60.277715512128,5.615863229668205
1995,Pharmaceuticals,0.0018486500047535,0.0129530664592281,5.624698025907248,3220513.924036281,-58.2224878215093,42.22400516993332
1996,Pharmaceuticals,0.0011306734100467,0.014522558482106,8.216605066202233,3058080.8964187326,-56.20427982491377,46.08082119887524
1997,Pharmaceuticals,0.0019626579771336,0.0183410489703693,12.804806436003432,3057415.134387352,-54.62493771113647,55.84059758055153
1998,Pharmaceuticals,0.0012914215774306,0.0215983119277967,17.824041018114677,3307650.913690476,-54.40278657688471,39.19805119426562
1999,Pharmaceuticals,-0.000285663414976,0.0204562295590395,19.72790073396431,3117857.816964286,-53.837130417573,10.681414578852966
2000,Pharmaceuticals,0.0012471497307254,0.0255019119203081,19.59019511127992,3889067.074900794,-52.87980214082075,-0.6980247140402018
2001,Pharmaceuticals,-0.0001900881671787,0.0181191788119061,20.65439997276952,4285705.241431451,-51.69887307744404,5.432334162291408
2002,Pharmaceuticals,-0.0007429059638078,0.0237472935078965,17.930878607467527,5259018.151289683,-50.117036514009904,-13.186155825841697
2003,Pharmaceuticals,0.0010570820810752,0.0162173938400445,16.805384607041486,5141247.810810811,-48.79146769425948,-6.276848028837334
2004,Pharmaceuticals,0.0001552304141028,0.0132799962502848,17.69178519698888,5193134.448412699,-47.2725079520248,5.274503444425749
2005,Pharmaceuticals,0.0003248416930752,0.0116197423545881,18.29553014492021,6005545.998236331,-45.97332541630683,3.41257222608653
2006,Pharmaceuticals,0.0006446036678836,0.0118886865948878,19.994124815494622,6707343.521027003,-44.67925454575823,9.284205798464008
2007,Pharmaceuticals,-3.406928671173304e-05,0.0227625207612762,20.12732776990885,7930519.877315768,-42.40227540313996,0.6662104775448707
2008,Pharmaceuticals,0.000373420294266,0.0353331228622535,18.165553912280163,9935921.441211168,-39.390024938879634,-9.746817262854012
2009,Pharmaceuticals,0.0008147658315934,0.0285617115916234,15.542976452165895,9512221.092252253,-35.919045483267844,-14.43709051085621
2010,Pharmaceuticals,0.0003200731868343,0.0197794435487355,17.025067468799612,8478615.712301588,-32.52173374620846,9.535438860085188
2011,Pharmaceuticals,0.0006908701522597,0.0228438695474036,19.006637685671052,8103442.90244709,-29.921776022353587,11.639132828712118
2012,Pharmaceuticals,0.0005906513507614,0.0207471925928136,21.44248894406061,5509130.521751825,-26.33764617360903,12.815792559806203
2013,Pharmaceuticals,0.0013967588636333,0.0227035332939477,26.730641766933097,4815815.295188232,-21.956204310836885,24.662028912167223
2014,Pharmaceuticals,0.0002353363169672,0.0185938927450363,30.89237046612697,3910499.5980997626,-19.747667615222568,15.569131244510936
2015,Pharmaceuticals,0.0007181625482375,0.0226620922574483,33.60339908286526,3842618.8585434174,-17.440986384020345,8.775722211770365
2016,Pharmaceuticals,-0.0001226951081533,0.0178080908585296,33.384671939799546,4338387.256769374,-14.699629060655402,-0.6509077921740491
2017,Pharmaceuticals,0.0008781193423767,0.0132699462654567,35.77347253222138,3267662.1949847667,-12.307148999623507,7.155381358035839
2018,Pharmaceuticals,-5.4292897122718975e-05,0.0164655487668339,40.40777385282326,3471326.687602531,-9.769199051450927,12.954574975710663
2019,Pharmaceuticals,0.001102925285926,0.0173471964628686,45.06893098092769,3986371.118347339,-7.323884680374134,11.535297997562813
2020,Pharmaceuticals,0.0007531079681274,0.0258140032385564,54.09576399263685,4520923.079748896,-4.941578213229239,20.028948579963316
2021,Pharmaceuticals,0.0010860385740144,0.0222954868909198,66.47407333918757,4397895.541549954,-2.51625988624922,22.88221559868453
2022,Pharmaceuticals,-9.354958471712346e-05,0.0244662557004792,72.72472661858878,4018400.595302843,-0.7045313707924623,9.403144662892714
1981,Professional Services,0.0003535913168158,0.0162994476478021,0.502649841219069,459758.6719367589,2935.0183209339766,18.485223725876445
1983,Professional Services,0.0001792281615158,0.0184297010800172,0.7847163348712705,798347.3855218855,31.881565376252723,34.984317314401416
1984,Professional Services,0.0002879323175836,0.0191655089617621,0.5878482687437958,690034.7404479579,0.0244038361952874,-25.087800187028098
1985,Professional Services,0.0023950471769317,0.0178740719132584,0.8805319389732427,1114155.4682539685,9.410022191459449,49.788982258108575
1986,Professional Services,0.0014243789367102,0.0225312340692401,1.3027909026629685,929882.0184453228,-49.93512145540972,47.95498550366122
1987,Professional Services,0.0011267036583825,0.027394345381874,1.6009294906820075,1199947.3438735178,-55.01681931399944,22.88460776089467
1988,Professional Services,7.692951940768668e-05,0.0183771119001841,2.2960768369639792,1075318.3792682926,-49.28677145168235,43.42148422700578
1989,Professional Services,0.0006861578871235,0.0166146288780971,4.196427667543055,842182.2222222222,-40.95035845286556,82.76512353531874
1990,Professional Services,3.696606537314919e-05,0.0226335118494202,3.7799937822248624,1056059.2213438735,-43.764095492138,-9.923533021647646
1991,Professional Services,0.0017581600240385,0.0225882510885028,4.141807219138729,816895.8438735178,-43.51026555648379,9.571799790128432
1992,Professional Services,0.0010410694444745,0.0194931333830706,4.885940116162844,731069.1023622047,-42.368088146086016,17.966381766528826
1993,Professional Services,0.0010941063836508,0.0172366593854392,5.598457945253067,716936.8833992095,-43.070610463239525,14.583024190844895
1994,Professional Services,0.000801652307141,0.0160314156995926,7.31124645365136,814979.2331349206,-41.75171645336295,30.59393363578924
1995,Professional Services,0.001858876183187,0.0201984141992873,8.866449267751928,919952.9927536232,-40.98854365630002,21.271377239976296
1996,Professional Services,0.0016751028634418,0.0245762247085891,11.338238700919264,843544.5448818897,-39.97596012913775,27.87800796602373
1997,Professional Services,0.0018815562368635,0.0272852903207043,14.346787002058369,896671.2885375494,-38.719772832527056,26.534529572879627
1998,Professional Services,0.0007270767349064,0.0322019285379727,16.929924225050307,930578.5984126984,-38.608075005440426,18.004987615842683
1999,Professional Services,0.0003539817445268,0.0335901155666551,15.51306816291277,955674.5815899582,-41.55854698493696,-8.368945089790126
2000,Professional Services,0.0004117559616196,0.0412199005378885,17.588800424542377,940003.558862434,-40.99328558606857,13.380539812182857
2001,Professional Services,0.0007743761070601,0.0321130982097238,17.213361958181988,1010647.6733870968,-38.85300983356016,-2.134531390989713
2002,Professional Services,-0.0003074966554863,0.0339936943992427,16.59778123866841,1097816.707199032,-35.100206983898495,-3.576179487825004
2003,Professional Services,0.0014300998824666,0.0273619186534297,15.880637335128524,1007913.1235827664,-34.567458255911525,-4.3207215062524895
2004,Professional Services,0.0005594641015082,0.0186596344442825,19.004896565359463,880172.735260771,-33.40903612193167,19.67338693214769
2005,Professional Services,0.0003981665876832,0.0154908573706833,20.435931065725903,870697.7709750567,-31.990041622693592,7.529819988469731
2006,Professional Services,0.0009103325246913,0.0162519558883326,24.677512067926155,908892.6118383608,-30.82761488597516,20.755506507428056
2007,Professional Services,-0.0001380582805935,0.0160704403945629,28.246912657434315,1202211.8474672737,-29.856040790012205,14.464183341023997
2008,Professional Services,-0.0006708183136274,0.0334998766117241,19.88585149213263,1300765.2448877806,-28.656586816224817,-29.59991156095827
2009,Professional Services,0.0014565093039831,0.0252997191516672,18.4122032349739,1483917.560211946,-25.679050739657672,-7.410536369245957
2010,Professional Services,0.0006799120475274,0.0175063114126197,21.676629368647863,1066758.7437225983,-23.56922532841628,17.72968770773289
2011,Professional Services,-0.0002514468831813,0.0228000603588354,23.267180991740453,1050588.836111111,-21.63442002377681,7.337633522456644
2012,Professional Services,0.0009310522324682,0.0158797270114544,123.4387858616669,815552.1595069107,-22.55951523649197,430.5274665868893
2013,Professional Services,0.0014779830984174,0.0138883562955016,194.5955551847235,698760.0422077922,-21.79167081843389,57.64538983946201
2014,Professional Services,0.0001536682653672,0.0132565763152245,201.292915879906,651776.0786435787,-19.916973138841893,3.4416822567323813
2015,Professional Services,0.0006413750129111,0.0152162483992308,183.83730825098047,699928.4632034632,-17.001510014225968,-8.671744632751889
2016,Professional Services,0.0004718581155527,0.0167394339767083,200.7477759441601,672796.2250961203,-14.259922397172996,9.198604926315037
2017,Professional Services,0.0009278487927507,0.0133293804340994,216.4476875533779,755557.4369189907,-11.597146525284495,7.820715091550934
2018,Professional Services,5.220136450365522e-05,0.0172365350115963,247.0342402470856,750927.9548472776,-9.14181160860481,14.131152445860518
2019,Professional Services,0.0014243245057952,0.0135656374575081,262.48979936201107,539105.8531746032,-6.421908803012484,6.25644408623951
2020,Professional Services,0.0009912185090687,0.0281957210660824,279.57344472047055,625412.0553359684,-3.461251948737882,6.508308284734032
2021,Professional Services,0.0012908433612168,0.0155163361403464,349.9637759343657,491782.7380952381,-0.8844056329352536,25.177760099595424
2022,Professional Services,-0.0006767933142917,0.0221814631428279,303.6145014645925,566057.0714786265,-0.1894876070082047,-13.244020569279105
1981,Real Estate,8.612887145557524e-05,0.0171582706972726,1.148543793104383,168528.24110671936,-89.53550519219496,-1.642382056824776
1982,Real Estate,0.0016625370980311,0.018892012623372,1.1011040623597947,263531.3517786561,-88.46104057400458,-4.130424197092564
1983,Real Estate,0.0004626674513101,0.0156496669584416,1.53453238632368,257830.59683794467,-90.94301503922296,39.36306646939416
1984,Real Estate,6.0191573764382685e-05,0.0160668505310518,1.3387409817324325,276717.76679841895,-91.49236850534407,-12.759027201785567
1985,Real Estate,0.0010094148181903,0.0124832231686998,1.509293572415435,262890.7738095238,-91.43416539190284,12.739775132773978
1986,Real Estate,0.0012312876152756,0.0189483163609819,2.135101020807334,407112.4743083004,-91.47786216539764,41.46359991385724
1987,Real Estate,0.0006172138491566,0.0286510531076528,2.8194875658265217,615219.4743083004,-91.17305345142252,32.05405919202848
1988,Real Estate,0.0003042560745197,0.0173527141735482,2.323036066392665,336555.9347826087,-90.9666276730321,-17.607862699984068
1989,Real Estate,0.0005366501433777,0.0169016085006518,2.715448928021249,382146.3988095238,-90.76531264902997,16.892241463902224
1990,Real Estate,-0.0023117122237092,0.0240040827308281,2.074805347226825,377585.314229249,-89.97804385892276,-23.59254759621873
1991,Real Estate,0.0018598176381897,0.0279128919771783,2.2302474685808416,420826.0553359684,-88.99888679306703,7.491889374672178
1992,Real Estate,0.0013119976578964,0.019883797721119,2.9011349405829363,409239.0433070866,-88.2804446461932,30.081301804099624
1993,Real Estate,0.002251425113819,0.0211441125156858,3.8401354401564793,569815.2809917355,-86.33346388420854,32.36666059334923
1994,Real Estate,0.0002052362677577,0.0185329692347561,4.908945033790396,259345.6597122302,-77.11649637365991,27.83260148736746
1995,Real Estate,0.0009406644398212,0.014061157969236,4.821193824549651,186099.85941043083,-75.78019163687134,-1.7875777511607072
1996,Real Estate,0.0012605195840953,0.0139108247526315,6.079502186850443,183675.3977149075,-73.1916380532401,26.099518254036003
1997,Real Estate,-0.000250735140446,0.0253685376260001,6.926381767899446,197349.85290237467,-70.1398480090759,13.93008103329163
1998,Real Estate,0.0025612200956507,0.1499140958821037,6.9192667305108015,195611.21032020272,-68.3593586065878,-0.1027237254177859
1999,Real Estate,0.0013509411645079,0.049477686618573,7.670044386112135,247542.16313932984,-64.32616866849534,10.850537850936526
2000,Real Estate,0.00063669564785,0.0307676308945249,14.353860403458825,306536.0446698317,-51.05023884371877,87.1418166686079
2001,Real Estate,0.0007065121497591,0.0393526853246046,11.54928559628511,400528.7536078098,-56.87650741186011,-19.538819023890607
2002,Real Estate,1.7466417854458522e-05,0.0500968270190939,9.729008407248871,472768.41290726815,-61.5938832769186,-15.760950526859762
2003,Real Estate,0.0021119921840166,0.0242703747209928,10.713369511952896,438802.5831244779,-59.544594368084944,10.117794779276746
2004,Real Estate,0.0029540657543325,0.0935114498886834,15.15146119323928,515210.3778915046,-54.93146269382645,41.42573143150536
2005,Real Estate,0.0005925595146738,0.0147687653066337,18.84883250151056,578480.4006309148,-51.24343516025321,24.402737538746933
2006,Real Estate,0.0015867078731396,0.0189123181621837,25.79034215925688,687588.2255738949,-46.77604698088668,36.82726586482228
2007,Real Estate,0.0005006653285444,0.0281578078291266,29.662406155208632,1090783.5119529238,-45.04968923225432,15.013620106478353
2008,Real Estate,-0.0013077497826179,0.0501830881448069,22.221485200533856,1693031.236446027,-45.67571765938829,-25.085358604221565
2009,Real Estate,0.002420137928089,0.0421132972765989,15.384230918517922,2043957.9782890007,-42.507620872284505,-30.76866474186736
2010,Real Estate,0.0020019532249858,0.1154775292494742,19.429536974007902,1137745.1888474997,-38.721754389931455,26.295146484187693
2011,Real Estate,-0.000134113073223,0.0408775199324607,21.12976536160722,1246256.4577935222,-35.45256265994563,8.750740637174314
2012,Real Estate,0.0016115510417706,0.0558215512516074,24.87379680143136,973493.221043084,-32.276004958439046,17.719228660376164
2013,Real Estate,-0.0011228091480884,0.1533908169131421,26.859550548052653,916268.8767080258,-30.36449152737336,7.983315785980127
2014,Real Estate,0.0001816211126263,0.0596093313079542,29.875102663774708,723025.9422038037,-26.834537132097275,11.227113090843163
2015,Real Estate,0.0008287639697764,0.082520902177051,33.42298337740414,747276.5911644894,-23.26799244503404,11.875710532474384
2016,Real Estate,-0.0033629184132778,0.4511930531936192,36.17394906425292,817434.2851573378,-19.89827351803169,8.230760419515981
2017,Real Estate,-0.0013082793425488,0.2408531640074598,41.71222458497552,665922.5538472241,-16.183801923516096,15.310121410536048
2018,Real Estate,-0.0001815811450995,0.0272673098174342,43.045814489095946,759398.3838439346,-15.482761512637058,3.1971200706489844
2019,Real Estate,0.0006907392362342,0.0283147294204433,49.70042943262424,696233.1653667215,-10.87292851813088,15.459377462154864
2020,Real Estate,9.984984240546892e-06,0.0450168566528823,49.79643248265724,1137082.6382717732,-7.475222671068106,0.1931634215819766
2021,Real Estate,1.5570739073570463,192.8530938417126,58.111116874552096,803933.3284505209,-3.9648868062285474,16.69734954364579
2022,Real Estate,-0.0006669610038775,0.0370747453982978,55.28393221315027,1025272.9694940988,-2.3710536435653093,-4.865135646084784
1977,Retail,0.0004328655246206,0.0155497164085923,0.501640414461868,981864.5502645504,-76.53163040044865,1.156842983783135
1978,Retail,0.0008385466748336,0.0172812871173457,0.487530843630709,1438844.4444444445,-75.39518309403023,-2.812686223914984
1979,Retail,0.0012789700069611,0.0194951962291952,0.6746688236498393,1046205.533596838,-73.77456591861431,38.38484938214124
1980,Retail,0.001581950062984,0.0181769265239129,0.6936976140963426,962795.5211024978,-58.067711194191176,2.820463874936574
1981,Retail,0.0013331002393754,0.0232379898736293,0.770341942230418,969819.863023952,-45.38012243924749,11.048665380508416
1982,Retail,0.0035083779354752,0.0277902955954913,0.7882203649906184,2126189.531620553,-39.22979088770121,2.320842444127602
1983,Retail,0.0013465223683893,0.0241565699656008,1.3099032576062148,2380441.83201581,-36.48397193736497,66.18490409364209
1984,Retail,0.0001308259763456,0.0219855417339772,1.2061564555202706,2558756.1666666665,-41.88560480344263,-7.92018811187144
1985,Retail,0.0015086592993818,0.0188572125211648,1.432687167640172,2422149.7877094974,-40.87756868367614,18.78120463420214
1986,Retail,0.000520528859935,0.027745207386817,2.23704409672179,2819795.265952492,-47.53008951000628,56.14323540054469
1987,Retail,0.0003000026603624,0.0322675271269272,2.9335633157427288,3204166.8304787,-49.50236509041328,31.135694644626444
1988,Retail,0.0016235809129774,0.0260432127604737,5.553815449338062,2395494.6200392926,-21.074814307550653,89.31977433498584
1989,Retail,0.0014301237714209,0.0211220156206791,9.623669221389818,2030380.9177489176,8.738505453818487,73.28032069443047
1990,Retail,0.000117147843864,0.0314682446452032,9.320313119534118,2223246.3412563666,2.555560752498592,-3.152187537591722
1991,Retail,0.0023101992093363,0.0312402936312906,9.747223184934924,2366583.415556244,-10.828643259358447,4.580426214501965
1992,Retail,0.001123936896825,0.0427724347655843,9.990756717225402,2248499.56389342,-24.61089807584099,2.498491392572988
1993,Retail,0.0009638828579344,0.0323257137313217,12.255933128100322,2686584.5290858727,-21.534199080452836,22.67272114603145
1994,Retail,0.0007555085717358,0.0441170376007667,13.553396542039769,2265870.612326511,-19.387373156586005,10.586410682713575
1995,Retail,0.0014758134871921,0.0374186247664397,13.938532128482262,2616300.279385574,-18.11417000513392,2.8416167508114043
1996,Retail,0.0012411661825418,0.030024921282,13.140877764370652,2806707.895687885,-19.467837167756144,-5.722656853383201
1997,Retail,0.0014204084053817,0.0288932881006361,12.88820834121133,4649083.025583014,-22.009230951391213,-1.922774320634757
1998,Retail,0.0023138702804839,0.0360679805919829,16.68347661100719,20534044.213339876,-22.168931284917463,29.44760178697696
1999,Retail,0.0005144379523286,0.0361461402923047,17.75537568822017,18655895.23349312,-24.26912511382657,6.424914316155039
2000,Retail,0.0001809618288979,0.0418189659637345,14.00645597320009,10928968.465506716,-26.282472287984028,-21.114279871347957
2001,Retail,0.0024774820691203,0.036303494459787,16.747829666083785,11388772.216700109,-23.830163966564182,19.57221511372349
2002,Retail,-0.0001693298948608,0.0303752786556734,17.96736065222309,10532723.308613729,-31.25367190185341,7.281725515808124
2003,Retail,0.0019616523164232,0.0243345969202615,17.712827585639477,10131513.518305171,-27.59701717270148,-1.4166413838424208
2004,Retail,0.000725670162262,0.0174979457380775,21.20915702635425,9023480.283026114,-24.442085087893183,19.73896840473619
2005,Retail,0.0007556296347709,0.0200295402817981,25.21163566371248,8718972.371607782,-25.55018336593261,18.87146496385874
2006,Retail,0.0007995883557147,0.0195891059177856,31.159979719817525,8727294.465235831,-28.02658885344598,23.593645947639157
2007,Retail,-0.0001544228530546,0.0213910721936358,30.358854204518277,11020092.74470782,-27.534710354599685,-2.5710078199753794
2008,Retail,-0.0011061539093959,0.0412190543064337,20.30669869275079,12177011.96636386,-29.08879674519975,-33.11111626298279
2009,Retail,0.0022904796000454,0.0326209240066616,19.269230418002238,10700870.831208328,-23.49131742920501,-5.10899526528611
2010,Retail,0.0011178042424656,0.019694036529825,24.29006155042684,7372447.347919589,-21.42599759983125,26.056209944606334
2011,Retail,-8.25763116009764e-05,0.0628657051285046,31.205642423963365,5544049.534679089,-11.567384885648927,28.470824823476004
2012,Retail,0.0008916937861657,0.0191806201445183,34.91440851268411,4296103.275231615,-9.466211283845128,11.884921445721377
2013,Retail,0.0011103251997824,0.0378964412664556,36.615213118340975,3192018.5508638667,-16.20430174953001,4.871354486898949
2014,Retail,0.0346072473193306,4.12571227060755,43.36078949241669,3573807.247454384,-11.441212245612665,18.422878906300237
2015,Retail,0.0001458901262822,0.0220527381476012,51.9044460169316,3107255.179284719,-10.76307690000652,19.703646138659646
2016,Retail,0.0002116935738138,0.0217585768291953,49.87890574305226,3298433.0566614624,-10.0409005144802,-3.9024407913314185
2017,Retail,0.0006209919260435,0.0205640882042741,48.83391443978727,3173381.7817908693,-10.077896762016394,-2.0950565929577225
2018,Retail,-0.0001573736325335,0.0216972818233806,56.33348690192186,4010178.199333812,-8.418284873723943,15.357303521882605
2019,Retail,0.0007055170083952,0.0247829764763923,67.26730577212827,3347217.5057897475,-4.9279353677469215,19.409093012904545
2020,Retail,0.0012859946813304,0.0430898589804789,76.03662788013561,4388002.738634892,-4.536137929732156,13.036529421460564
2021,Retail,0.000933387807158,0.0563835695861258,106.38787111569025,3783248.422757057,-2.4801287358685484,39.91660872099752
2022,Retail,-0.0001727406714114,0.033637235358854,114.22311329161612,3283515.966421896,-0.3272789340782562,7.3647889498658525
1984,Road & Rail,7.203612557636823e-05,0.0186536950847483,1.29452565189878,847721.1549407115,-41.96618064393677,-31.667443897445768
1985,Road & Rail,0.0012692024992098,0.0174467865878331,1.705782033479403,1015602.0293650794,-34.5462501304861,31.768886230829164
1986,Road & Rail,0.0009464998453443,0.0228263156322436,2.2726321612657765,1821106.1320158103,-25.753931369733813,33.231099675151924
1987,Road & Rail,0.0005328779083383,0.0329190011255089,2.717410396822828,2119499.222924901,-24.6856140352777,19.57106139470126
1988,Road & Rail,0.0008637232671408,0.0191195638156661,2.619248133968459,1522051.214229249,-20.194354896846143,-3.612345892587266
1989,Road & Rail,0.0007569582314194,0.0200179539865091,2.883373555209902,2091827.076984127,-28.28288355949739,10.084016776267134
1990,Road & Rail,0.0002653490174019,0.0185571209865727,3.182382485046688,1353253.0071146246,-40.973682321215655,10.370107241100058
1991,Road & Rail,0.0017418027239109,0.0170955254071116,4.463738983563284,1060779.875889328,-38.77121207497336,40.26406330909016
1992,Road & Rail,0.0006014273548102,0.0192450750015698,5.762927159455818,964334.5196850394,-36.871575231448105,29.10537960836204
1993,Road & Rail,0.0011244242009265,0.0200520445329176,7.89801613078287,1199650.6743083005,-32.162941377957466,37.04868918608136
1994,Road & Rail,-0.0005952820739185,0.0174719141996977,8.287405905553273,1422198.603174603,-30.09847104010102,4.930222581500421
1995,Road & Rail,0.0012860675442113,0.0166239701669528,10.271251188478772,1844658.2611111111,-26.713641933955877,23.938073089869462
1996,Road & Rail,0.0007462166759816,0.0178597521228892,12.347850235573476,2253187.269706337,-26.12832861576279,20.217586046615388
1997,Road & Rail,0.0008671701541361,0.0180020140565428,12.359191479497593,1903077.362977602,-26.086165821985347,0.0918479225755719
1998,Road & Rail,-2.866499197382536e-06,0.0321920335388244,11.619049002096135,3222739.163359788,-25.769786186686765,-5.988599485890833
1999,Road & Rail,9.406169704611335e-05,0.0271855137004529,10.14283854313313,2291423.6124338624,-25.803806053353227,-12.705088503342132
2000,Road & Rail,2.1186203927445528e-05,0.0287565878769055,7.6580732895268335,2301061.8075396824,-23.77617774241553,-24.49773052227597
2001,Road & Rail,0.0019622709092779,0.027762564512491,9.34357032043639,3362444.571908602,-22.79239615537876,22.00941368914082
2002,Road & Rail,0.0001275988905924,0.0263242027568595,10.120751924458004,2636952.652777778,-23.28049195390798,8.31782260279832
2003,Road & Rail,0.001878075130297,0.0205792061480437,10.687669869521798,2086029.9281170485,-21.59732570873561,5.601539779803999
2004,Road & Rail,0.0012543745973387,0.0247264031070084,13.114439906244105,1860374.5181405896,-19.85380047919381,22.70625932826356
2005,Road & Rail,0.0002670903745469,0.025203448089821,15.194050424054366,2212413.319727891,-19.444053102467954,15.85741009663788
2006,Road & Rail,0.0007469030020428,0.0211773357153002,17.125037215688245,2491450.070005692,-20.70506804735495,12.708834956719972
2007,Road & Rail,0.0004574150330321,0.0209043370724291,19.664330564172143,3057918.1109846327,-19.853790932914823,14.827958132304977
2008,Road & Rail,-0.0011067872480762,0.046066951536663,18.372914463576244,3964970.342351717,-20.274939794436435,-6.567302641610507
2009,Road & Rail,0.0057080458425757,0.1614599789467254,13.451566758429973,3150743.7239839216,-21.70565803326516,-26.785884813771364
2010,Road & Rail,0.0014594125268871,0.0243350689976719,18.35209547808634,2204869.082010582,-19.701901316217132,36.43091401665352
2011,Road & Rail,0.0009692054937539,0.0281976017531695,24.117377335400427,1867340.9213572852,-15.79269392134247,31.414842322492436
2012,Road & Rail,0.0012883477362441,0.0220403274801679,27.5755737778446,1618952.08,-14.287812938828958,14.33902366062041
2013,Road & Rail,0.0019694012128953,0.0242943888013353,33.257556056353295,1273244.4981765137,-25.130873015164145,20.605128017585784
2014,Road & Rail,0.0015635059791057,0.0316379640509411,40.05202221527544,1376405.213293651,-27.9143007287581,20.429842010667443
2015,Road & Rail,0.0004722392633544,0.0340818687978424,41.330102798452806,1782474.0238095238,-31.54041514769073,3.1910513189766565
2016,Road & Rail,0.0019681547131489,0.0414396670667969,39.13176202449271,1660139.6987433862,-32.00295298413679,-5.318982110159165
2017,Road & Rail,0.0021399748282216,0.0429743712663171,48.70642745707853,1491467.1344621514,-26.21706757253548,24.467759531484944
2018,Road & Rail,0.0005465971110987,0.0367403762845596,58.647887722522285,1600121.5355245683,-23.0698977998084,20.410982255277176
2019,Road & Rail,0.001670347176965,0.0341587059883045,63.3201224419175,1273093.9292328043,-23.87253368883564,7.9665865231169475
2020,Road & Rail,0.0021742594911509,0.0820362761418259,66.96555683470291,1379650.8837285903,-19.00626236820388,5.757149942546791
2021,Road & Rail,0.0028974235913634,0.0647347684210161,90.53501331908298,1247627.083756345,-11.009226733573376,35.19638691657365
2022,Road & Rail,0.0004351943093221,0.0352375922287801,96.44591886300712,1363312.066968619,-4.734449922568333,6.528861406461206
1995,Semiconductors,0.0020836623186556,0.0331377103554405,37.4520653412698,7104126.2834566245,-8.706722344536791,325.20776708623475
1996,Semiconductors,0.0008933663160259,0.0389362354073126,19.492263443592027,6721366.084317585,-11.640703459265165,-47.95410275514822
1997,Semiconductors,0.0012935824337907,0.0408938411680793,24.83738186148544,8114258.649106002,-12.787632649161791,27.421743161646983
1998,Semiconductors,0.001766044326948,0.0433479238540073,17.130054766860347,6078011.590659341,-12.87728004850785,-31.03115754151449
1999,Semiconductors,0.0040209426325025,0.0421927036974206,23.728062081941022,6219219.394383394,-17.69822302739019,38.51714080824262
2000,Semiconductors,0.0005582079512266,0.0591889335315043,53.00578062802831,5984561.838837144,-16.63177164857741,123.38857865838943
2001,Semiconductors,0.0009639680876243,0.0503172202699212,27.01748978239234,6426385.972311828,-18.724463710793533,-49.02916349446974
2002,Semiconductors,-0.0013999309175942,0.0474837833151453,17.588066016318937,6508987.014550265,-22.54337041140761,-34.90118379620406
2003,Semiconductors,0.0028017683386727,0.0335062709810227,15.46100736260414,6437841.085449736,-24.01411430178541,-12.09376091573242
2004,Semiconductors,-0.0003171469946207,0.0292907524370725,17.527679238685224,6250188.342328043,-23.71365144404195,13.366993673903703
2005,Semiconductors,0.0004025638622015,0.0245307918520024,13.963862983354185,5241348.078042328,-26.933255850310623,-20.33250498711412
2006,Semiconductors,0.0006553479044157,0.0268317109506107,16.354862697595046,6387821.751842105,-24.98633370522577,17.122766938425894
2007,Semiconductors,0.0001427550287469,0.0253217978943303,16.580426655739426,7233241.359561752,-25.41638168950284,1.3791858868833495
2008,Semiconductors,-0.0026397472812574,0.0475107489295419,11.99583065598883,7440692.252452125,-23.638779243525253,-27.65065154800228
2009,Semiconductors,0.0039306390751958,0.0430298292240408,9.54322325069893,6827375.760656485,-23.192176540605765,-20.445498737225453
2010,Semiconductors,0.0010015799133576,0.0281382174045804,13.323489750821166,6496893.716768916,-21.76738229654922,39.61205140878765
2011,Semiconductors,-0.0007038103112812,0.0336074823679406,15.291277313374335,6017174.023809524,-21.37627698209385,14.76931043859504
2012,Semiconductors,0.0007910544199396,0.0316641414015432,14.946463342642785,4943434.4438,-20.885768469995487,-2.254971665643424
2013,Semiconductors,0.0024292353431814,0.0283724169751444,19.853690953067844,5400024.226190476,-16.36169428334696,32.832031885593736
2014,Semiconductors,0.0012509588252009,0.0230392653360958,29.039763944773448,4888717.400793651,-14.067605877569486,46.26884247075553
2015,Semiconductors,0.0001843171332603,0.0253389415488733,35.84000043930516,4755792.996031746,-11.774060934562025,23.41698268437753
2016,Semiconductors,0.0014703485684878,0.0279749930912996,37.81462956402037,5217286.666666667,-10.851585504574498,5.509567802766169
2017,Semiconductors,0.0017459758791632,0.021568249237755,57.61806674602022,6889698.28685259,-9.378553903171682,52.36977701572487
2018,Semiconductors,-0.0008443955744158,0.0256745496113214,64.4790638901323,9092171.374501992,-7.805229403890858,11.907718414703616
2019,Semiconductors,0.0023727549509434,0.0253570532759269,73.00577850575958,6563716.329365079,-5.60992663626043,13.224004973391356
2020,Semiconductors,0.0021677612462103,0.0365267941686195,101.28897091430638,6208773.379446641,-3.298455743859683,38.741032542123335
2021,Semiconductors,0.001991620665222,0.0312585926584705,173.67660464426828,5566493.392857143,-1.8034954531191631,71.46645195082897
2022,Semiconductors,-0.0004847290026356,0.0327198300780753,156.63786004621443,8064521.686134454,-0.6921425161086322,-9.810615904746257
1979,Technology,0.0029027692955118,0.0462862738057061,1.0617459831030474,27549.407114624504,23777.48744222853,21.32539948169052
1980,Technology,0.0061281817188043,0.0447647161423557,2.699901687191393,5195850.37593985,40498.373181872135,154.28885346951722
1981,Technology,-0.0010968923445532,0.0331346891258182,1.9180362770414872,16249808.695652174,2946.230033399811,-28.959032614378323
1982,Technology,0.0006457630664452,0.0392721867942598,1.142322586157282,42273205.13833992,2573.799472495913,-40.44311883822761
1983,Technology,0.001702763779282,0.0394610486768172,2.0623051583870007,88072699.20948617,2059.60130023353,80.53614481391773
1984,Technology,0.0007757887170778,0.0320549236665397,1.7451723587842798,83038888.93280633,2809.6963926715,-15.3775884385006
1985,Technology,0.0014767522486101,0.0303402445420115,1.897733692415766,72291709.17721519,985.057323320062,8.741906371801766
1986,Technology,0.0026102264834356,0.0270343806744385,1.7635822193861503,63362476.01246106,333.524762284736,-7.069035743305174
1987,Technology,0.0028632911415869,0.0440438192964994,3.0994973838653253,83285771.14624506,-20.26702559286849,75.75009261230625
1988,Technology,0.0004999013162452,0.025136929569004,2.2023068443382448,58502891.69960474,-19.48117829668016,-28.946323497399156
1989,Technology,0.0003985530644235,0.0243008263279884,2.115164905106501,70306807.34126984,-18.2587917950459,-3.9568482228428343
1990,Technology,0.0008929909040998,0.0288310989950801,2.418928946298455,63043289.32806324,-17.873364222140566,14.361246277233365
1991,Technology,0.0007469620524025,0.0361435783702982,2.0606209237879445,74620085.17786561,-18.14193640264443,-14.812672487085996
1992,Technology,0.0020908420911152,0.0289384728921041,2.087625265825452,56674043.503937006,-19.77475700817521,1.310495381550658
1993,Technology,0.0001184013941738,0.0306270148476731,2.433494801832793,60923337.38701726,-17.622263888849005,16.56760634531713
1994,Technology,0.0022825349169766,0.0293876193870969,3.6463375506656512,60240356.190476194,-17.399432351767054,49.839545493148464
1995,Technology,0.0016305622669983,0.0302029963886755,5.448136973720701,70356245.14705883,-17.6681494005992,49.41395024511994
1996,Technology,0.0005142089889359,0.0376070240317855,5.26719004290256,32472974.731770832,-19.31011354532805,-3.3212625103029803
1997,Technology,0.0016586595316653,0.036092515401262,8.684438434808621,33319072.01688825,-17.912390556903233,64.87801586940536
1998,Technology,0.0029942135279052,0.0426967762332959,9.78511797961712,42341759.19353837,-19.278373445278827,12.674159107361517
1999,Technology,0.0044629803236051,0.0446076230843435,17.233607031978092,39761519.71761787,-14.77566063891148,76.12058503409503
2000,Technology,-0.0001105988920958,0.0623388352447196,37.60267689518011,35095401.197478995,-13.512744490195738,118.1938860820365
2001,Technology,0.0002324271305228,0.0550953384983087,-1.596784426335702e+31,28743116.245479204,-8.423671263415242e+31,-4.246464768417529e+31
2002,Technology,-0.0016730811880024,0.0508210786799748,6.613013200999521e+29,22586886.093502708,5.950679556813573e+30,-104.14145647460693
2003,Technology,0.002266634436108,0.0403813312976094,4.181651346873461e+27,19851535.71765873,3.516270502091244e+28,-99.36766323916586
2004,Technology,0.0010733170127472,0.0389022825943702,1.1051433982979726e+26,29241269.167761885,7.359559376308215e+26,-97.35716034976406
2005,Technology,-0.0161924632421387,1.2195773496209268,-3.5897657904471383e+25,40107328.27059713,-2.105535059747883e+26,-132.48235293244048
2006,Technology,0.0012617287965378,0.0456022584924122,2.525108825779761e+25,46852646.43426295,1.215381020653583e+26,-170.34188226149527
2007,Technology,0.0011316878947497,0.0456823350902314,-1.5182962879255609e+25,53156974.28704231,-6.521488019901298e+25,-160.12795458257952
2008,Technology,-0.0017293478644683,0.0394533453694152,2.0273847463753917e+24,57089528.79709393,1.056452403269882e+25,-113.35302445575624
2009,Technology,0.0094883679635454,0.6536828262810466,7.341419842086892e+24,31367470.176491044,3.992936077211486e+25,262.1128083957455
2010,Technology,0.0007055262153106,0.027850165444782,4.818750331338867e+23,31540572.70768449,2.0459734575692117e+24,-93.43621474457306
2011,Technology,0.0001776276492816,0.0347082647623599,-6.86148191653561e+23,24393532.62949252,-2.689554334713716e+24,-242.39131402828207
2012,Technology,0.0009483009458248,0.0304425963763949,4.012779501436635e+23,24145188.05869142,1.4480591227291042e+24,-158.4826944127939
2013,Technology,0.0015293749419004,0.0253360165095776,-1.9101992327688356e+23,18148509.88463719,-5.559636965637205e+23,-147.602895501359
2014,Technology,0.0006317660934234,0.0226250341642931,3.332297060333229e+22,11792775.685232429,7.782766606763061e+22,-117.44476179850132
2015,Technology,0.0009000478824353,0.0803463640288887,-8.94572994204267e+21,10076448.753941908,-1.9766142792979565e+22,-126.84553561724805
2016,Technology,0.0009145059438445,0.0575583804887366,3.1430045958209195e+21,8379068.198544973,7.330343945872457e+21,-135.1341323311091
2017,Technology,0.0005416047160829,0.0345163852572866,-5.094190750817578e+19,6359943.709561753,-9.27456638274411e+19,-101.62080283229336
2018,Technology,-0.0007912405515819,0.0369997743844605,-5.324109065529877e+17,7490152.977158034,-7.66998140059939e+17,-98.95486656743756
2019,Technology,0.0006669753229516,0.0316376973149289,-4464256526303.271,6315787.463095238,-5486547521996.962,-99.99916150167635
2020,Technology,0.0006488081052855,0.0380748199350246,-1877594152.033449,8419238.515019763,-1918182654.100665,-99.9579416160122
2021,Technology,0.0004017886014752,0.0324325897128025,-126002.30957703775,5395135.812706817,-95900.83129852974,-99.99328916158797
2022,Technology,-0.001361150428707,0.0339441570983292,24.52864958192155,5940023.450720461,-79.17532407378954,-100.01946682538144
1984,Telecommunication,0.0011773847010528,0.0096816901829377,0.8574960415542361,2595158.537549407,-82.95825820306344,12.646394895651891
1985,Telecommunication,0.0012861423836158,0.0082636812696449,1.1402287971642282,1856377.047619048,-84.70865269392705,32.971902132344646
1986,Telecommunication,0.0013577038353381,0.0122251971692237,1.7303043595062415,2105986.466403162,-83.42512626897658,51.75062792744254
1987,Telecommunication,0.0002580933172805,0.023563130187378,1.666595396938427,2673711.4080370944,-82.35337300497343,-3.681951225389868
1988,Telecommunication,0.0008511646920438,0.0137751989017543,1.531652899608016,2117572.55625,-80.76862342932738,-8.096896077974492
1989,Telecommunication,0.0018564202147658,0.0163187545533278,1.9130321193249928,2219879.568452381,-78.98126282818271,24.899846421769567
1990,Telecommunication,-3.1545373785437576e-05,0.017130756441,2.117378577472193,1915651.8606719368,-78.2012168362965,10.681810100465206
1991,Telecommunication,0.0010585086978788,0.0147785609807754,2.254448209885552,1877838.8152173916,-77.06045790149373,6.4735533773557785
1992,Telecommunication,0.0001209573366683,0.0139753767167061,2.402891023011189,1993206.2411417323,-76.23725104749306,6.584441038597766
1993,Telecommunication,0.0010958489166533,0.0141673924283283,3.0659903214854216,2222044.541501976,-75.22030913017569,27.595895615909715
1994,Telecommunication,7.374009267151943e-05,0.0150875298798352,3.219081268897132,2671301.445436508,-74.30303381197108,4.993197347653089
1995,Telecommunication,0.0013916166994874,0.0148271324883047,3.752128527886593,2652855.8221153845,-72.90092984386307,16.55898731541139
1996,Telecommunication,0.0002782685486196,0.0179148280201776,5.307700251352951,1436035.6177698271,-62.448789447661625,41.45838054067254
1997,Telecommunication,9.560176652497118e-05,0.0272178321883687,6.097667997716421,1232747.570120482,-62.56851731491333,14.88342801879412
1998,Telecommunication,0.0024296232774094,0.0359748235929905,8.088601712918363,1258110.6065292095,-67.29095001513056,32.65073985575384
1999,Telecommunication,0.0026563001280341,0.0312139336177646,12.644057445299058,1508395.9726190476,-65.00531212401582,56.31944672346945
2000,Telecommunication,-0.0011860682116061,0.0350590246049098,16.845472301040175,2597559.379092702,-61.753432088920114,33.22837525784228
2001,Telecommunication,-0.0001840298306565,0.0285776026791041,9.12097134840456,2912942.8480325644,-60.21515393630585,-45.8550571607223
2002,Telecommunication,-0.0003506782077882,0.033032042356062,7.531487974422003,2683300.130291005,-54.9243625461751,-17.42668969419129
2003,Telecommunication,0.0016054856186309,0.020625923738112,7.4938545584299,2706821.545541401,-55.39531401982825,-0.4996810208010793
2004,Telecommunication,0.0012720588740154,0.0164940785421929,9.323102181883469,2469716.1434414256,-53.69396382557421,24.40996965167721
2005,Telecommunication,1.8282052723566387e-05,0.0137390037910754,10.485917409598963,2913056.963151928,-51.14186044513621,12.472406770088408
2006,Telecommunication,0.0014344834547689,0.0157536989046451,11.95629842564947,3985585.513944223,-46.31852195051322,14.022435602100948
2007,Telecommunication,0.0010922228546273,0.0174271274633232,16.112660887571106,4786089.354012521,-44.85745698645658,34.76295349909571
2008,Telecommunication,-0.0011768000460985,0.0327257281594778,14.276284497784465,6546442.842461886,-44.50549964466809,-11.397101959758704
2009,Telecommunication,0.0011247507097093,0.0236649060864401,12.03284155049698,5931823.54233928,-42.32867925168556,-15.714473521704075
2010,Telecommunication,0.000607330523299,0.0156894539754962,13.73366479816891,5519885.872486773,-39.15712269403692,14.134842884236942
2011,Telecommunication,7.930350284863554e-05,0.0180625919778061,15.59702050282211,5361723.889417989,-36.54699962016309,13.567796593532975
2012,Telecommunication,0.0005136383295864,0.0140182709237522,16.083638474210105,4886021.4021333335,-33.02790518394193,3.1199418587668504
2013,Telecommunication,0.0009198124087055,0.0143919467525409,19.447700189787245,4871580.507407407,-29.013962968193745,20.916049070434937
2014,Telecommunication,0.0002730748701171,0.0132620965319196,21.88437893327582,4970936.098941799,-26.01908239781666,12.529392780171356
2015,Telecommunication,-0.0001608205023402,0.0175053649239945,21.58601633898002,4055374.947750363,-22.370340038136344,-1.3633587464624397
2016,Telecommunication,0.0001636943613509,0.0311861773330103,20.584716017082343,3650363.572829132,-20.215544237355683,-4.63865266371325
2017,Telecommunication,0.0010730758151233,0.023084513404006,21.80895268559484,3616217.391610031,-17.561931931000718,5.947309000991585
2018,Telecommunication,-0.000356264590272,0.0175303278422804,21.94898922977834,4616453.752988048,-14.91338427832996,0.6421057728095203
2019,Telecommunication,0.0004798475853995,0.0202904761636895,22.279706770423747,3802916.572362278,-11.86922683491909,1.5067552185807245
2020,Telecommunication,-3.919231866080194e-05,0.0262891158268756,20.77789327627669,4838554.695187165,-8.990546249109642,-6.740723787894353
2021,Telecommunication,0.0003101387300512,0.0160469945080339,23.62457515780721,5167997.216153128,-5.226001905996067,13.700531828126897
2022,Telecommunication,-0.0006679797419494,0.0186669322407571,21.73743792270747,5266576.401434578,-1.904864467449317,-7.988026123196112
2007,"Textiles, Apparel & Luxury Goods",0.0012680084801928,0.0197405998122865,14.596553439638054,1234804.780876494,-20.118459320426965,4.17479513512653
2008,"Textiles, Apparel & Luxury Goods",-0.0018680565043216,0.0418788428227325,13.82964087851905,3105380.434782609,-19.30918142418094,-5.254066066283791
2009,"Textiles, Apparel & Luxury Goods",0.0026486880342883,0.0374116757198548,10.399753703720986,2543363.888888889,-17.988950189687227,-24.800985108192886
2010,"Textiles, Apparel & Luxury Goods",0.0013724205905929,0.0205608213249741,13.675339397262125,1090477.4064171123,-17.800653173578247,31.49676220090816
2011,"Textiles, Apparel & Luxury Goods",-5.262582414103359e-05,0.0264326055681288,16.583250430962806,1148411.2488928256,-17.892954916755723,21.263903945834507
2012,"Textiles, Apparel & Luxury Goods",0.0014164828466716,0.0196893808572803,14.125759531975374,586405.3610262675,-17.249519485255455,-14.81911467970729
2013,"Textiles, Apparel & Luxury Goods",0.0013837293142185,0.0190265320045529,18.56307731430607,519474.6835300731,-16.31275329468324,31.41295002428923
2014,"Textiles, Apparel & Luxury Goods",-0.0002938172902106,0.0147676463299729,20.52977202678957,406979.9751984127,-18.082327816047854,10.594658844456871
2015,"Textiles, Apparel & Luxury Goods",5.248727831347498e-05,0.020519331438778,20.24992729723453,455675.7752976191,-15.173699664822388,-1.363116595692626
2016,"Textiles, Apparel & Luxury Goods",0.0007791924035743,0.0210380736821422,21.945742972786466,565557.1448412698,-12.313375867524238,8.374428464163032
2017,"Textiles, Apparel & Luxury Goods",0.0012027896090128,0.0160712434253891,31.119816908442168,678282.719123506,-10.39655347166143,41.80343288915711
2018,"Textiles, Apparel & Luxury Goods",0.0002133117075094,0.0236556393546876,39.49646589777384,815097.609561753,-8.634868077046567,26.917410902437734
2019,"Textiles, Apparel & Luxury Goods",0.0011359686597189,0.0179090907491105,45.23198210306111,673270.4365079365,-6.478744423879085,14.521593451252413
2020,"Textiles, Apparel & Luxury Goods",0.0011849917551118,0.036176085698011,45.16230963376671,944854.6442687748,-3.5877979941590525,-0.1540336418060284
2021,"Textiles, Apparel & Luxury Goods",0.0006432285864605,0.0255883815835212,61.22312467320571,610426.2400793651,-2.3534931036249542,35.56243064112632
2022,"Textiles, Apparel & Luxury Goods",-0.0012344645936354,0.0306015951067958,46.88701121622735,898816.7943187796,-1.021625876669949,-23.416174090265866
1978,Trading Companies & Distributors,0.0002267248135799,0.0143832781179932,2.154029681569054,87206.3492063492,6875.941908503152,10.100258018135944
1979,Trading Companies & Distributors,0.0006329788409567,0.0127281928733815,2.3526255245736465,75607.90513833992,6642.249998919732,9.219735675133766
1980,Trading Companies & Distributors,-0.0001520210991297,0.0181839085239604,2.254214179374484,137495.65217391303,12573.693052927652,-4.183043334828951
1984,Trading Companies & Distributors,-0.0001999852209958,0.0122598183622264,3.810165866090375,156037.94466403162,1249.3920757597407,2.71439357605856
1985,Trading Companies & Distributors,0.0013549505991707,0.01535746500516,4.43717837995953,164750.79365079364,-45.08558905439252,16.456304945919186
1986,Trading Companies & Distributors,0.0007209546704585,0.0177087340944073,5.8607752671826026,154099.604743083,-44.07058646214464,32.08338194499309
1987,Trading Companies & Distributors,0.0018897726940814,0.0284173643713965,5.589918378439081,1357093.6416184972,-42.99308496178325,-4.621519788690486
1988,Trading Companies & Distributors,0.0013716428315254,0.0207963372305857,4.196843474028492,908661.6600790514,-41.849491871789176,-24.921202960383624
1989,Trading Companies & Distributors,0.0013979619603903,0.0141784295015779,4.431053712180565,1097776.1904761903,-40.60613537423265,5.580628384199837
1990,Trading Companies & Distributors,0.0005006376960701,0.0216437633950379,5.027547532596842,1428256.1264822134,-40.15361209789011,13.46166982306196
1991,Trading Companies & Distributors,0.0026384278736411,0.0225526227146703,6.594725609120173,1256531.2252964426,-39.2489184361441,31.1718201839426
1992,Trading Companies & Distributors,0.0009287097636173,0.0220928104795651,8.165815809873616,1107443.3070866142,-38.5458314450642,23.82343548275463
1993,Trading Companies & Distributors,0.0008708304918568,0.0163947098266815,9.230203973504866,882062.4505928854,-37.81773537635977,13.034682491175651
1994,Trading Companies & Distributors,0.0007393070582299,0.01758023321296,10.006136184173917,2131112.698412698,-37.109279963115256,8.406447061152168
1995,Trading Companies & Distributors,0.0018637619834284,0.0154319741866918,10.334369700461153,1498552.380952381,-36.0595108263188,3.2803222966961254
1996,Trading Companies & Distributors,0.0007643047090342,0.0200032549301698,12.290941112388776,1882813.385826772,-35.18250840210025,18.932663226092195
1997,Trading Companies & Distributors,0.000791488501559,0.0221905017014738,14.917084312901912,1946308.1553398056,-33.884504462920326,21.366494042234805
1998,Trading Companies & Distributors,0.0013856973607851,0.0366207676633838,20.44441910253631,1989603.4391534391,-21.563859909996903,37.05372091283117
1999,Trading Companies & Distributors,-0.0002437144856115,0.0283120405912687,19.82221382209864,1665099.2063492064,-21.657336089785183,-3.043399165890126
2000,Trading Companies & Distributors,0.0002339388725152,0.0353194847875244,15.35715650061451,1789230.9523809524,-22.43675570580981,-22.525522938846983
2001,Trading Companies & Distributors,0.0016507023850639,0.0243812844157319,16.97497044231302,2088662.9032258063,-20.80943620782969,10.53459305200004
2002,Trading Companies & Distributors,-0.0002578451343319,0.0300549507452943,18.75114269420584,1973601.984126984,-22.566858054492812,10.46347772992524
2003,Trading Companies & Distributors,0.0013092470854193,0.0221547101597964,16.950984946319036,1982170.7671957675,-22.71892701609584,-9.600256247012906
2004,Trading Companies & Distributors,0.0009796101078932,0.021771353885136,20.575722805091317,1941654.4973544972,-21.44904424544704,21.3836415420769
2005,Trading Companies & Distributors,0.0008644067226986,0.0170364105585492,23.54871287358501,2023521.693121693,-21.058425483719255,14.449018859050987
2006,Trading Companies & Distributors,0.0003764569967562,0.0213719002751761,25.53625359102584,1442861.439842209,-16.92240735375814,8.440124639127466
2007,Trading Companies & Distributors,0.0001997683111788,0.0225628578250197,27.18889324694041,1389361.901358113,-14.648089308660058,6.47173889475845
2008,Trading Companies & Distributors,-0.0016424689555154,0.0423782663953773,20.0358338247646,2074829.5783926216,-17.33845662080521,-26.308755406882
2009,Trading Companies & Distributors,0.0020292479662258,0.0374776587282221,17.162817844559275,1613374.8015873015,-17.74108448694267,-14.33938814492578
2010,Trading Companies & Distributors,0.0018663825053988,0.0227391077167771,24.186125741433845,1311441.9973544974,-15.85011078603687,40.921647951306575
2011,Trading Companies & Distributors,0.0009143958908658,0.0243143607166396,32.9803498264343,1309011.4417989417,-14.592379438551689,36.36061508575907
2012,Trading Companies & Distributors,0.001043967581329,0.0197233744434477,37.975179166529365,1181827.1080928126,-13.942883446314935,15.144864643284128
2013,Trading Companies & Distributors,0.0035718729770922,0.099038315434026,38.51002284906114,650805.1972062449,-16.33794549920237,1.4084033157193645
2014,Trading Companies & Distributors,-0.0035142041407709,0.1623813025841682,47.00488902029085,662057.8170995672,-14.422955123097775,22.05884479613289
2015,Trading Companies & Distributors,-0.0074178009908719,0.2708877552626902,43.31634338001378,959892.6443001444,-14.234197685098165,-7.847153173119537
2016,Trading Companies & Distributors,-0.0017031389600812,0.091168955465265,41.44500086015469,988689.9711399712,-12.561405901663028,-4.320176575021161
2017,Trading Companies & Distributors,-0.0003757127714876,0.0750078318255438,48.73018538972922,839776.2767113365,-10.36796877221288,17.5779572406247
2018,Trading Companies & Distributors,-0.0028789830254586,0.0908376706065454,61.94678371225048,862008.6805505252,-8.999832584734122,27.1219947488788
2019,Trading Companies & Distributors,-0.0009175712586421,0.0716029808995759,57.61858923266632,681560.4325396825,-8.100817551679057,-6.986955932513117
2020,Trading Companies & Distributors,-0.0003602804597596,0.0769848807636323,64.43451887405566,707322.4886812792,-5.727417008027356,11.829393485956974
2021,Trading Companies & Distributors,-0.0008659468300751,0.0793159264919383,99.9200992721844,479614.3376623376,-3.6273922040952553,55.07231375078503
2022,Trading Companies & Distributors,-0.0013835604180584,0.0533751694096125,103.85265426008228,545913.4605967866,-3.6240015722742944,3.935699640555335
2007,Transportation Infrastructure,0.0007370090062002,0.0259361236549007,4.144297436698452,712.5302197802198,-32.13100358712752,10.715834342061626
2008,Transportation Infrastructure,-0.0018778562750984,0.0477201213053203,2.923795793838652,1780.3774703557312,-32.101968876518654,-29.450145929489825
2009,Transportation Infrastructure,0.0035660662804128,0.0790009878989779,2.158190165720289,1754.595238095238,-32.09214738204717,-26.18533174347307
2010,Transportation Infrastructure,0.0008924466429019,0.0237917964024224,2.00203367386326,1540.505154639175,-37.18405335173471,-7.235529766437998
2011,Transportation Infrastructure,0.0005353809974461,0.027155929709882,2.0768451181501546,7427.69708994709,-37.88242319095848,3.7367725260351694
2012,Transportation Infrastructure,0.001476706620941,0.0307180199307505,2.1003059099894017,2654.07875,-36.10595638825553,1.1296360828362495
2013,Transportation Infrastructure,0.0013744791022461,0.0259851398978593,2.506071766143635,465.5416666666667,-30.857602172317904,19.319369346357785
2014,Transportation Infrastructure,0.0007223317375634,0.0172726977514151,3.0859893342805287,6047.849206349207,-26.400715458689483,23.140501240683765
2015,Transportation Infrastructure,0.0009567514958163,0.0262092424486034,3.741222054564527,2460.813492063492,-22.989625647527227,21.23250113036313
2016,Transportation Infrastructure,0.0003320183140981,0.0200777786226838,4.681651046351781,2092.3611111111118,-18.371121612428645,25.136946646614323
2017,Transportation Infrastructure,0.0015459938264769,0.0260380010799813,6.110793137752203,647.2111553784861,-14.140311079553271,30.526454817987634
2018,Transportation Infrastructure,-0.0002840635336875,0.020572026672093,7.438884437232616,1146.3147410358563,-9.958238424922914,21.73353392173474
2019,Transportation Infrastructure,0.0014790216794043,0.0270019708596476,8.338590392488099,1918.75,-6.560548809337999,12.09463546378451
2020,Transportation Infrastructure,0.0005930486686363,0.0439982520056158,7.730126761312306,4335.770750988142,-2.35255572985296,-7.296960307870903
2021,Transportation Infrastructure,0.0005228505679934,0.0250766182973223,8.184176831254883,1887.6984126984128,-0.4945302498702454,5.873772629641771
2022,Transportation Infrastructure,9.772784228791648e-05,0.0264198752889382,7.874657490042414,2284.718651211802,-0.5190870447130103,-3.781923919708496
1974,Unknown,-0.0018650522985025,0.0330062169538614,0.1773824015887322,17784.02489626556,-77.24460911176455,-29.53891134948717
1975,Unknown,0.0014116695511867,0.0314017263995478,0.1619575852815406,13386.343612334802,-79.38719063074925,-8.695798551061817
1976,Unknown,0.0024257991541764,0.0368869409518978,0.1781102587844718,20128.947368421053,-78.68988844591003,9.973397340329626
1977,Unknown,-0.001400683602943,0.0204360086846007,0.1782161130651725,12996.199524940615,-80.39065747040695,0.0594318830498874
1978,Unknown,0.0015048747498789,0.0216153264304923,0.206771021410004,23976.92307692308,-78.62815640267988,16.02262997083166
1979,Unknown,-7.659063453289023e-05,0.0164883378462006,0.2150093013876407,23353.681710213776,-80.0082413492229,3.984252687566414
1980,Unknown,0.0006295151675173,0.0261461007456208,0.2223601466966134,37981.79871520343,-78.20047780385832,3.4188499109254256
1981,Unknown,0.0012141576618091,0.0207509029166186,0.247113207379758,29350.44052863436,-76.90170742007047,11.131968138570048
1982,Unknown,0.0034405187638258,0.020392625028007,0.7484473250411424,35097.70318021201,-64.85289828796105,202.8762942204644
1983,Unknown,0.0018347092963591,0.020555795430814,2.202470082769949,44642.724867724864,-59.4897766915121,194.27188916052023
1984,Unknown,9.03707275329228e-05,0.0180829812509829,1.8763102698547451,71212.86472148541,-59.67506473482622,-14.808819219238012
1985,Unknown,0.0021332943652522,0.015744600773253,1.9880932399985989,88623.22149410222,-61.1744582112899,5.95759517707628
1986,Unknown,0.0007509397563648,0.0279232509507133,2.7360422304457,143596.07216494845,-56.61535672569532,37.62142415652639
1987,Unknown,0.0007322493363308,0.0457826929144435,5.632864860713925,201565.88909541516,-39.14775208208231,105.87638589907051
1988,Unknown,0.0012890962630501,0.0391185426410292,4.6359374973997305,190278.1263858093,-35.78437186955085,-17.698407257507696
1989,Unknown,0.0013024389697577,0.0272948491966267,6.786647573344826,200464.99327122152,-28.973402020079835,46.39212839153713
1990,Unknown,0.0003344682698749,0.0627930101922894,5.463451927319048,238035.85884597045,-31.78816851644867,-19.49704374252096
1991,Unknown,0.0023121184004654,0.0395515634264731,5.1073894790537295,277557.2167392356,-34.4315547484592,-6.5171699687681
1992,Unknown,0.0020272758477445,0.0636946588318362,3.9621298399242586,769173.4868761552,-30.897038675916598,-22.423581436786343
1993,Unknown,0.003849490319713,0.0653199708858821,3.604358281771381,942186.6223079396,-29.170131111039417,-9.029778745456696
1994,Unknown,0.0005135579768466,0.0419167548432615,5.1825622345628295,1430240.6847909722,-36.857592520227314,43.78598988821479
1995,Unknown,0.0017721079062263,0.0356130187949142,5.197159326774979,1563094.8954962834,-41.00685231117625,0.2816578277594184
1996,Unknown,0.0014887877538293,0.0513048371884009,6.4756043841168935,1613833.0584543662,-36.67819626213416,24.59891985138034
1997,Unknown,0.0036083043394223,0.1065214339839986,8.651168541176263,1154446.441204897,-32.56982061881481,33.596310521926064
1998,Unknown,0.0009478417263499,0.042952662704857,10.252859168424852,1359817.6076667588,-31.55104037551122,18.514153546138324
1999,Unknown,0.0015750635837744,0.0348475709239705,47.00801773049204,1461685.7320982788,-10.468393393848729,358.4869152914922
2000,Unknown,0.0010798941496447,0.0432715771447518,148.2124125004378,1180215.668178954,-3.59424759698431,215.2917728847326
2001,Unknown,0.0006362652546784,0.0396670972226266,109.56984769104656,1849387.145943098,-4.8720441878241205,-26.07242143722417
2002,Unknown,0.0055714567336271,0.5290199082035075,68.38353695029028,2142763.94215559,-5.889382211420512,-37.58909189769896
2003,Unknown,0.0029279957433579,0.0506215092016499,70.4527742231457,1755028.514806643,-5.967197118571382,3.025928995687366
2004,Unknown,0.001552971357627,0.0515613003680895,118.82812823281496,1428017.4960542405,-3.8216675172602894,68.66351899280725
2005,Unknown,0.0010126048540785,0.0389958189364265,170.57901277019204,1317399.975124907,-2.884503619133501,43.55103905700153
2006,Unknown,0.0060782258278577,0.3626407438794227,189.33820417461945,1324207.5201930655,-3.05793882678615,10.997361926170978
2007,Unknown,0.000756527149695,0.0421466319413689,226.14996257075617,1350875.40861678,-2.723349083585349,19.4423299600891
2008,Unknown,-0.0006873721561977,0.0836583524273104,164.70400462867204,1544391.148100943,-3.0653241210994704,-27.17044798221417
2009,Unknown,0.0038142984504302,0.2126600315082239,92.83777689724468,1409060.9460769908,-3.3214325197173884,-43.63356428002525
2010,Unknown,0.0019661753132096,0.0676096534866905,61.62836689646552,1074933.521312815,-6.3920425298820405,-33.61714492078215
2011,Unknown,0.0004325012996529,0.0561890828200457,38.19457819895075,994055.9791386704,-9.528082448384104,-38.02435449390228
2012,Unknown,0.0020272334349124,0.0907935935763427,73.45064764012123,892282.1257892478,-4.834005707100732,92.306476740039
2013,Unknown,0.0016663844250673,0.0801759325421726,126.73603290110916,726767.0845608906,-3.0235004160946124,72.54583447931596
2014,Unknown,0.0054346869613997,0.4402027790225483,188.3752737329189,682649.8162658459,-2.063348587675637,48.63592414945339
2015,Unknown,0.0144999847618437,1.8390330186991968,168.10967791591582,711374.3547220967,-2.3221319488402106,-10.75809760772315
2016,Unknown,0.0047317008799988,0.2046057417246806,138.5596937076626,839057.1100632036,-2.313654396891797,-17.577800739725035
2017,Unknown,0.0034404661703529,0.1332131773417058,131.91183056668598,719779.2547755021,-2.2110243477635105,-4.797833311469701
2018,Unknown,0.0039969246406555,0.2350099738811869,139.05961090273763,747152.646710013,-1.7661638563077409,5.418604461286902
2019,Unknown,0.0042199457492118,0.2537582088185792,137.63905878385663,1009051.5858317364,-1.6314988757417912,-1.0215418478875082
2020,Unknown,0.0089420950661785,0.5027429443120185,135.47085734478102,774849.0519713261,-0.9911557398330332,-1.5752806348962811
2021,Unknown,0.0044567618376149,0.2355595750199877,209.3191321591126,871642.4156673114,-0.5100119350823442,54.51229604783818
2022,Unknown,0.0151612306603711,0.9343364067316956,79.02257848685369,1096179.7714203976,-0.0927583475938018,-62.24779948600916
1974,Utilities,-0.0012612941726412,0.0237941154185902,0.5334361185846122,101692.53711023276,-76.12735480436235,-29.93279848699103
1975,Utilities,0.0017674282965754,0.0177291844056402,0.5774068406893069,119347.89284145806,-73.64700420374749,8.24292179940198
1976,Utilities,0.0008788216755039,0.0116588138848451,0.6900333240399196,194651.7575757576,-73.93291458718842,19.505567896660068
1977,Utilities,0.0002805565338773,0.0106749166556807,0.7808065477633813,176933.9294532628,-75.66441036675225,13.154904344621231
1978,Utilities,-0.0002890572223298,0.0099568998139862,0.7490095923370574,180651.08245149915,-75.70802556251324,-4.072321821250879
1979,Utilities,9.100267443637622e-05,0.0104307210638116,0.7324589643370545,214449.90206411947,-74.98269544157715,-2.209668363306505
1980,Utilities,0.0001557687481823,0.0145091583959343,0.6704286365653516,302210.0659099231,-80.15077046003172,-8.468778565342062
1981,Utilities,0.0006861993379412,0.0135497137691447,0.7234040414272197,320353.8864942529,-78.73709472135867,7.901721670670936
1982,Utilities,0.0011266016047739,0.0131363433922064,0.8526729873537389,505030.703886693,-78.01280411330134,17.86953604399024
1983,Utilities,0.0006823582175412,0.0104367354676817,1.0621777146524591,651944.2032279315,-77.26302456057287,24.570348821406405
1984,Utilities,0.0007482422380682,0.0117511962250841,1.1734747247812147,656557.6979578392,-78.10865857019405,10.478191040297968
1985,Utilities,0.0010346808477867,0.011656409498345,1.5542990082096328,807308.8538359788,-81.39492546582571,32.4527043818025
1986,Utilities,0.0010945440749583,0.0132508555495055,2.1820379487571357,910071.8428853756,-81.36295234837057,40.38727022483164
1987,Utilities,-0.0001791559038388,0.0178672881953889,2.309213985685304,1110982.6837944663,-80.22502362122165,5.828314626728015
1988,Utilities,0.0008090587964625,0.0108840360062288,2.37499331436531,1399495.5899209487,-80.19894570065168,2.848559253831362
1989,Utilities,0.0011589779923728,0.00906705302673,2.8634708350691844,720078.0588624339,-78.62550045813833,20.567532453640386
1990,Utilities,0.0001034015573864,0.0115721607450891,3.1715614763290985,604631.7809617919,-77.11094874692755,10.759342734932044
1991,Utilities,0.0011654458675316,0.0094378823411461,3.7412662843980966,692022.4706851119,-75.32394385790518,17.962912348412008
1992,Utilities,0.0004025126215029,0.0079410292042323,4.5152794698013725,637037.0511811024,-73.72357610773709,20.688535019041044
1993,Utilities,0.0003332133501717,0.0088870928618481,5.2534733637676565,680266.3162055336,-72.24230477237865,16.34879743110911
1994,Utilities,-0.0001981735324146,0.0125164455715075,4.792984792525079,803600.2991202346,-69.48369572987207,-8.76541174489418
1995,Utilities,0.0010754021786586,0.010548070021875,6.299518463084695,660239.5064102564,-63.43984554233833,31.43205613564928
1996,Utilities,-0.0001252317257889,0.0126130143370151,6.597688617668752,778879.1441550575,-61.90236465130538,4.73322137765515
1997,Utilities,0.0008126538774378,0.0165471242066431,6.7068681226813744,839622.5593412834,-62.10417108020043,1.6548144560844635
1998,Utilities,0.0007898573781259,0.0175569287647492,8.42844641111025,754002.6467242949,-64.63817097622311,25.66888534168161
1999,Utilities,-0.000682669137441,0.0170290566886047,8.43749255120649,766690.0522486772,-61.91384879525547,0.1073286778488169
2000,Utilities,0.0011883455899432,0.0219257627839584,8.1078207026083,1179822.1148589065,-59.72753560270523,-3.90722535868846
2001,Utilities,-4.938582301847413e-05,0.0214433540503244,8.897070234481683,1240196.117816092,-58.69972825345256,9.734422612718596
2002,Utilities,-0.0001864628694008,0.0283488536695847,8.637271976162218,1453342.295112782,-56.588363216987126,-2.920042794678468
2003,Utilities,0.0011887887872718,0.0161378283995439,8.894156835262134,1392784.736119775,-54.1807560638031,2.9741434541934675
2004,Utilities,0.0015370434473728,0.0430574857737776,10.9789674621273,1292153.781868567,-51.17670793800647,23.44022784261732
2005,Utilities,0.0025529717024685,0.1009159668843382,13.82575465791028,1334689.557032755,-49.14424783206368,25.92946199725217
2006,Utilities,0.0010958446318475,0.0145643102168746,16.46530780443373,1618523.7093444404,-47.52532076731612,19.09156651360984
2007,Utilities,0.0008770629984671,0.0197487149299138,21.36874025686631,1986871.5012676567,-45.85883908478836,29.780387410141195
2008,Utilities,-0.0005921318011635,0.0494180624007153,19.85469932802145,2008774.124406048,-43.255886331150926,-7.085307372568961
2009,Utilities,0.0011703564978043,0.0364656425676466,16.146250658116195,1812995.33688672,-39.47210610049882,-18.67793920541232
2010,Utilities,0.0003274961825136,0.0250336556888687,19.69809802461633,1571739.2056605965,-35.33066812925298,21.9979699418003
2011,Utilities,0.0019937992953257,0.1348530713560375,20.602908093906432,1425589.4283098136,-33.1391366907277,4.5933879918730325
2012,Utilities,0.0004746116513598,0.0199690461048658,18.76324291390086,1181997.9308627218,-31.42761067762875,-8.929152970156073
2013,Utilities,0.0006881217898055,0.024541943489431,20.572815054368533,1101152.8531004856,-29.730884599881502,9.644239797839216
2014,Utilities,0.0013697735129721,0.0894481217680051,21.667611138495094,1074350.65448246,-27.542596122396173,5.321566743458805
2015,Utilities,-0.0122789201060237,1.5169459543513033,23.036559252370857,1087941.3422746782,-25.57283227854535,6.317946658382034
2016,Utilities,0.000987472810901,0.258196265178108,24.946890120993764,1074721.5631681243,-22.11160525958577,8.292605018374433
2017,Utilities,0.002034846118489,0.2340445559271027,27.458630230810225,923222.2386372876,-20.344491573621447,10.068349592411677
2018,Utilities,0.0156522141601131,0.4938586508115002,29.44592429459892,1145379.5714285714,-15.090901693967448,7.237411506269642
2019,Utilities,0.0146170992732507,0.7854442522991842,34.600185758876684,972370.6073858116,-11.600144389695089,17.504159192663458
2020,Utilities,0.0053909593707934,0.27825460639817,36.10302089314848,1099946.5531729013,-9.396866411635814,4.343430826484052
2021,Utilities,0.0109957419906905,0.7990383627144259,39.8875733579484,902105.1344551157,-7.420945705836866,10.482647632176768
2022,Utilities,0.0120163133573634,1.3673238663543714,43.21335505398712,1026920.6139863672,-1.7529960235554194,8.33788926238601
