Year,sector,avg_return,volatility,avg_adj_close,avg_volume,avg_range_pct,sector_growth_yoy
1981,Aerospace & Defense,0.0004890130033329,0.0292502011736833,2.843157845641313,33600.46442687747,7438.366255917144,93.81047532749989
1982,Aerospace & Defense,-6.068246537036267e-05,0.0288530826600321,1.8606975868697693,23356.367588932808,3417.508427352061,-34.555248498696564
1983,Aerospace & Defense,0.0023077989636114,0.0299717843341779,2.3500655940457764,38429.27470355731,4578.983890759362,26.30024409282248
1984,Aerospace & Defense,-0.0003920157426902,0.0237151139193897,1.896223094446857,20457.100790513832,3049.571476243682,-19.311907750523797
1985,Aerospace & Defense,0.0016644196944286,0.0250466540125492,20.600959064098323,24088.324546952223,9.760066492394104,986.4206392395924
1986,Aerospace & Defense,-0.0011090445370873,0.0327011912748924,25.97876236735517,23912.931082981715,6.677749457153944,26.104625937677085
1987,Aerospace & Defense,0.000280223529349,0.0587683393516253,11.135347607996586,21457.76489707476,17.271705059929012,-57.13672787588515
1988,Aerospace & Defense,0.00149274118426,0.0615108054355491,9.695498876007813,14857.92252803262,15.733852810536185,-12.930433630601543
1989,Aerospace & Defense,0.0013287832630942,0.0556064409355374,17.007962114102536,11343.745967741936,7.367913812749132,75.42121691324132
1990,Aerospace & Defense,0.0018613900875468,0.0843955226424755,19.54218652343078,12046.882709807887,3.1973595712965057,14.9002237441894
1991,Aerospace & Defense,0.0041390314417252,0.0583933426842988,27.299464718067444,9709.686449060337,2.6158197804153995,39.69503712051776
1992,Aerospace & Defense,0.0017068548167328,0.0490715252200414,25.15380218614761,15988.216403162056,-2.8946988081223224,-7.859723822715758
1993,Aerospace & Defense,0.0017329084203145,0.0382286035664256,32.35701315115289,17015.99504950495,-9.547173116410114,28.63666857081406
1994,Aerospace & Defense,-0.0010982841383313,0.0442521861622349,16.792143791540525,16537.539682539682,-8.733554813927784,-48.10354184084444
1995,Aerospace & Defense,0.001401315351582,0.0425268287522231,13.421325797930596,23360.785714285717,-7.944468000876956,-20.073779950050607
1996,Aerospace & Defense,0.0022906238651477,0.0487313645400293,12.981767168493462,28551.105263157893,-7.8416276382818335,-3.275076069645133
1997,Aerospace & Defense,0.0016592239617575,0.0420327077345957,9.25256566518904,31414.027134348114,-15.820744222528417,-28.726454995704543
1998,Aerospace & Defense,0.0016951832308381,0.0545733574134692,7.735740523358141,53012.24311926605,-16.966201863712346,-16.393562571921606
1999,Aerospace & Defense,0.0017833167681994,0.0414480683034031,18.550443746699138,54717.90183028286,-8.210434229178539,139.80178356145606
2000,Aerospace & Defense,0.0016830452140427,0.0537171644580535,85.57399306284925,77789.1415762152,-2.484400812535044,361.3042913222832
2001,Aerospace & Defense,1.6271859242228096e-05,0.047353752296599,21.383819195748444,120569.91524663677,-9.97224406713416,-75.01131076115234
2002,Aerospace & Defense,2.014628196017041e-05,0.0366306425984496,13.390843733635952,93540.50899280576,-11.800025862673996,-37.37861505909882
2003,Aerospace & Defense,0.0028712307234512,0.0414201156314227,19.597643846748632,80223.2820045558,-8.026093453146892,46.351075679585854
2004,Aerospace & Defense,0.0011666147550122,0.0320446897936083,21.070754867321497,104439.98853109837,-10.824462896506745,7.516776159891614
2005,Aerospace & Defense,-0.0001599810784873,0.0261488949686646,18.75484612994093,93952.25044091712,-13.196860279589725,-10.991104741920266
2006,Aerospace & Defense,0.0008410427280942,0.0265123910931293,15.13947821128659,92028.65099778272,-15.82084881445518,-19.27697989951852
2007,Aerospace & Defense,0.0011638228734427,0.033762134986621,18.348680068439524,128174.69434416364,-17.826077462418986,21.19757241541158
2008,Aerospace & Defense,-0.0011505882682979,0.0486765456846089,17.980369463562965,165057.34375,-13.967702256292757,-2.007286646793016
2009,Aerospace & Defense,0.001924597934121,0.0453512100687178,14.83022970666015,138168.63055555554,-12.760290015966495,-17.51988335549245
2010,Aerospace & Defense,0.0011849979639792,0.0289964248216618,17.190372904614797,109724.925,-11.450504209022697,15.914407562377296
2011,Aerospace & Defense,-0.000123811213405,0.0306797093437264,18.561982269987222,133028.798015873,-9.76876587417432,7.978938985111927
2012,Aerospace & Defense,-4.797668953749334e-05,0.0266225149179482,16.242133053827285,131283.4164,-8.615893997681969,-12.49785277465163
2013,Aerospace & Defense,0.0021228008671099,0.0265487408905225,19.619081770900696,149820.42142857143,-6.667266164162157,20.79128834791604
2014,Aerospace & Defense,0.0006553915710854,0.0424910370659009,25.960938752359816,230141.25793650796,-5.753492994289484,32.324942907702514
2015,Aerospace & Defense,-0.0002426513775255,0.0308515392773629,27.47299522170945,179512.49841269842,-5.084316779179289,5.824352053571991
2016,Aerospace & Defense,0.0014436042339093,0.0291739493717886,28.718242448592,181166.87619047615,-4.404874091773992,4.532622733099512
2017,Aerospace & Defense,0.0016786516213168,0.0223392840047893,39.31305902892375,328492.8027888446,-3.429705068201939,36.89228753917422
2018,Aerospace & Defense,-7.476553434659535e-05,0.025340031991979,44.72852813789094,311596.5784860558,-2.766284147511915,13.775242229262496
2019,Aerospace & Defense,0.0014127324686542,0.0247246736878603,52.73796309000916,282145.97857142857,-1.9604962633932213,17.906770657479278
2020,Aerospace & Defense,0.0012907421921655,0.0441197187276108,47.39581527097423,336319.34268774703,-1.4564048820275837,-10.129605896832528
2021,Aerospace & Defense,0.0001118501298499,0.0284701086966437,56.36381890471019,332229.6059523809,-0.7574678966556342,18.921509383188265
2022,Aerospace & Defense,0.0002132017138763,0.0295814073915946,57.397787871057865,284272.4244846445,-0.1768028662217008,1.8344551282015065
1987,Airlines,-0.0029423541997864,0.0446512162320733,1.0303307192127695,73366.00790513834,3474.9535271740315,-16.22172006193293
1988,Airlines,0.0023052282835488,0.0382971608118701,0.6952569774488215,43738.339920948616,499.020890705343,-32.5209891849059
1989,Airlines,0.0016594869478555,0.0340393975385645,0.9981089816206976,53338.09523809524,1869.5146393252105,43.55972165617992
1990,Airlines,0.0003597142987749,0.0386996828957781,0.9107581652671451,49764.42687747035,1.2657680819270478,-8.751631130672221
1991,Airlines,0.001540425012864,0.0429464618765367,0.7761634847392207,104082.21343873518,-19.293350626418963,-14.778311703463563
1992,Airlines,0.0036842627145755,0.0401875655684179,1.288190419514348,235854.3307086614,-18.3954196588404,65.96895433017707
1993,Airlines,0.0056460138190056,0.034942508206677,4.095829213560806,407835.57312252966,-18.348996684754763,217.9521561032061
1994,Airlines,-0.0034717972681683,0.032600202849173,5.613611113457453,527087.3015873015,-18.840084948103776,37.05676728100504
1995,Airlines,0.0013974432020378,0.0814067336529405,3.5283564903575524,361213.2124352332,-13.55470610739352,-37.14640328577341
1996,Airlines,0.0016955903125089,0.0406065087192615,3.3268801917241317,175468.89763779528,-11.203079555590708,-5.71020244649384
1997,Airlines,0.001781564555366,0.0300087913636867,3.547888080097588,451661.85692541854,-11.96227679201112,6.643097305494505
1998,Airlines,0.0021481135761553,0.0393418963322164,5.269623858588083,450826.4550264551,-14.944086969531966,48.52846932091322
1999,Airlines,0.0002267979205512,0.0313142385655787,6.093688911861843,377106.3227513228,-15.502753438133322,15.63802418137974
2000,Airlines,0.0022020020568949,0.0324021190627812,9.41083844282009,327972.5,-15.560122505205657,54.43582005804653
2001,Airlines,0.0020507141835729,0.043160120353411,11.476914801745004,429031.30376344087,-15.546915675823032,21.95422194821768
2002,Airlines,-0.0007445111865923,0.0338435941172252,11.541836557804713,715327.2981895633,-12.984838198303777,0.5656725451149702
2003,Airlines,0.0029886403567858,0.0537482487502882,12.662344194564318,1102045.560515873,-11.144866749451852,9.708226512719984
2004,Airlines,0.0011257659489122,0.0327042528369061,12.705120968203696,1280285.496031746,-10.483079166309908,0.3378266534386442
2005,Airlines,0.0010051196392441,0.0258154236584108,14.826618334748025,1105276.781395349,-11.18383474390233,16.697970620300783
2006,Airlines,0.0011207660092163,0.0277638169835054,20.769073279823843,1542023.751968504,-10.186392493801518,40.07963792491329
2007,Airlines,-0.0008976209612998,0.0287541514454259,22.211145168281647,1738307.2888446215,-12.605056401079793,6.943361742859788
2008,Airlines,0.0015110562414194,0.0614086218092811,13.55977998899691,2898449.039525692,-13.570738578477282,-38.95055889166494
2009,Airlines,0.0005133540081272,0.0460808302221045,14.029254124987691,3129419.769179894,-14.363805649098492,3.4622548180850865
2010,Airlines,0.001159969699866,0.0264878089442863,16.43308685475556,2898802.871031746,-12.97102490319234,17.13443001567967
2011,Airlines,-0.0005256287838867,0.0292709085712549,15.908855516443808,2388541.6322751325,-11.80404180372973,-3.190096559126065
2012,Airlines,0.0015171106415374,0.0247391744342641,18.97503059895833,2312591.938,-11.661134878472652,19.27338568978294
2013,Airlines,0.0017252533519572,0.0203246336662751,28.49551217833524,2344600.4312169314,-9.223926166296351,50.17373505526545
2014,Airlines,0.0023038589731361,0.0233818282240676,38.61809060560963,3733339.494708995,-7.919088781216931,35.523412823477706
2015,Airlines,0.0010919452886074,0.0251012951038285,57.78948258975196,3664318.375,-6.218056583393397,49.64355224066284
2016,Airlines,0.0010500000988169,0.0224260267385638,57.224033114771366,2933458.8624338624,-4.008528812212291,-0.9784643323331288
2017,Airlines,0.0003983943473653,0.0194931797934218,64.89786061062756,2239181.4077025237,-2.9490982712323768,13.410147936383977
2018,Airlines,-0.0011743316798697,0.0227764063339465,65.72989792462839,2233104.8472775565,-2.130992241150175,1.2820720223627458
2019,Airlines,0.0010657317150136,0.0192118955675947,57.89877763690141,2206874.074074074,-0.9110334480353834,-11.914091661464044
2020,Airlines,0.0007180318451067,0.058824678357111,47.968033297731,13827153.754940713,-0.3294116155835054,-17.151906731863576
2021,Airlines,0.0004006733179397,0.0275420205002982,70.20947752617023,7992119.642857143,-0.1304102980249411,46.367221458486
2022,Airlines,-0.0016940439283799,0.0327591686780599,45.62498599507896,8113804.273109243,-0.2240624539995873,-35.01591579559544
1994,Auto Components,-0.0007157504327547,0.03599162714017,10.509218043999176,612089.9412628488,-22.976590896461,26.546963067282125
1995,Auto Components,0.0009292505135737,0.0385353822945644,24.621297853524577,462685.26385224273,-10.180288126766044,134.28287195528773
1996,Auto Components,0.0006380550861521,0.0478768820962601,537.3423254567002,372299.0534308212,-0.626702450144077,2082.428922526433
1997,Auto Components,0.0025062011974152,0.054364076779917,372.23522439769,270796.45849802374,-0.3061819940271502,-30.726613787343425
1998,Auto Components,0.0004411621828062,0.0551573966587555,194.73238484787836,297073.3650793651,-1.3890519738400957,-47.68566430998765
1999,Auto Components,0.001701261331717,0.0942834992626135,196.4420008633683,428910.9280045352,-0.9983897438969516,0.8779310215018876
2000,Auto Components,6.157397775381361e-05,0.0644314905096253,226.9435515035949,528897.264739229,-0.0252945188937535,15.52700059364669
2001,Auto Components,0.0043660323898969,0.0547901688727522,197.73611948621988,456911.1555299539,-0.5533098637259521,-12.86991052350407
2002,Auto Components,-8.528119267708024e-05,0.0382926583151318,258.93672209748337,514245.75226757367,-0.7248036094927592,30.95064410603472
2003,Auto Components,0.0032197855934389,0.0414188687656085,215.09100391486663,685640.516063233,-0.0381014678461512,-16.932985722322492
2004,Auto Components,0.0014965118216949,0.0511181200402951,247.42250257848747,834298.6304563492,-0.4535224650194231,15.031543893122423
2005,Auto Components,9.104554718032487e-05,0.0407941928859279,141.74726741938363,644942.5277777778,-0.8693319818032732,-42.71043824139702
2006,Auto Components,0.0013892872991726,0.0365729124806799,141.70629522026297,739823.7569721115,-0.2500082223696418,-0.0289051068613765
2007,Auto Components,0.0009058077270102,0.0337198777508208,248.31193431982408,818817.9076996653,-0.6967728407862621,75.22999520512288
2008,Auto Components,-0.0036552070138605,0.0647725476128223,171.41838209418728,832691.8462889767,-1.1844641440688923,-30.96651493463799
2009,Auto Components,0.0061109045839941,0.0760077639206871,33.3901683796046,987597.1578483244,-2.868807534053309,-80.52124400447434
2010,Auto Components,0.0024543103191426,0.0611223351004123,32.68418889467784,890066.057319224,-1.5751366292837563,-2.114333407668567
2011,Auto Components,1.3081973437804282e-05,0.0510232296328512,21.45164794176554,1047335.8862433862,-3.528148198913762,-34.366895226031936
2012,Auto Components,0.0014579076106281,0.0382504192394195,15.33634278371599,1054331.3475555556,-3.674574232961355,-28.50739101560251
2013,Auto Components,0.0023495475426809,0.034282455484884,16.662998183360326,881624.247361756,-2.7346885882235967,8.650402630886479
2014,Auto Components,0.0012591045559482,0.0452103378533897,23.54890804924662,921276.0476190476,-2.451475918494407,41.32455510174972
2015,Auto Components,-0.000157331465273,0.0334418086167589,22.43148804964527,677848.8218253969,-2.582697899116917,-4.7451032432779705
2016,Auto Components,0.000573676881739,0.0373535461075846,21.10481629452062,724134.2396825397,-2.546052812954932,-5.91432789562808
2017,Auto Components,0.0007449971092524,0.0292360206729971,25.86196317770092,616055.7051792828,-2.2398362044395848,22.540574704814563
2018,Auto Components,-0.001353253804389,0.0435659451023843,25.93519953958304,683933.1792828685,-1.929697152677745,0.2831817576218309
2019,Auto Components,0.0010205698613291,0.0381060326691631,26.13330283326407,694110.3571428572,-1.1864018673124566,0.7638394814687199
2020,Auto Components,0.0043032980374462,0.0881634266526226,26.916344167121316,1407607.9051383398,-0.7511169705451659,2.9963351316640185
2021,Auto Components,0.0011801789430417,0.0497187668642795,41.96348823623525,1007090.238095238,-0.3057629118662873,55.903372225022416
2022,Auto Components,0.0004280851856355,0.0520767920645333,31.88928769711137,770161.1635140815,-0.2402856449275825,-24.00706176381413
1981,Banking,0.0004386480236592,0.0104523253050115,0.8303520133883271,21086.72815107598,24.97210910512246,12.88383186860944
1982,Banking,0.0005003807817047,0.0149201554710365,0.7921238814833974,34848.71953327571,43.845557871708735,-4.60384647577794
1983,Banking,0.0013081883602934,0.0123818991000973,0.923196827077035,39774.88482047636,87.23422902378127,16.547026122754872
1984,Banking,0.0006992020480542,0.0113233557702924,1.3617312298992867,37820.55321910696,15.961503115182554,47.501723355214565
1985,Banking,0.0021295562870788,0.0199271755569877,2.2178652578850304,39611.5683176772,25.615377920690456,62.87099900389763
1986,Banking,0.0007380624363107,0.0327509472973877,3.3072199612506354,39096.442509330016,56.19065473073229,49.11726262416951
1987,Banking,7.138514841277199e-05,0.0295289850639504,3.575603324691049,42605.24723443956,53.47964949713718,8.115074491111972
1988,Banking,0.0009350327166005,0.0286939359939424,3.315884800921672,24602.085994498266,28.202599734586443,-7.263627986245336
1989,Banking,0.0006738926798002,0.0232985815879375,3.5330501226508413,29594.367496843795,35.58930712084005,6.549242050532245
1990,Banking,-0.0003586654592362,0.0308413309613529,2.993355012818673,32490.56283408448,-33.11313816642726,-15.27561430199118
1991,Banking,0.0016206267744256,0.0383222509443459,3.190964727860599,35237.437365222504,-42.59346331161648,6.601613046086663
1992,Banking,0.0020378101443718,0.0319685558958839,4.2887476977445385,31803.894676839427,-49.78118359854031,34.402855045657454
1993,Banking,0.0012954760654661,0.0280776055857366,5.400908079882385,34965.74526363844,-49.05857955951647,25.932054308597685
1994,Banking,0.0004454561652959,0.0315859599486533,5.576960817311751,32070.28999772417,-47.0794649244287,3.2596877196473084
1995,Banking,0.0013280343421093,0.024263095092733,7.436491295625816,34301.12345183774,-41.41925710792043,33.34307948769863
1996,Banking,0.0010070197002016,0.0200649515198531,12.128957890381942,37153.8977086743,-34.88620373882906,63.100545784491935
1997,Banking,0.0020564729075765,0.0222192554904715,16.623908285025557,39395.24306716386,-33.66172246057794,37.05965867197902
1998,Banking,0.0001015558000607,0.0253191702488648,18.30462355430379,41765.252439719006,-34.946680662573165,10.110229438598296
1999,Banking,-0.0001131826300485,0.0251957872841286,17.710900832291024,41879.02610868208,-33.21318523550637,-3.243566961382116
2000,Banking,0.0001173188943695,0.0298224154698534,14.286901091990394,47168.22731980406,-31.931185008374875,-19.33272492869417
2001,Banking,0.0013178942831103,0.025569424253675,14.474953260561618,53382.639602738185,-33.59049888452203,1.3162558301509586
2002,Banking,0.0009778678158268,0.0252246277316914,16.971647106204873,59635.823975141735,-32.707839453200194,17.248372417517466
2003,Banking,0.0015145785733076,0.0181489881888444,24.426864347527328,54214.71553398058,-27.2950029178808,43.92748208037398
2004,Banking,0.0007485748779653,0.0180022373164786,33.456313310314634,50693.90399137001,-23.205956703036502,36.96523972263896
2005,Banking,6.624821144914492e-05,0.0177394588030689,34.38474295611125,60403.27207450067,-22.07515925987541,2.7750506673739794
2006,Banking,0.0005659414146622,0.0161731668264694,35.907340692484404,60434.066908206805,-20.270583735698555,4.428120164564264
2007,Banking,-0.0006733057647894,0.0209159033525628,31.89489651584023,109792.24788555186,-19.86864710783851,-11.17443982000037
2008,Banking,-0.000103912647037,0.0444643865702226,23.279796936666077,265534.87029731984,-18.908179341113414,-27.01090306060585
2009,Banking,0.000344823290457,0.0473280820838414,14.740461631369287,477484.4316428397,-19.74252611800583,-36.68131353777914
2010,Banking,0.0009351640321411,0.0327290351381743,12.636238499246142,352172.5060484314,-21.567805021406244,-14.275150838187676
2011,Banking,0.0002244150677799,0.0350445943695275,11.996356561248136,313738.1713173264,-21.06249969138805,-5.063864044954358
2012,Banking,0.0010777671363171,0.0278951281460945,12.80221943364266,250830.9349704411,-19.80461382096429,6.7175635225590336
2013,Banking,0.0014272573260948,0.0195978208956905,15.793123545775297,208157.30834448908,-17.552536800443715,23.36238749566275
2014,Banking,0.0004418365939229,0.0169454284405065,18.18143404741358,210871.6574128641,-15.608276040408184,15.12247083178908
2015,Banking,0.0005322683122181,0.0196041194325001,19.975788279420502,224669.0462478185,-13.687575602433274,9.86915678558471
2016,Banking,0.0014494073287675,0.0185620738707023,22.21422002864956,280052.5753344968,-11.722080764736988,11.205724239353977
2017,Banking,0.0004894966957465,0.0213990019741627,29.54782521142343,230444.57681316615,-10.075479773590413,33.01311130130051
2018,Banking,-0.0003219557690647,0.019795182574437,32.35018653676016,252638.1635803112,-8.46938102155685,9.484154266126213
2019,Banking,0.0008697931732394,0.0168814463687197,30.57582187590007,239279.19938409392,-6.390042355781718,-5.48486686110402
2020,Banking,0.0003026024311472,0.0426466823815407,25.857539973166503,307716.7269021739,-4.058806607477876,-15.431414801812815
2021,Banking,0.0012874330542608,0.0208705124449456,38.13444106278597,283957.0605157098,-1.4129072631945554,47.47899878472488
2022,Banking,-8.50386963741043e-05,0.018217011133156,38.757185648373856,311939.2230327048,-0.4141455286012797,1.6330240282336206
1989,Beverages,-0.0010639305407532,0.021615252022176,3.048625011396195,134360.7142857143,8271.434614098773,345.49220605243
1990,Beverages,0.0020596986306487,0.0675278526563107,2.36307991457654,163498.2213438735,-8.42651153584821,-22.4870259299517
1991,Beverages,0.0007424260022403,0.034223713432091,2.9429603025598827,68578.0412371134,-28.25921250518068,24.53917806191741
1992,Beverages,0.0031628463884527,0.0564204288687298,3.607333612226189,168510.43285238624,-20.795604060390698,22.575000725915785
1993,Beverages,0.0012395773612027,0.0392692949645768,8.22712489208317,275449.347826087,-11.170325737209284,128.06664912275676
1994,Beverages,-0.0003261258348336,0.0432732194679102,7.024573193271936,376199.1881918819,-12.706516014270829,-14.616913132902964
1995,Beverages,-4.354500947977142e-05,0.0663125243350498,3.97693826524866,181816.57142857145,-11.341420881615765,-43.38533949567598
1996,Beverages,0.0037504869975216,0.0653192431513877,3.2235399681326795,331606.92913385824,-13.16412448379656,-18.9441788347417
1997,Beverages,0.0012190992821948,0.0518071028807861,3.6371772296461664,250978.40316205533,-13.82138923760392,12.83177083587077
1998,Beverages,0.0013854742640063,0.0445318138832204,2.9322783061391897,623283.1587301587,-16.294343732993745,-19.380384265067864
1999,Beverages,0.0003108255433206,0.0385618426274062,2.1148001069291715,478792.77777777775,-17.830909745558948,-27.878602024183653
2000,Beverages,0.0011200326209945,0.0438283680122807,2.306061936158037,301205.28571428574,-14.71331349424666,9.04396725733998
2001,Beverages,0.0018579184693151,0.0347281392222514,3.6751617290890746,182217.5483870968,-12.06612427656619,59.3696019809423
2002,Beverages,0.0006879794721464,0.040452291365257,4.895965016473617,106696.26984126984,-11.879451250940011,33.21767523104706
2003,Beverages,0.0023456492866214,0.0332623542163681,5.474832065421201,152439.73015873015,-10.344133589663691,11.823349370345817
2004,Beverages,0.0021753329080948,0.0366004179191341,8.528395238991768,2067275.380952381,-10.30379058215246,55.77455412480574
2005,Beverages,0.0019733929557738,0.0298419073524282,7.130058975021044,4560534.587301588,-9.64255632520486,-16.396241318384718
2006,Beverages,0.0021786612110951,0.0350188170849242,9.38453546985687,7087913.880478088,-10.95875446453,31.619324647019088
2007,Beverages,-0.0009691867525277,0.0280878860928764,8.424387432664513,2581786.199203187,-10.53994511021699,-10.231172765837492
2008,Beverages,-0.0021901254696727,0.0625569184144348,4.030428512765485,3389499.9209486167,-11.24317957638013,-52.15760736337932
2009,Beverages,0.0054683552837992,0.0561356605714771,3.899977194056624,1923255.0,-12.728144710789,-3.236661270524588
2010,Beverages,0.0010681075614865,0.023679502294052,5.807447439715975,1222305.3174603174,-10.81054562678195,48.90977948707605
2011,Beverages,-8.690757574219968e-05,0.0257623495096135,7.00396729215743,1327671.5873015872,-8.270561796860507,20.603197271467224
2012,Beverages,0.0005742276224754,0.0268518504143979,7.960520158958435,1585539.84,-6.605148236273529,13.657300596935794
2013,Beverages,0.0014586529019402,0.0220285094717747,8.643764834744589,1155479.603174603,-4.70610792384168,8.582914962124178
2014,Beverages,0.0014249796296199,0.0227206612607152,11.346032009805953,1007743.9682539684,-4.441992398183581,31.26261793008638
2015,Beverages,0.0019938511594301,0.0230796422631396,17.732280211978487,899825.2380952381,-3.928575745426736,56.28618178278659
2016,Beverages,0.0009265138375746,0.0225518882786352,24.108007704643978,1043714.6031746032,-5.010685956893399,35.9554857945374
2017,Beverages,0.0016510656627044,0.0174439392195401,33.2851232684466,820638.486055777,-5.289121284255641,38.0666692836456
2018,Beverages,-0.0007519383041334,0.0191690787750473,40.15509976580798,964403.0278884462,-4.786011936584756,20.639780847301047
2019,Beverages,6.854245210603956e-05,0.0228023771697097,32.59502013410841,1086463.5714285714,-2.9898198940630296,-18.82719673414177
2020,Beverages,0.0013233792928039,0.0305705949946773,31.632828441815885,1002075.8102766798,-2.541622293387398,-2.951959189881459
2022,Beverages,0.0004941259925845,0.0265943640720841,44.5269818319326,714849.3340336134,0.0407420901247742,-3.288270739688315
2007,Biotechnology,0.0009778441135735,0.0687273557848202,47556.40577647719,918147.093449968,-0.4398937320203047,-34.319790208437674
2008,Biotechnology,-0.0005410877102109,0.0910649887950326,27917.736571865666,910250.2200192758,1.0210163601418256,-41.29552871786915
2009,Biotechnology,0.0081700748462372,0.2452603624090014,37443.033876187874,888216.730500821,1.6939541383306365,34.119160340245514
2010,Biotechnology,0.0015065810467589,0.0627663186918113,19382.6150986502,861813.1749885178,-1.4184844628153277,-48.23438943878774
2011,Biotechnology,0.0011116927121514,0.0821325882288925,1519.3824646030578,760837.5265709609,-0.2906536897183449,-92.16110696688771
2013,Biotechnology,0.0028961357122847,0.0656777397152314,3083.5340716697697,764039.5843576005,-0.4068333349732133,-45.86904277494549
2014,Biotechnology,0.0014442774313043,0.0525185953445802,3852.5477460352095,767313.2481269097,-0.010259803876641,24.93936037324247
2015,Biotechnology,0.0006512347511621,0.0480060424180784,2379.001209385118,713369.9094040132,-0.2013396037739665,-38.2486249045601
2016,Biotechnology,-0.0002472064999506,0.0599766572525902,774.9007530199654,805835.0790813483,-1.222850936842416,-67.42747544797389
2017,Biotechnology,0.0018337449210618,0.0543889428534321,237.4975290806387,791863.8664906867,-0.6906485697225551,-69.35123263784988
2018,Biotechnology,0.0002140736212126,0.0632979873475938,122.71375878360026,922142.5186526224,-0.8060504591907843,-48.33051137052687
2019,Biotechnology,0.0019065298350987,0.0653750077444015,37.2916394847762,910563.6580384448,-0.9310205548309788,-69.61087342248379
2020,Biotechnology,0.0030582990689837,0.0768488683148701,34.9192214165597,2044042.9720426225,-0.6993888036695551,-6.361796104955387
2021,Biotechnology,0.1148719706626383,18.610905933709063,37.7839603997069,2743668.418037518,-0.4322321076802712,8.20390279889991
2022,Biotechnology,0.0186750926362218,3.085394761379656,30.80129670054775,2226456.896011614,-0.0819087176049141,-18.4804970820722
1988,Building,0.0006472028383698,0.0219381131187218,3.344868842320951,38818.81422924901,-1.0898948513390565,-14.166870162473176
1989,Building,7.63054612999379e-05,0.0222375604394577,4.124564073388538,43240.43650793651,-4.0775915316603255,23.31018846546369
1990,Building,-0.0005839886817028,0.0402316382852988,3.27261020543547,35666.561264822136,-28.283735524583687,-20.65560996978633
1991,Building,0.0011718284687037,0.0553406156359449,2.5777934148848765,40020.2371541502,-33.2494072561343,-21.231272499137667
1992,Building,0.0023913343041033,0.0556460067740906,2.276237488971008,22604.66712898752,-40.7057779329542,-11.698219266625609
1993,Building,0.0033396494030511,0.0449765650723256,2.301230620260401,99805.92180312789,-35.9221431161986,1.0980019180991452
1994,Building,0.0002414451235738,0.0328783157740291,3.3271126664938437,145823.5615079365,-25.148679628518416,44.57971474920475
1995,Building,0.000272028507893,0.0299058247875883,3.2605769730040004,94644.84656084656,-24.691454392649803,-1.999802836853104
1996,Building,0.0027168342614526,0.0334498857588651,4.849066342914042,93672.56102362204,-24.406631137534124,48.71804539693325
1997,Building,0.0004984766662325,0.0334318283510921,6.774056278807215,115808.08893280632,-23.64021036030296,39.69815629984457
1998,Building,0.0010338497473502,0.0309423141554533,6.578766802670779,84104.83333333333,-19.553389876905197,-2.88290306573632
1999,Building,0.0002730248247891,0.0308704577135552,7.04288608367954,91663.19510582012,-17.627286394950133,7.054806697515748
2000,Building,-0.0005509056982676,0.0407739773341466,4.742427103635338,114600.62169312168,-15.534782168702208,-32.66358354673732
2001,Building,0.0027433506993859,0.0464554381781934,6.860491231214055,109962.41935483873,-15.054186997559857,44.66202814071936
2002,Building,0.0010701542413431,0.04863986191482,9.311127524320332,120296.62433862434,-13.7379317400159,35.7210032126607
2003,Building,0.0012245574178019,0.0297200422164331,8.522103461274316,88507.64814814815,-12.674043409868974,-8.473990512804308
2004,Building,0.0035848411283642,0.041423815571452,12.234089819990375,123933.55687830687,-12.310901434671646,43.557161393121646
2005,Building,0.0004687156192541,0.0264562402494187,14.43945942174793,148274.5304506699,-11.653440951986113,18.026429707537407
2006,Building,0.0012822000088345,0.0277119957256019,17.40560508751367,262513.2043255549,-11.885103825298192,20.54194398232314
2007,Building,-0.0013044717626461,0.0276907035415217,15.67412737627632,290601.9908935686,-12.844349172112056,-9.947816824130228
2008,Building,0.0002895189864895,0.0559894046451025,10.499672708741558,339076.1931112366,-12.70506219924344,-33.01271288229156
2009,Building,0.0024835566585709,0.0518036446943853,9.285640806905809,263077.4387755102,-10.909977926366954,-11.56256900107946
2010,Building,0.0003811839549679,0.0307562722988978,9.728443651107431,204218.0181405896,-9.740724921954545,4.768683749562119
2011,Building,0.0002455369974444,0.0378083142562476,9.462144042426496,151651.4552154195,-9.305466525200048,-2.737330021443074
2012,Building,0.0019343138364544,0.0265143415878701,10.915690212394663,139049.86942070274,-8.984950920773734,15.36169987954883
2013,Building,0.0019746663642734,0.0218690171766288,17.61883990915995,179781.49250440917,-8.336868122747825,61.40839073239659
2014,Building,0.0006877173281154,0.0377840337879233,20.848662552981036,161234.22680412373,-8.165770808931025,18.331641926900733
2015,Building,0.0009846753017536,0.0293919590933126,25.328324571583007,259548.29365079364,-6.9015081585008975,21.486567818046694
2016,Building,0.0010778505997902,0.0290829530924462,28.33256267659248,324456.6666666667,-5.663944703944348,11.861179749647
2017,Building,0.0001571313282003,0.0225780560923491,32.200777167058085,280304.8605577689,-4.596872187361852,13.652893084964068
2018,Building,-0.0006558102772543,0.0253024470742928,31.080172772901467,292643.74501992034,-3.492683573566737,-3.4800538767834954
2019,Building,0.0012394340795705,0.0233517055981073,30.67988335982201,235233.88888888888,-2.2939861010915337,-1.2879253149727043
2020,Building,0.0012532791581161,0.0462153090459834,32.50778455182969,340178.7747035573,-1.448245893718082,5.957979600409669
2021,Building,0.0017443792782331,0.0302557847601419,46.46494985336349,402416.2698412698,-0.5667862289239258,42.93484005125239
2022,Building,-0.0001088244550617,0.0338212751084396,41.08539014308079,387335.7166876839,-0.283416647816741,-11.577672476263936
1981,Chemicals,-9.221992733296392e-05,0.0209673216643594,0.6495233407840427,363555.7312252965,162.7300008487439,20.783113131494435
1982,Chemicals,0.0015680638628224,0.0226063978226846,0.5981129502119283,412286.1660079052,107.91423121149728,-7.91509516964497
1983,Chemicals,0.0012339301048487,0.0184604476142028,0.995441330574718,345064.82213438733,-43.53807487230304,66.43032561358267
1984,Chemicals,-0.0009799999596908,0.017345900484174,0.9285264791471683,362732.0158102767,-58.72025932388575,-6.722129107188691
1985,Chemicals,0.0023015669813099,0.0166897106102817,1.2506630462668245,456229.3650793651,-57.11647756996482,34.69330970674434
1986,Chemicals,0.0019109915865636,0.0381827008979012,1.4949685637055916,441313.4434250764,-56.36467118406916,19.534079796153627
1987,Chemicals,0.0005513440910927,0.0490910801213704,1.7417078317389658,448768.8208168643,-54.59913686953072,16.504645918558936
1988,Chemicals,0.0017426468999598,0.0412793124022182,1.7520854250872715,276434.4374176548,-52.28042040851592,0.5958285976095379
1989,Chemicals,0.0014310107009507,0.0573087838917688,15.082461211763857,177868.625,385.06698353959774,760.8291008991525
1990,Chemicals,0.0009628128005163,0.0451076095476265,10.372486973380148,165935.66205533597,6.187019658199039,-31.228154160344022
1991,Chemicals,0.0032178886060841,0.0495715941963903,13.440068330409616,189690.78656126483,-11.10439928495846,29.57421267341267
1992,Chemicals,0.0004330381875221,0.0409196315825474,11.258174240327715,150683.50438596492,-16.178006973172717,-16.234248490724756
1993,Chemicals,0.0007453242641153,0.0407255945896691,7.040170030533403,115661.93346508565,-23.910895767610096,-37.46614788288737
1994,Chemicals,0.0014949237460094,0.0455339009094279,6.365908569444424,301016.1812169312,-30.608574255881265,-9.577346259602947
1995,Chemicals,0.0013076152978349,0.0349332057968082,6.651049079087676,219624.01984126985,-28.778787182545933,4.479180097117497
1996,Chemicals,0.000432000351381,0.028958630512926,6.6196061957070205,131344.76968503938,-30.999723856266318,-0.4727507346099613
1997,Chemicals,0.0014237252958912,0.0349467852642821,7.088911809861582,127019.0421607378,-31.93812424491601,7.089630414252102
1998,Chemicals,-0.0004158527358816,0.0477106548914636,6.474339431866095,149129.17921146954,-33.226569663592585,-8.669488272382475
1999,Chemicals,0.0003669681883214,0.0355355742325452,5.770374582636924,141240.77380952382,-30.86597824684477,-10.87315326354874
2000,Chemicals,0.0015531840114058,0.0562314067267501,5.331366036923564,246306.466553288,-28.221342658406385,-7.607973094750875
2001,Chemicals,0.0011504819111364,0.0399102792804941,5.720717887655931,309922.9815668203,-29.217018210271867,7.303041059942683
2002,Chemicals,0.0008517713263197,0.0329341940443404,6.196903942799081,293337.9790249433,-28.26478241205619,8.323886345989152
2003,Chemicals,0.0022125028891853,0.0312639426936651,8.062084654020884,254014.320861678,-22.92005232540641,30.09859001266557
2004,Chemicals,0.0010736792123732,0.0230024584067863,10.689294361338323,226893.92063492065,-20.9408250652818,32.587225513777554
2005,Chemicals,9.301343378969652e-05,0.0226679381560925,11.721223494768685,303799.0770975057,-19.907766444706937,9.653856452514798
2006,Chemicals,0.0024159168133828,0.0577730692661007,11.202517921574556,316934.3534626039,-21.64312007225658,-4.425353491686512
2007,Chemicals,0.0014780609963622,0.039546634237804,15.546580861526657,354676.2176294821,-17.003418019954108,38.77755849500595
2008,Chemicals,-0.0011381065932489,0.0619571892941679,13.803921094171615,535518.5153162056,-15.579588766441038,-11.209279923842464
2009,Chemicals,0.0033999700798336,0.0476433333494485,11.109442667473877,552503.6334325396,-13.215892562775528,-19.519659727955265
2010,Chemicals,0.0027804207607909,0.038988807978627,19.425100601973043,440957.1924603175,-10.998499697765842,74.8521612055812
2011,Chemicals,2.635993617623166e-05,0.0356231903736099,22.05614383731569,451577.5,-11.949769361116378,13.544553972994166
2012,Chemicals,0.000357527819837,0.0246163561980312,21.523003771305085,361901.79,-11.883364298690529,-2.417195271952377
2013,Chemicals,0.001684521172016,0.0233151860864589,29.04129180572336,430564.9801587302,-10.613474912124516,34.93140694628234
2014,Chemicals,-7.444114315145612e-05,0.022345929257554,34.65685541809551,350453.2638888889,-9.946301546157784,19.336480105425125
2015,Chemicals,-0.0001603884980371,0.0251908604826706,34.78432020686922,370909.1567460318,-8.73618535049694,0.3677909817148439
2016,Chemicals,0.0011283305643661,0.0248215256729574,34.331435892908345,366472.1428571429,-6.994909622162717,-1.3019783375597949
2017,Chemicals,0.0004354639815912,0.0215426155898663,40.92728714045301,309585.56772908365,-5.885729670341442,19.212278997358
2018,Chemicals,-0.000477633971798,0.023638295464534,45.519199768979234,328872.01195219124,-4.789091481751373,11.219684834638176
2019,Chemicals,0.0004038917154508,0.027356448943665,46.28757316494981,242005.49603174604,-3.154761769097296,1.6880204394414955
2020,Chemicals,0.0015106895842287,0.0507802561566138,43.99332959908742,327301.57114624506,-1.6846475271457757,-4.956500004194774
2021,Chemicals,0.0014298410730273,0.0320942605316899,60.45436923424639,250112.6984126984,-0.5476395808993901,37.41712615337129
2022,Chemicals,0.0001287013580055,0.0318872213938637,57.55919379659561,274482.22163865546,-0.045060309810453,-4.789025961767401
1989,Commercial Services & Supplies,-0.0001156084303342,0.0237271409567949,2.3145328293244045,98322.86746031746,1009.5634109442956,5.159806226468833
1990,Commercial Services & Supplies,6.583568282863688e-05,0.0300529917836636,2.2530091918504285,183853.71699604744,-1.7048943725312884,-2.6581449480642894
1991,Commercial Services & Supplies,0.0019655303263775,0.0345455548606788,2.578177046635572,290208.6549019608,-20.209139867159085,14.432602226450664
1992,Commercial Services & Supplies,0.0012776616609647,0.0382734514845947,2.946620015139029,154541.24803149607,-20.896773697290516,14.290832702287148
1993,Commercial Services & Supplies,0.0017535022929055,0.0339298899926994,3.62498037725687,148938.098125,-19.588365482680366,23.021643735282726
1994,Commercial Services & Supplies,0.0002360531540242,0.0345948614300034,3.9526057535300674,320453.7347250509,-16.47626313925688,9.037990338615876
1995,Commercial Services & Supplies,0.0016005967801821,0.0359034269220184,4.042494355050462,406285.1493055556,-17.789498926188703,2.2741605696473988
1996,Commercial Services & Supplies,0.00057887391105,0.0443701708124884,13.965493724211182,659684.1291479821,-18.703790924683933,245.46724120377533
1997,Commercial Services & Supplies,0.0016660641192196,0.0375737027041214,31.63371874872529,360711.7575757576,-18.449149277353243,126.51342926661955
1998,Commercial Services & Supplies,0.0016592610499798,0.0487479901514008,35.61148467233128,401794.5714285714,-18.08266885242593,12.574449293181122
1999,Commercial Services & Supplies,0.0005139101255815,0.0471421450695281,19.925538124451197,538298.890386662,-17.70948150712258,-44.04743776399598
2000,Commercial Services & Supplies,0.0019273463327286,0.0723807952449026,12.804928039343505,425253.5482804233,-16.350122953125933,-35.73609927437686
2001,Commercial Services & Supplies,0.0031651791389454,0.0633720404535479,9.75883878156623,765482.4774865592,-13.685537289079882,-23.788413713986365
2002,Commercial Services & Supplies,0.0001399840849175,0.0464347963614692,9.31497980216666,862091.6256613757,-12.479976462424707,-4.548276586328992
2003,Commercial Services & Supplies,0.0023518465481079,0.0425259739359608,10.599339335506398,638601.4609788359,-9.790942187045207,13.788108623069672
2004,Commercial Services & Supplies,0.0011914270106716,0.0334451876808416,13.986022903084637,700730.4440778621,-8.741200430369435,31.951836434118984
2005,Commercial Services & Supplies,0.0009758777849682,0.0352464109136768,33.87593075347518,480505.378742515,-3.8875555727853737,142.21275045963066
2006,Commercial Services & Supplies,0.0012175704005017,0.0393772223055047,18.897481257247826,443041.0260193133,-5.513696321288844,-44.21561020781927
2007,Commercial Services & Supplies,0.0023234063143576,0.0483018028473483,25.08790646055305,584194.486055777,-4.755127732083095,32.75793805024143
2008,Commercial Services & Supplies,-0.0011856661615536,0.0534883150518655,26.52922445697433,850741.4495388669,-3.503326049990716,5.745070831986454
2009,Commercial Services & Supplies,0.0031000344068496,0.065732845030889,23.413881147822377,672607.1121693122,-2.5953798560528574,-11.743062124580694
2010,Commercial Services & Supplies,0.0020853068243326,0.0507688906139986,38.548082292479165,462430.3822872737,-2.437942088635204,64.63772942686332
2011,Commercial Services & Supplies,0.0012991991820206,0.0563816980734483,32.03653832335794,502320.8883928572,-2.6578754615233,-16.892004950377636
2012,Commercial Services & Supplies,0.0012299548185238,0.0443196897505708,29.20432826423645,380727.7645,-2.670428611202573,-8.840562081130077
2013,Commercial Services & Supplies,0.0013493900820872,0.0385290844855417,32.24871088210678,402379.21495988674,-12.079856374703448,10.42442267572532
2014,Commercial Services & Supplies,-0.000668350715414,0.0404774251023495,38.64065330630702,346043.36087768443,-1.956484907624653,19.82076879775936
2015,Commercial Services & Supplies,-0.0006458891888691,0.0389281815710174,29.78946663972154,346956.9404761905,-9.717716193848569,-22.906410500934182
2016,Commercial Services & Supplies,0.0003903466377911,0.0412592933180559,28.359210876245346,407862.5683940243,-4.609004410954328,-4.801213062234144
2017,Commercial Services & Supplies,0.0004010039483126,0.0517362898425041,29.983721128889066,337942.5380829623,-9.20476286712378,5.728333766876648
2018,Commercial Services & Supplies,-0.0006496289072321,0.0483010991106749,38.271504958986014,485028.33902161545,-2.311735011110994,27.640944879625827
2019,Commercial Services & Supplies,0.0005227237957763,0.0455934886118445,34.15166187454574,397187.6785714286,-12.449869348570068,-10.764779406650826
2020,Commercial Services & Supplies,0.0020048997571955,0.0654218451691453,41.90521172560722,569501.8445322793,-1.3444995690837316,22.703287118336203
2021,Commercial Services & Supplies,0.0003699583795243,0.0447893603434943,52.485650951295725,422243.375,-6.913621023242482,25.24850439837552
2022,Commercial Services & Supplies,-0.0009088267197526,0.0387580872710224,50.77926171471687,328663.33574597246,-2.4500685994141924,-3.2511538023264897
1981,Communications,-0.0010019806366686,0.0486942335683633,4.2848554288916905,14273.667984189724,15305.183169694865,1.497845183275781
1983,Communications,-2.076158020689039e-06,0.0366387124728365,8.363531783450998,22816.81345565749,1338.9870764474445,87.08459870620172
1984,Communications,-0.0038766413045387,0.0559291605215284,3.114926616782728,10665.177865612648,151.27985142958315,-62.75584648406235
1985,Communications,0.0031866078065677,0.0514807457017437,2.8432265548478988,9815.986111111111,64.57181284764462,-8.722518869977625
1986,Communications,-0.0005333837000518,0.0440614391642214,2.3087220309403143,3344.0065681444994,25.502265840440053,-18.799223825347894
1987,Communications,0.0022528152668704,0.059050928344945,10.690100708600609,4352.961832061069,931.6774827502572,363.0310866937351
1988,Communications,0.0021278084106939,0.0410980133950116,15.016834341372428,7493.721343873518,2750.731148583475,40.47420834202984
1989,Communications,0.0016607602893398,0.0429184135576892,19.06019415139872,19218.750978856697,1412.1517616064602,26.925513847392946
1990,Communications,0.0005420994672376,0.0420595587573843,11.332837629034447,6847651.729574223,299.86708963766614,-40.54185629477024
1991,Communications,0.0024981710108177,0.0405484434981127,9.004347860430304,14718996.098249575,70.7937760209376,-20.546396629195595
1992,Communications,0.000860108651073,0.0489016346214265,7.247210321447176,11209321.00056243,-7.805437480560824,-19.514323149429693
1993,Communications,0.002683310047037,0.0486733617601982,33.320042991332365,11040375.059859157,-14.554513797582857,359.7637092541116
1994,Communications,0.0001518826043261,0.0487844818956527,31.364841310280013,7775134.098221191,-13.310452104835466,-5.86794465289544
1995,Communications,0.0022464719537763,0.050888177845915,42.88858838975227,6663201.159198914,-14.130624494222538,36.74097045629012
1996,Communications,0.0024664397545454,0.0546300622484792,78.33546367132878,4746038.931362468,-7.417339622497489,82.64873387636635
1997,Communications,0.0011782517473781,0.0464371407052914,80.68342532001398,5259059.318447865,-8.815711169706972,2.9973163349571896
1998,Communications,0.0008187793405552,0.0533016703484241,81.4347774019886,3424982.858754701,-9.225206389981652,0.9312347350085126
1999,Communications,0.0059751175697073,0.0624456479273088,91.81769183192078,2534336.510705641,-11.160129183211176,12.749975822588343
2000,Communications,-0.0001997390269475,0.0739333552289766,150.82617314227994,2612737.263200257,-10.162920667860623,64.26700577311249
2001,Communications,0.0005203848077574,0.0668681964681721,50.95496524459839,3522062.1687868447,-6.193018052516047,-66.21609884875174
2002,Communications,-0.0017167349808753,0.0679601029831643,26.91364966854225,3327630.8675840977,-2.941935526660999,-47.18149734898445
2003,Communications,0.004720561912544,0.0546285310584308,26.090721079770496,2566524.517714458,-3.06641002160954,-3.0576625575000627
2004,Communications,0.0010542781221922,0.043391128824551,24.424232800040585,2460790.506629346,-4.136443007375214,-6.3872833358447405
2005,Communications,0.0003651985288625,0.0370836323558873,18.517051107427637,2441752.793419712,-6.67662433561189,-24.18574102603188
2006,Communications,0.0008449969314548,0.0325937832516281,18.759360906611946,2241946.197808453,-8.855840426227868,1.30857660746595
2007,Communications,0.0007629217263336,0.050603352133178,23.09596211139478,2267459.244804017,-7.738689424141584,23.116998635355166
2008,Communications,-0.0012851406988589,0.0543943977196337,16.26053365310937,2496897.213264333,-9.5084359424745,-29.595772738616667
2009,Communications,0.0023365483914651,0.0518350023445375,12.400787601127195,1933916.432936508,-8.706958692659724,-23.73689655163381
2010,Communications,0.002373632605849,0.0593768391912596,13.973284432095497,2257262.6011294983,-10.956447082657892,12.680620631107043
2011,Communications,0.0012944116354884,0.0884590829116554,15.343749387156365,2533906.96530978,-8.221368972276345,9.807751081864646
2012,Communications,0.0013571965821002,0.0596469447250126,14.02459647252098,1584852.6592258064,-7.777146994570856,-8.597330947933713
2013,Communications,0.0015450665347384,0.0371496590872698,15.49842360070028,1507048.8464353313,-7.99163835659739,10.508873685364396
2014,Communications,-0.0013208266204213,0.1621336138493817,17.593017698443454,1313051.0768398268,-5.610415625671996,13.51488481479195
2015,Communications,0.0002839875194798,0.0454361142385545,16.9282208627532,1112767.4273689273,-4.038787075491617,-3.778753861817985
2016,Communications,0.0019057738604953,0.0659833085979528,15.776778752069015,1082524.0216450216,-3.0502504581943075,-6.80190859996207
2017,Communications,0.0012568450615658,0.0437469595037413,19.06602893216176,1030818.4365568032,-2.2512143581696176,20.848680404175536
2018,Communications,0.0035780479578712,0.3611518292637243,19.679784025434213,1149433.178920681,-2.242478347557279,3.2191029157473405
2019,Communications,0.0023230587403679,0.0763089028025055,17.537278774830337,1007068.7929292928,-1.9955344339696144,-10.886833147329744
2020,Communications,0.0034197092438893,0.1052734160916473,15.29711398634286,1226569.6634327464,-1.4432703658722912,-12.773730846444565
2021,Communications,0.0024145778248912,0.071757318261121,21.988593907246678,1042772.2426647426,-0.5477776242336416,43.74341412947511
2022,Communications,0.0003876604749552,0.0655827428557657,20.007193251577423,1078189.1846898485,-0.1800070759172407,-9.01103846852277
1981,Construction,-1.9583667288842104e-05,0.0116721115221019,2.758980571045706,2804.9407114624505,372.70118180396656,1.7609770552254211
1982,Construction,0.0007349818746233,0.0186482214160094,2.271031644975715,5284.98023715415,338.0464934424338,-17.685841328163075
1983,Construction,0.0004229278154533,0.0202013866791528,3.280852665543085,9187.94466403162,4287.959702731907,44.46529940705288
1984,Construction,0.0010043338002874,0.0273304949819843,3.103402133044518,5877.272727272727,691.0939442420786,-5.408671177533453
1985,Construction,0.0007146526653078,0.0166406195483436,3.604944163844699,7463.0952380952385,594.796126894804,16.16103905645496
1988,Construction,0.0037749815460546,0.0309099853295721,4.8530774681935664,11307.90513833992,554.8419197082518,17.324547610725773
1989,Construction,-0.0001164785051225,0.0437632232907241,7.104210439182463,3877.777777777778,176.70185945502016,46.38567972060053
1990,Construction,0.0005989193113788,0.0551601573207025,4.239234894514084,21357.8125,29.41141581154369,-40.32785302736717
1991,Construction,0.0033505963491383,0.0538126786006642,5.890357346199572,48672.84345047923,168.88077285359088,38.94859550769822
1992,Construction,-0.0008512213436977,0.0507089523834041,4.690761578521077,72867.84776902887,0.8735682743987178,-20.365415834278167
1993,Construction,0.002130228408594,0.0544233029055435,3.4592947831109893,40440.447957839264,-7.66596879806615,-26.253024691106774
1994,Construction,0.0009592514827909,0.0429641962705696,3.894745482654168,48153.83597883598,-8.67868233274248,12.587845987255577
1995,Construction,0.0001544455782985,0.0508181511892702,3.512207810943191,37428.82882882883,-11.687560520893168,-9.821891402523365
1996,Construction,0.001443118259724,0.0407862727308565,6.916494824520246,27127.75590551181,-7.058729792702042,96.92726617628146
1997,Construction,0.0030328557793362,0.0744872378269592,7.881172971233077,38891.69960474308,-4.34657420769617,13.947500449112905
1998,Construction,0.0010132200474516,0.0647757791017641,7.549780528903717,32234.3253968254,-4.39380068494771,-4.204861935386639
1999,Construction,0.0008952516913811,0.0503461085588525,6.136365402312506,26338.69047619048,-5.121260857981349,-18.72127436261316
2000,Construction,-0.0001981531701142,0.0360810355833545,5.413724613095087,20858.33333333333,-4.660195458220918,-11.776365027823951
2001,Construction,0.0022873348514362,0.041951397000978,5.704418558627367,17407.0564516129,-3.211955320263136,5.369573931210492
2002,Construction,0.0006673742140195,0.0360659567517818,6.683138377964497,16746.924603174604,-1.888385006119241,17.157223111843933
2003,Construction,0.0034962452154455,0.0426003026877007,7.142896317063816,64892.1626984127,-1.5860350589765215,6.879371832479553
2004,Construction,0.001204178542796,0.0378581707353997,9.691991881009132,98469.64285714286,-2.374133743191865,35.68714217306679
2005,Construction,0.0030625154753505,0.0394007505009002,15.69527841773298,95990.6746031746,-3.3279175274588755,61.94068887415107
2006,Construction,0.0014500953530049,0.0264631799664794,22.69798515380435,107728.20258192653,-3.3018885718004176,44.61664552671783
2007,Construction,0.0009359985600129,0.0254727125650235,23.58085162136184,170941.67330677292,-3.496868336792151,3.8896248348700535
2008,Construction,-0.0007832645122501,0.0495957092589093,20.94761964812936,154201.02319236015,-3.410109030349505,-11.166823045725138
2009,Construction,0.0017609417044018,0.0391717885360672,16.788166017489097,144706.74603174604,-3.669318380003289,-19.85645004305634
2010,Construction,0.0005955094313404,0.0286348928273127,15.7011761303121,156748.52607709751,-4.447110123083511,-6.474738729916208
2011,Construction,0.0005081708345609,0.0327255702574617,17.880732481171485,146109.410430839,-4.425120790499216,13.88148462745804
2012,Construction,0.0006026910541972,0.0229283026711188,18.342997331074304,134651.7142857143,-4.998054625028671,2.585267971485994
2013,Construction,0.0016303045360574,0.0200059570103287,22.426303612401966,162957.8798185941,-4.414500041771709,22.260845420340654
2014,Construction,-0.0003156046550055,0.0228318792133563,26.56615660952873,152549.20634920636,-4.258865604604035,18.4598098227716
2015,Construction,-0.0009654124268832,0.0298182284513002,21.100931335333524,180324.6598639456,-4.5294399003008,-20.57213376599212
2016,Construction,0.0014463129907225,0.0271103101683395,20.29763397418993,148559.5804988662,-4.100683605059169,-3.8069284638563294
2017,Construction,0.0008524851851715,0.0251647248615187,25.680865617251627,176604.49630051223,-3.964009515596869,26.521473635335543
2018,Construction,-0.0001182489155348,0.0224741801633316,26.665435629265517,134841.5480933409,-3.2952873592520207,3.833866142551212
2019,Construction,0.0013550387131673,0.0209327536462871,28.33000074979129,158604.42176870749,-2.479700819649528,6.242407375857395
2020,Construction,0.0013599901119333,0.0441152637899904,29.017008184780853,185841.61490683228,-0.3976381391180811,2.425017355478265
2021,Construction,0.0008131785576545,0.0257152008628305,47.301802547610535,191946.31519274376,-0.1699523636297575,63.01405798417179
2022,Construction,-0.0002786104442065,0.0264487276917865,43.5040336399376,178570.99399759903,-0.0381763045456786,-8.028803773070535
1977,Consumer products,-0.0035891359606235,0.0287866806333619,0.197999242515791,2780.9523809523807,49.7343027589905,-17.12245326191677
1978,Consumer products,-0.0003070612089168,0.0432606790507523,0.0625412422158415,1442.857142857143,18.573674010274488,-68.4133931922221
1979,Consumer products,0.0081988958676156,0.0765130005870399,0.1092308143028628,7109.881422924901,55.50999133816124,74.65405296218275
1980,Consumer products,0.0015982052561198,0.0230392447505286,0.8579734473828678,19386.296728971964,510.6386437756029,685.4683249032423
1981,Consumer products,0.0016690997638494,0.0283220860402223,1.2383843365570772,22856.109683794468,794.4269488859475,44.33830561244074
1982,Consumer products,0.0018822758620366,0.0311540435933539,1.2976603848130808,18784.42391304348,683.1912955250218,4.786563145719458
1983,Consumer products,0.0013868164328089,0.0270144046935909,4.776151207261203,36986.37785910338,6218.263150545358,268.0586433213168
1984,Consumer products,-0.0011379165218682,0.0383123450751696,7.819570636578463,28549.020553359685,470.78438521833743,63.72116998076478
1985,Consumer products,0.0008584169709726,0.0341676431491438,10.175018789477292,31360.36746031746,157.94470719985867,30.122474268350373
1986,Consumer products,0.0034499675866424,0.0516902391697284,22.82798185667326,34085.77674418605,418.6835517233387,124.35321574326032
1987,Consumer products,-8.934184775894319e-05,0.0328403525007649,33.19232791377543,45048.611989459816,789.3528769115684,45.40193750886645
1988,Consumer products,0.0012236231121017,0.0277515655738525,19.61060077956189,59656.30320366133,577.8119027300032,-40.918272347438666
1989,Consumer products,0.0003773599253038,0.0256214262718431,21.448812695587574,100494.75566893425,616.1026000770028,9.373562476175955
1990,Consumer products,-0.0004918407704306,0.0515115186156635,12.025944558507064,62492.78091473744,173.63146440334094,-43.93188691054666
1991,Consumer products,0.0026313414488466,0.0459309068907149,13.54464069205784,37989.58224794983,106.91926861959148,12.628497713108631
1992,Consumer products,0.0032645611067603,0.0463098540128351,17.776231934836396,47692.80176380368,-16.010636765432114,31.24181245545945
1993,Consumer products,0.001807006321266,0.0386347398536758,19.532871050064404,65065.84698558322,-16.848655986650233,9.881954295305365
1994,Consumer products,-0.0007922755750065,0.053547976251052,15.201621189549918,53384.66002310803,-16.441102004167053,-22.17415888024411
1995,Consumer products,0.0018805534447075,0.0447024543087492,12.89246074532638,36958.03854875283,-15.874414622644126,-15.190224880823433
1996,Consumer products,0.000937051558916,0.0400359219981348,14.945972464400416,47740.20528683915,-15.512502387060966,15.928004433276644
1997,Consumer products,0.0028688975678101,0.1013248743618207,15.384874390805258,67747.7021456804,-17.724307887822107,2.9365899572627807
1998,Consumer products,-0.0001141764941843,0.0414984742268503,17.21053225014891,70636.51729024944,-16.71403435209744,11.86657630714718
1999,Consumer products,0.0014152296042677,0.0571038808999752,17.125192548744966,82318.51186350307,-20.82201523360114,-0.4958574212787892
2000,Consumer products,0.0003022682036799,0.0630145376304697,14.016712662919236,84262.67641633729,-14.806540351841758,-18.151503272023284
2001,Consumer products,0.0033145404671785,0.0844578510514387,16.753608057215327,63417.18825604839,-11.444574138426724,19.52594349412941
2002,Consumer products,0.0019135263054839,0.0678629792970317,29.069108949722665,60147.289043728975,-8.841159985248176,73.50954403641659
2003,Consumer products,0.0066415672842685,0.1595282169620486,49.31077190173127,126276.22824116048,-7.516096498108625,69.63289788833282
2004,Consumer products,0.001653791080671,0.0394883689968464,68.86621728155768,150590.81371252204,-8.497521306957513,39.65755275297129
2005,Consumer products,0.0001587081989451,0.0328278975841742,95.74350555680452,159065.5559930009,-6.989674324343423,39.02826282059279
2006,Consumer products,0.0001045050561013,0.0313351819433578,65.52302835532069,222310.16984692807,-9.307412259590205,-31.56399697894292
2007,Consumer products,-0.0004164082612464,0.0378054840802724,44.515043325381896,281616.9663539967,-10.338730994817908,-32.061987300122816
2008,Consumer products,-0.0015244295828275,0.0562280406718509,21.699855308278316,253194.32162417372,-10.62014384055796,-51.25275932079047
2009,Consumer products,0.0040927907160443,0.0668195583617533,12.65784817787882,176134.6360619469,-10.002806812053151,-41.66851346216141
2010,Consumer products,0.0012170530772059,0.0400242781327948,17.29382936637123,128029.1920995671,-8.840268405845613,36.62534992791564
2011,Consumer products,0.0008161705330323,0.048560580112132,15.290194924183991,118078.52903341076,-9.465525959173489,-11.5858344600266
2012,Consumer products,0.000885084829063,0.0366257705042439,16.83069881814459,121271.15147826089,-8.50685785668202,10.07510958231168
2013,Consumer products,0.0017317249293523,0.0281486253904879,22.580026671895844,135532.16235213442,-6.495571195430472,34.15976909736573
2014,Consumer products,0.0008708597823615,0.0371052544799251,26.251512470243817,392710.77553002106,-5.567437429500967,16.259882469127795
2015,Consumer products,7.617449873515946e-05,0.0298913295716952,25.806240713180056,453519.85777777777,-5.287556978583977,-1.696175630141228
2016,Consumer products,0.0021887889388209,0.0907310473343076,25.62211436022194,420674.06367851625,-4.687715035885257,-0.7134954486574197
2017,Consumer products,0.0008382973314518,0.0336652676230366,31.50419758871732,299618.8783328226,-3.829069059561473,22.95705633734604
2018,Consumer products,-0.000859140112014,0.031971974710528,34.02020197308506,305307.70946981304,-2.9599250278441267,7.986251283761625
2019,Consumer products,0.000800500524751,0.0329197330957188,32.95100448346528,317388.8449328449,-1.938942252560354,-3.1428311050759605
2020,Consumer products,0.00248028483037,0.0492156122463229,36.21115897442295,319944.3903922165,-1.1447902335208024,9.89394569926878
2021,Consumer products,0.0024267290997462,0.0771976746352484,53.82772996872482,397397.98534798535,-0.6572782529898314,48.64956409361265
2022,Consumer products,-0.0015863107868772,0.0362365397498703,41.215992650538055,237664.0732298739,-0.3307748022131618,-23.429814568651665
1983,Distributors,0.001801759181024,0.0222944695963848,0.1971189280890899,5273.122529644269,-59.76025060133667,43.03229832387037
1984,Distributors,-0.0009949049478084,0.0257814783709802,0.221842060498746,3584.98023715415,-69.49743616390603,12.542241706226264
1985,Distributors,0.0038647722450464,0.0352325156437243,0.3808915852606001,7387.3015873015875,-59.94626187497414,71.69493666091924
1986,Distributors,0.0034262580016553,0.039976854132518,0.7585290989253243,6948.221343873518,-42.89975908288775,99.14566986465468
1987,Distributors,-0.001869592779546,0.0335035458330513,0.6445728326326774,7828.063241106719,-42.5578288855811,-15.023321643704756
1988,Distributors,-0.000109077161824,0.0271860950132018,0.4464469024536049,6637.154150197628,-39.09654440760728,-30.73755519137408
1989,Distributors,0.001693788553259,0.0261641360680418,0.4707109436082343,11611.507936507936,-43.45718966224925,5.434922052606472
1990,Distributors,-0.0012081423026598,0.0352815844453082,0.6400051462673858,9504.94071146245,-57.24595241747432,35.96563983862939
1991,Distributors,0.0035507092208622,0.037789365993488,0.7251381569287993,5866.00790513834,-54.04425727275637,13.301925954490068
1992,Distributors,0.0032244407047725,0.0418422024264346,0.8248601797674819,19982.48031496063,-52.21555099854259,13.752141145218232
1993,Distributors,0.0015647837123168,0.0410611330617768,0.9888555837478562,19835.375494071148,-51.48815579874008,19.881600300623383
1994,Distributors,0.0031415309312454,0.0364284153420907,1.333546047172849,41571.23015873016,-53.12640005262732,34.857512976625294
1995,Distributors,0.0013544232420344,0.035748395057992,1.669744157235682,86378.33870967742,-54.18221153565257,25.21083623438287
1996,Distributors,0.0010247747181011,0.0365473071880619,1.7110449905627043,77875.25590551182,-50.24264192567895,2.473482727760956
1997,Distributors,0.0017447628515355,0.0413094969453605,2.213707712956254,78648.46113306982,-45.30927717827453,29.377528070038707
1998,Distributors,-0.0001119407026317,0.0375464149065316,2.5506012717252053,65907.72222222222,-41.30885428089551,15.218520349240382
1999,Distributors,0.0016342384244984,0.0323982247407772,2.752363570310451,104756.66269841268,-38.76530436536141,7.910381792006849
2000,Distributors,0.0013264183878521,0.0372873102110541,3.588115631272553,106131.58068783068,-35.6907198535669,30.364886019321705
2001,Distributors,0.0017535575600757,0.0288340116111485,4.510429655512174,145061.3306451613,-33.733223844177765,25.704690679450447
2002,Distributors,0.001334341055414,0.0245892470866059,5.984690390566669,188868.9814814815,-34.399168425047954,32.68559422610235
2003,Distributors,0.0019032885503123,0.0219173541360955,7.6923962643272,186777.57037943695,-34.36291654162971,28.534573425089647
2004,Distributors,0.0009186270879318,0.020673165590235,9.087819951512513,251526.4880952381,-30.726961877274984,18.14029905942917
2005,Distributors,0.0005742251994711,0.0205041692506637,11.217403804735532,338192.2619047619,-28.651638098703064,23.433385174720467
2006,Distributors,0.0007981617646738,0.0229424117102515,13.4111059338923,473698.5059760956,-26.03055092282698,19.55623749793758
2007,Distributors,0.0001234285356438,0.0252947026153442,13.061934914484445,760447.5099601593,-25.71845169740944,-2.6035960131031266
2008,Distributors,0.0002288667596153,0.0429264696890026,11.365592201531168,955131.027667984,-24.571323637545,-12.986917513056904
2009,Distributors,0.0015017698941836,0.035701806012173,10.342005341180734,559176.7857142857,-22.33070740392108,-9.006014312325384
2010,Distributors,0.0008015432692727,0.0194910761832398,11.780570773969568,395613.49206349207,-19.752534386181203,13.90992738188428
2011,Distributors,0.0006402420978771,0.0224858111463954,13.79042568637265,411657.8373015873,-16.682855215446427,17.06076005115196
2012,Distributors,0.000682574231593,0.0180394830970101,17.78130872964859,473802.7,-13.25651358801566,28.93952031676317
2013,Distributors,0.001045874385101,0.017063668897055,23.64974614735397,419858.5317460318,-10.543520423333996,33.00340546880183
2014,Distributors,0.000715959504673,0.0204370332881598,25.891954777023148,579135.3174603175,-9.486052083806316,9.480899353839556
2015,Distributors,0.0014362187430107,0.0263468714787127,30.15194688276166,505253.4722222223,-8.030856261474412,16.452956690310927
2016,Distributors,0.0006591302438649,0.0221633735187497,36.59873446987735,647257.2420634921,-6.379603973832746,21.380999416662604
2017,Distributors,0.001398315637829,0.0237366642910862,43.23082482696054,524229.5816733068,-5.045658587611636,18.12109203541381
2018,Distributors,-0.0001870383850856,0.0236156727029655,54.42291999385651,693122.3107569721,-4.202142964332039,25.88915481417351
2019,Distributors,0.0006487174334985,0.0213146215026817,60.31521864732107,709673.0158730159,-2.554356192116473,10.826869734534109
2020,Distributors,0.0018423486904312,0.0403894529862047,83.02770617168412,731695.3557312253,-0.9556708115350044,37.65631300645518
2021,Distributors,0.0011307141463877,0.0221703105281994,131.34883911221746,507508.82936507935,-0.1573582633551795,58.19880515621525
2022,Distributors,-0.0012969302390077,0.0271468515574357,117.27465896020416,527418.2037815126,-0.1424668062687388,-10.71511575369849
1997,Diversified Consumer Services,0.001689875396566,0.028337267092188,14.760356246049952,86959.9045346062,-18.548590336613763,25.089944189589183
1998,Diversified Consumer Services,0.0007026845318572,0.0320686668850244,15.242440668337869,81510.88165210484,-23.17472860243134,3.2660757928314244
1999,Diversified Consumer Services,0.0010097250010427,0.0331585898094254,14.92499653044201,86191.46825396825,-24.9922655971388,-2.0826332527917546
2000,Diversified Consumer Services,0.0013361373449464,0.046140588944684,19.80032083193461,136932.14285714287,-21.25308209984916,32.6654970508607
2001,Diversified Consumer Services,0.0009161097688146,0.0316432789265618,19.990802719900685,133727.4193548387,-19.431064737659675,0.9620141490781275
2002,Diversified Consumer Services,-0.0003539246780878,0.0255082065035487,22.115267656719872,130974.4388888889,-18.517766266553,10.627211756255782
2003,Diversified Consumer Services,0.0016189067387732,0.0188687363357662,26.059047294230687,107171.22222222222,-18.46604290883361,17.832837018874926
2004,Diversified Consumer Services,0.000363401754466,0.0179880082451252,34.66635798310477,116239.0984126984,-18.551381928098028,33.03002827267474
2005,Diversified Consumer Services,-0.0003346872111167,0.0184134986866222,30.679809262918557,134939.62598707824,-18.48081284366373,-11.499762167485628
2006,Diversified Consumer Services,0.0002197552506466,0.0174732481216978,29.215971293835683,153781.92762284196,-18.644940399589103,-4.771339862442215
2007,Diversified Consumer Services,0.0012330802489946,0.0222380440885023,36.55568190939159,162917.7916937054,-17.703412710741162,25.12225433732036
2008,Diversified Consumer Services,-0.0002708289303783,0.0340816301331531,36.72884032294598,182334.1952171791,-15.50631439666752,0.4736839925010505
2009,Diversified Consumer Services,0.0012002989438404,0.0293669113553275,33.18382833832366,255783.77601410932,-14.864288378392242,-9.65184839339348
2010,Diversified Consumer Services,1.8040608361881527e-06,0.0291637012876781,34.92762514155167,254990.7425044092,-13.970731358499044,5.2549596913570085
2011,Diversified Consumer Services,-0.0001004962530816,0.0296639659661015,26.070190938271757,221430.62433862436,-12.273497841971484,-25.359394368736133
2012,Diversified Consumer Services,-0.0002530575215468,0.0263731180685739,22.24885237216949,196061.93466666667,-9.805907383316416,-14.657884843077351
2013,Diversified Consumer Services,0.0002809012793882,0.0232976014817875,21.076440244650293,191685.6397707231,-7.396473720307542,-5.269539785277832
2014,Diversified Consumer Services,0.0002700865507355,0.025843344229942,22.378708507752137,197137.5201137749,-6.120223054776967,6.178786588178187
2015,Diversified Consumer Services,-0.0002936593998885,0.0418548758550703,22.79163364290836,251474.02063492063,-5.7326489871356,1.8451696397635555
2016,Diversified Consumer Services,0.0015224747023938,0.0301525925681131,22.383019861224152,185683.09841269843,-4.644576909348548,-1.79282357766114
2017,Diversified Consumer Services,0.0007865215192618,0.0309445523974115,31.38712694008512,171446.6003984064,-3.696170791928486,40.22740065767212
2018,Diversified Consumer Services,-0.0004196247065961,0.0432338489201274,40.9315522415467,204758.91752988048,-2.600035439715951,30.40872558893628
2019,Diversified Consumer Services,0.001934520326011,0.0837008063914437,37.400102626469724,282198.4044032445,-2.3113933311189205,-8.62769531494203
2020,Diversified Consumer Services,0.0047994854948489,0.1016466848567747,31.97354292831873,365415.4830039525,-1.5880437044217603,-14.50947809514933
2021,Diversified Consumer Services,0.0002858515552172,0.0515105491068033,29.514061593829048,372556.2952380952,-0.3681889611806737,-7.692238986475719
2022,Diversified Consumer Services,0.0004431282754363,0.0457253804916461,23.141452896854425,407477.3578637511,0.0746489262670653,-21.591771355207317
1981,Electrical Equipment,0.0003916252777429,0.0361220135401062,8.039375458403045,32633.7721021611,81740.842166543,136.0334111077215
1982,Electrical Equipment,-0.0001106498610989,0.0412051374540987,4.254784460026128,29781.113306982872,66262.73848992866,-47.07568414933434
1983,Electrical Equipment,0.0017768966979031,0.0378138338190546,7.339721926057606,36820.11205976521,526.3778452279705,72.50514086000335
1984,Electrical Equipment,-0.0006970516201042,0.03091048175629,5.640259935474207,22557.573122529644,182.1811581233024,-23.15431030908596
1985,Electrical Equipment,0.0017817584363435,0.0292844278441343,4.623997690329134,54839.78893442623,134.16467567304733,-18.01800372272435
1986,Electrical Equipment,-2.6299070981457267e-05,0.0371057958879227,5.077781094993773,52926.683591662215,152.023615268224,9.813659847056243
1987,Electrical Equipment,-0.0009791273832507,0.0465889768029009,4.463684300757734,39683.05366554864,132.73248153881957,-12.093802051480363
1988,Electrical Equipment,0.002306132098428,0.0430323416309801,3.021096071222659,31585.73429951691,173.38944240230623,-32.31833015812045
1989,Electrical Equipment,0.0008800422797166,0.0344767842271334,543.5852006033094,104276.06696738375,128.54314646309618,17892.979626871536
1990,Electrical Equipment,-0.0002242772473223,0.0439620642930511,371.6317909337615,114481.5649612403,65.85825379944949,-31.633202942004655
1991,Electrical Equipment,0.0028793520976763,0.0478054174462219,505.1390366236196,138490.49323131255,68.83512438530502,35.9246030471204
1992,Electrical Equipment,0.0014355872636175,0.0444673411494991,841.3803165804355,102667.79303231722,-0.013076097725665,66.56410524204846
1993,Electrical Equipment,0.0016979919875157,0.040982098129237,669.4504313535775,115776.6191352346,-0.197422224015094,-20.434265199549817
1994,Electrical Equipment,0.0012758572267667,0.0456667479426807,362.141929210958,105394.4359562694,0.4623949123880118,-45.90459394002709
1995,Electrical Equipment,0.002201848301043,0.0437850760345805,474.7405048945772,128514.83762261971,0.0795180441513782,31.092388536436854
1996,Electrical Equipment,0.000868599998876,0.0467616223922259,638.896432034316,121743.11809264836,-0.4970599714616591,34.57803272467599
1997,Electrical Equipment,0.0017491601078996,0.0467173404406374,571.5845205922211,118640.55890944498,-0.2997411298122709,-10.53565305221168
1998,Electrical Equipment,0.0006169884757225,0.0541738797934537,518.1483212517703,116540.67340967985,-0.3653968635737398,-9.348783498385394
1999,Electrical Equipment,0.0026294995674577,0.0573114420965914,370.1521639812585,109396.25869070826,-0.5510122150165419,-28.56250830128616
2000,Electrical Equipment,0.0019437129840467,0.0730846500274293,600.5145547284552,184592.96218905476,-0.3604906805229074,62.23451141538114
2001,Electrical Equipment,0.0009131819160147,0.0635745095015575,203.54553533582325,160075.1203774159,-1.2170916588274017,-66.10481232584549
2002,Electrical Equipment,-0.0001977168496937,0.0599949116995267,110.15616304444708,155501.4583020849,-0.897414490571902,-45.88131699243417
2003,Electrical Equipment,0.0045508537800201,0.0698991079922373,133.82880501755537,148530.6126697508,-0.0430142032473784,21.49007492531905
2004,Electrical Equipment,0.0028505926778766,0.1742180929900968,239.38785860460217,189316.73976261128,-0.3147542515412071,78.876183324808
2005,Electrical Equipment,0.0008978997602367,0.0630427708082073,157.25349904249336,176807.98224809545,-0.8506588329411815,-34.31016094169188
2006,Electrical Equipment,0.0015575336962499,0.0576628492692814,87.70259870154919,198606.25291192695,-1.233748371971719,-44.22852322169949
2007,Electrical Equipment,0.0014764888007617,0.0530002313015743,106.2772254217691,215175.1699833098,-1.0370230700651288,21.179106429250893
2008,Electrical Equipment,-0.001647788231251,0.0646314582360157,73.4970878668069,239731.9202090812,-1.5736577473562905,-30.843990727902227
2009,Electrical Equipment,0.0039659013835409,0.0735724041307545,45.74883710655449,193736.32199546485,-1.22580069977343,-37.7542179773686
2010,Electrical Equipment,0.0026271659024589,0.0914005417813421,45.34535204860392,196501.6705195128,-1.6340133938954071,-0.8819569708642283
2011,Electrical Equipment,0.0011134790278629,0.079711587652494,33.64665862244493,197961.1325644841,-2.195667578442332,-25.799101556471783
2012,Electrical Equipment,0.0033803745493634,0.1626240305292314,26.18106918079906,132076.23216714055,-2.1511306477293104,-22.188204556709668
2014,Electrical Equipment,0.0011199745518064,0.0641514618199344,36.547382340320056,618816.3975244674,-1.9178293955801835,36.76386645136161
2015,Electrical Equipment,0.0002575732253299,0.0506892920322295,28.096749181531965,257492.7552721089,-1.8328874522608287,-23.122403350527037
2016,Electrical Equipment,0.0181324380507532,2.2444398014717346,22.54414685082533,247039.5683106576,-1.802103205198231,-19.762436909805796
2017,Electrical Equipment,0.002291626452143,0.0911824052636716,24.932241849400945,375701.6010244736,-1.820879905441623,10.592971268230468
2018,Electrical Equipment,0.0005172793431043,0.060912141662049,25.971967113035635,351783.9377916904,-1.6649127147084046,4.170203666060113
2019,Electrical Equipment,0.0047157002861117,0.2391399723778947,25.10056318266189,516086.6120748299,-1.17564677339935,-3.355171083427
2020,Electrical Equipment,0.0071530258544157,0.2168992543925412,26.95544545878778,1449768.4039901644,-0.716688180514024,7.389803418463292
2022,Electrical Equipment,0.0056613215539243,0.751467903994617,30.472793794598736,968460.4036921328,-0.2361901690322921,-22.42867829647811
1981,Energy,-0.0021441262443012,0.0269006397832312,114.06348979727552,126012.44031620554,5491.835085735737,-50.09887454636951
1982,Energy,-4.0322833423637365e-05,0.026604051845404,69.88368131579618,181251.3217391304,1622.0776636696637,-38.73264666897348
1983,Energy,-0.0002623345799147,0.0248982075276225,70.55417341907976,209716.37865612647,1667.6315124985138,0.9594401592178724
1984,Energy,0.0001349935528148,0.0307583950912653,51.99400014396713,183089.5794466403,620.8429088936988,-26.306272720209435
1985,Energy,-8.459415846908503e-05,0.0297680088753862,67.08885247409344,227628.27936507936,1692.2042282872303,29.03191192893393
1986,Energy,-0.0001729426576024,0.0468538471755871,24.19561705398465,312594.3407114624,452.35352623637226,-63.93496659772522
1987,Energy,0.0013901569166923,0.0451470385985584,58.216174739175166,353410.218972332,1186.877733919203,140.60628257293337
1988,Energy,0.0019017774126716,0.0339063521792014,69.92399166153353,262026.5976284585,1121.360452556454,20.11093476136603
1989,Energy,0.0020027898845044,0.0277928731807316,81.64748398136526,217733.77698412695,1175.7621463290427,16.76605130979818
1990,Energy,0.0001868027881085,0.0251734811772225,114.6890116203915,190162.85059288537,26.78348934074818,40.46851908696591
1991,Energy,-0.0003041864748996,0.0262862676662476,64.09456699120669,172930.74150197627,-4.888568192081753,-44.1144656444046
1992,Energy,0.0008715414333811,0.0375000393862712,45.512317676103024,222278.55196850395,-6.835229143848016,-28.99192581744568
1993,Energy,0.0019722936370809,0.0408334152153864,50.59290213509511,184485.7557312253,-8.128298092660172,11.163097636883768
1994,Energy,0.001077422288435,0.0472121407040198,43.25028735714289,141024.25212636695,-7.635608877664469,-14.513132214368108
1995,Energy,0.0013592727403667,0.0640460675496815,40.48343201327537,121422.33382936507,-6.546817203349396,-6.397310891879116
1996,Energy,0.0042207531444037,0.0743118362771696,122.328363340348,157356.61712598425,-3.774974082304992,202.16895469789705
1997,Energy,0.0019475484707263,0.0427154681489788,72.61664890322302,191949.6361607143,-5.430009699480509,-40.63792981421209
1998,Energy,-0.0014050598436457,0.0519731504112658,34.93650701282516,166648.33333333334,-8.89103619224592,-51.889122480183005
1999,Energy,0.0016918010258349,0.0605241445482723,25.4936462534358,179590.6120030581,-9.710531720616189,-27.0286344193565
2000,Energy,0.0032599202259164,0.0576082172604597,19.418497163001422,252320.1590909091,-13.030302287558683,-23.83005173148045
2001,Energy,0.0013016399161654,0.0518268734754665,25.72001957169789,279162.4028484232,-12.702701655701231,32.45113334878933
2002,Energy,-0.0004624131252591,0.0414739674258138,23.162878441859224,241886.4153344209,-13.379488518624736,-9.94222077751652
2003,Energy,0.0032391971102332,0.0435991754498539,21.009225248493216,333000.00689464976,-19.878814046742235,-9.297865111073556
2004,Energy,0.0016775678026421,0.0299160493850742,1618621869030.2744,367853.4697710317,-0.6844039012788506,7704338688668.937
2005,Energy,0.0020031107785931,0.0397386615993059,3286481460601.207,469882.6072374228,-0.4585131246395109,103.0419533729738
2006,Energy,0.0006124234212212,0.0347062624980922,1467957928863.2437,379959.2358791518,-0.1852076691797674,-55.333448660480045
2007,Energy,0.0007746297267301,0.0359152904405703,915308115767.9814,359157.1230769231,-0.2106080739078913,-37.64752396706783
2008,Energy,-0.0018571855503776,0.0632461514703475,324329055544.83875,475115.37357315805,-0.6309424319138388,-64.56613352841156
2009,Energy,0.0037761323573605,0.0617882028155837,81237235306.41238,427622.82602066745,-1.6156550700710337,-74.95221784248028
2010,Energy,0.0017126770278565,0.0507570808980188,47065619281.52488,367448.8214725817,0.0577652911548066,-42.06398198559842
2011,Energy,0.0012011904344648,0.0656816570942635,23268548159.88127,441489.3166125701,-0.8939102703508272,-50.56147456448088
2012,Energy,0.0008357876292531,0.0539777732918248,7182870645.431699,400019.6216216216,-0.86995683964843,-69.13055943122345
2013,Energy,0.0019893398991481,0.0456840639835657,6067282695.307322,357201.3092096997,0.1175546551998825,-15.53122707052912
2014,Energy,-0.0006429575708906,0.04960819515975,2699780690.7081394,419202.8416046824,-1.045815073706882,-55.50263888649432
2015,Energy,-0.0018186886475742,0.0657198336440175,530575300.38123024,439283.0329889645,-0.3096963472601543,-80.34746665878025
2016,Energy,0.0041489291399438,0.1072310585662206,150522731.2412147,507401.96601658297,-1.3650524597043094,-71.63027922086445
2017,Energy,0.0009642053758553,0.1417016849118376,28874209.9141246,440449.5016992851,-2.8924188140944134,-80.81737577040555
2018,Energy,0.0019432546113184,0.1168274959820725,429.3788679266741,497273.3736817436,-2.15949942772552,-99.99851293292802
2019,Energy,0.0031985923798085,0.0921662838760208,163.1841060783456,400218.8470588235,-1.1541697903671757,-61.99531037325925
2020,Energy,0.0057237244570541,0.1331341959152606,12.13973591039719,1206312.2381123488,-3.3806972304746177,-92.56071182289725
2021,Energy,0.0058490783570302,0.1306829340505449,15.266020516091713,1284315.0084467386,-0.911167068569774,25.752492712934448
2022,Energy,0.0591353973732838,5.393078687669892,20.2273746400658,867084.5619219219,-0.2036778073720082,32.499328287580845
1981,Financial Services,0.000132465001106,0.0164156529868379,1.7933505449370044,148478.17632450332,233.7833373055963,-4.803898304451948
1982,Financial Services,0.0007150136886108,0.014413830111058,1.4356724945688435,130273.390513834,69.94302535221024,-19.944681277063147
1983,Financial Services,0.0015437579989329,0.0193497224454263,2.299709509371796,913893.3404539386,125.93860678116148,60.1834344581796
1984,Financial Services,-0.0005496571274741,0.0172512617740966,100440.75730224732,889460.2410475682,-45.160615541915824,4367441.069553797
1985,Financial Services,0.0010550000561598,0.0258778442149998,118880.81861245444,932717.7664562667,-45.16092446388206,18.35914205098743
1986,Financial Services,0.000785265819423,0.0261573398470736,104962.3418320267,928233.0573318632,-45.1606775379319,-11.707924745876197
1987,Financial Services,0.0005481325664756,0.0399387408315441,115434.3015585841,927813.813559322,-45.160698590964174,9.97687317544409
1988,Financial Services,0.0007277781198322,0.0338566756622022,59619.76649792674,733244.0270598966,-45.16052234676688,-48.35177612464776
1989,Financial Services,0.0008332471146595,0.02864796654253,56604.541560237325,756124.3113553113,-45.16061584123038,-5.057424936064237
1990,Financial Services,0.0001523287094103,0.0564700204602973,17637.303618906844,902072.5831559744,-45.160643944168434,-68.8411863558022
1991,Financial Services,0.0032954524575146,0.0516765953290681,5114.969719585716,911673.56924434,-45.159713340142304,-70.99914006071445
1992,Financial Services,0.0026308912185157,0.0502532168003072,4637.358672788952,727558.6913857678,-45.155550848739416,-9.337514647798317
1993,Financial Services,0.0012064513110028,0.0356104570346458,3621.352841645306,1131536.3257382005,-45.15178478692011,-21.90914921257557
1994,Financial Services,0.000415473125144,0.0329894405338438,1683.5335783409437,812534.3400462962,-45.24435856595922,-53.510921140287
1995,Financial Services,0.0013044104729897,0.041040958567963,1268.4414867763105,804103.492920354,-45.17836683915773,-24.656003117781022
1996,Financial Services,0.0021572803037852,0.0529639636879375,1547.8542665098014,590103.3133002891,-45.4499058995888,22.02803855332789
1997,Financial Services,0.0012358173410204,0.0405070648220483,1673.962332335055,492992.3413105413,-45.19655400682736,8.147282890501707
1998,Financial Services,0.0011666858186262,0.0512865355576539,2183.096967875796,493918.5679480239,-44.97860657522175,30.41493979321121
1999,Financial Services,0.0015589904252418,0.0564063616263872,5165.413274802489,318247.6758006508,-44.88477471836521,136.60942921049246
2000,Financial Services,0.0008574794378205,0.0659459543024712,9737.891170292129,414546.9041073474,-45.48612045809468,88.52104666619299
2001,Financial Services,0.0015883286539101,0.0499740037545298,5704.406006098901,459525.3953225807,-44.89097820495533,-41.42052004543223
2002,Financial Services,0.0007639004240564,0.0476644562977853,3810.44540638799,488699.4852372855,-45.72559609073066,-33.20171456389976
2003,Financial Services,0.0031370248260453,0.0400546283056348,1853.5615424952368,457403.1600985221,-45.132305357482615,-51.3557774797705
2004,Financial Services,0.0015309524552283,0.0347421071560427,1406.227481693954,423253.3593215882,-45.29076654360924,-24.13375820255141
2005,Financial Services,0.0004939867761287,0.0252591578499161,906.5319848644708,468410.37491555954,-44.95917346081338,-35.534471010874114
2006,Financial Services,0.0018299883133996,0.0258637261165404,983.966082260131,938993.7310096408,-44.9054262085317,8.541794298326577
2007,Financial Services,-0.000412179450532,0.0288971051391606,607.2463341415332,1810064.0443185268,-45.01457395336234,-38.28584693217143
2008,Financial Services,-0.0009953760578325,0.0579905145632637,259.1845809517088,3172457.356848066,-44.51534068075829,-57.31804930232816
2009,Financial Services,0.0029749057037662,0.050726806957525,173.6232139144867,2396187.5702288668,-43.98167318970848,-33.01175043787187
2010,Financial Services,0.0012045037060605,0.0279564649349201,203.5780235039756,1592624.6959089723,-43.70104600976713,17.25276759606713
2011,Financial Services,6.272185637589667e-05,0.028312424143073,190.3669443749518,1280369.6616043614,-43.41394435491543,-6.489442672463031
2012,Financial Services,0.0013187646455981,0.0241721022352407,151.55741668188028,898863.8143356383,-41.7098370865255,-20.386694665136417
2013,Financial Services,0.001208639437481,0.01969114382995,266.57130505808766,785415.4013486176,-34.98576925244116,75.88799736381233
2014,Financial Services,0.000315663883604,0.02095382919677,280.3067798320904,753745.3539426523,-31.29585894846917,5.152645657419752
2015,Financial Services,-4.685695507318493e-05,0.0241057042254109,234.07625740837287,580421.3063876088,-26.434134549504595,-16.492830623437115
2016,Financial Services,0.0008578868112967,0.0262511465929061,247.4528377802973,606464.4909754224,-20.13772780745517,5.714625020079422
2017,Financial Services,0.0008457330514527,0.0256006285261673,284.96804303084383,548957.1592340316,-13.364912688702251,15.16054759648975
2018,Financial Services,0.0008732036147978,0.0735185899284608,262.9020129190529,560997.5490296877,-9.654427460003465,-7.743334963844561
2019,Financial Services,0.0024064452523484,0.0844262762018597,216.3709523551184,513378.73273083486,-8.679944597816505,-17.699012665323856
2020,Financial Services,0.0014523223386485,0.0525969095948104,217.52224518913349,707452.2920392721,-2.230211027187514,0.5320921415207236
2021,Financial Services,0.0076524528955986,0.6338935847355223,203.62358580714695,721069.4093725082,-0.5876335672635071,-6.389534720874989
2022,Financial Services,-0.0003584310156501,0.0785583776819304,156.1317779303454,657358.7877925773,-0.2484401797374069,-23.323333438289083
1975,Food Products,0.0004361128569068,0.0178734931038915,1.1185001648461863,7645.849802371542,-44.04043174765341,-22.59056621578599
1980,Food Products,0.0010528851050703,0.0155363471669159,2.0279635486201704,9005.594626168224,-22.98355041889641,-44.04959676236218
1981,Food Products,0.0003382674563957,0.0196769320219972,2.4690118022704786,10211.631422924902,-16.061109147160494,21.74833240717755
1982,Food Products,5.5746568060882606e-05,0.0160217332925377,2.215318015853878,5147.865612648221,-14.88166072320547,-10.275114366942528
1983,Food Products,0.000738517690835,0.0136454779761794,2.758846873248165,7856.890316205534,-14.33842985235369,24.53502628085602
1984,Food Products,0.0008619715838001,0.0136811732198201,3.3266968802942825,5216.760869565217,-14.25103911575032,20.58287513353545
1985,Food Products,0.0018272327074059,0.0266930380702496,4.18597186081821,6685.046626984127,-10.599905881472957,25.82967464255159
1986,Food Products,0.0006300440648416,0.0452780938995331,4.612514336787566,10598.718384074942,25.86510361967126,10.189807532198314
1987,Food Products,0.0012427292767178,0.048841585382314,4.968738813741155,14806.65087422448,30.36638231318312,7.722999885604365
1988,Food Products,0.0018748019563073,0.0391442975537298,4.392856545547742,12735.735932872656,9.471957219922338,-11.590109478099295
1989,Food Products,0.0016766891690074,0.0334399764266198,5.581096083727358,17027.110229276896,-0.5729949644857948,27.049359018653195
1990,Food Products,0.0001992917699684,0.0464416890676562,5.100780457101164,12970.99604743083,-22.43133989094325,-8.606116422661792
1991,Food Products,0.0018041792390223,0.0411210394859824,5.4112267399576695,19558.30052264808,-25.580020440102864,6.086250632965617
1992,Food Products,0.0004779984274786,0.0409826306780889,6.138941193213613,21979.053149606298,-28.957332564338817,13.448234351045452
1993,Food Products,0.0012354300156567,0.0456337944807786,6.067324801631596,25153.114624505928,-28.415331247556217,-1.1665919142732073
1994,Food Products,0.0014378857985113,0.0674011884832918,5.373981792837565,26070.190648785792,-26.36764455910771,-11.427491216682196
1995,Food Products,0.0025902194671272,0.0548545546630087,5.970615125848531,37074.22691197691,-23.43790213132429,11.102258176723968
1996,Food Products,0.0005291007661972,0.0420046445604169,5.921875329062865,36200.57158196135,-22.71569269663382,-0.8163278951720976
1997,Food Products,0.0025505653654493,0.0422890818224583,6.511780533030699,46607.27811713978,-21.245973070368223,9.961459355159818
1998,Food Products,0.0003905345067133,0.0422746453959085,7.828268758511818,57651.04184704184,-19.429396694091004,20.217023881614196
1999,Food Products,0.0005855908991979,0.0396863028174117,7.385298009236138,49398.604256854254,-18.030364204102685,-5.658604257729783
2000,Food Products,0.0010340896919793,0.0392603115110225,7.310041552390715,98567.01190476192,-15.627336477932952,-1.0190036576899877
2001,Food Products,0.0019169539003658,0.0309246456708692,9.206131584505297,210438.69099162013,-22.22164016457003,25.93815669207067
2002,Food Products,0.0005588833640146,0.0301150780165928,10.71455985896522,204273.82058636076,-26.48899551871472,16.38503926012462
2003,Food Products,0.001872180635354,0.0306446896416947,57.14364488926204,257292.85432304695,-5.597061162503017,433.32703948121673
2004,Food Products,0.0009467441347531,0.0323236135502583,118.6007462361014,210412.07786982247,-4.388023303220543,107.54844474120668
2005,Food Products,0.0007697391026793,0.033246412764637,105.81040898826774,189717.52459016396,-4.631631540000433,-10.784364899670727
2006,Food Products,0.0009147980656038,0.0239479487081437,165.76672497276925,279739.2578574591,-2.4863702659366,56.66391100628812
2007,Food Products,0.0003171316244068,0.0290437867511073,294.8297331121022,842682.4172200089,-2.269898597036787,77.85821199069616
2008,Food Products,-0.0014795338870442,0.0547156109815234,97.74553995389044,958730.719367589,-3.926936389426692,-66.84678342237451
2009,Food Products,0.0032566591029722,0.0561329625379357,36.98571602037633,720414.8699294532,-7.814926453528523,-62.161223890293485
2010,Food Products,0.0010829024475431,0.0303807723873506,30.00083190028117,796386.0771862305,-8.403113927164291,-18.88535594727168
2011,Food Products,-7.81629824539093e-05,0.0359089644884194,36.931234914408,673823.0304928989,-6.865228553297658,23.10070279771765
2012,Food Products,0.0009102367979382,0.0341815081754951,24.12372015779969,724390.8840904462,-10.16355374786036,-34.67935688121738
2013,Food Products,0.0014769280395693,0.0348675210142107,25.45731704135736,673823.6555555556,-8.784456634309581,5.528156000957796
2014,Food Products,0.0008118268131098,0.0275100377830873,24.9257568423617,592002.1942091787,-10.004087383876245,-2.088044856149218
2015,Food Products,-0.0001494876045015,0.0286332134285979,26.55790514654944,682651.7685185185,-9.322983290795008,6.548039100717995
2016,Food Products,0.0007408020956589,0.029100902334714,25.410679980425428,660067.8087679517,-8.339060788677784,-4.319712566911793
2017,Food Products,0.000298429878052,0.0226724430194915,27.697981660855923,575881.3418706128,-6.832417558890263,9.001339917674267
2018,Food Products,-0.0005058693367252,0.0284042935635823,29.271396555793824,576337.9948776324,-5.749680217695227,5.680612090091475
2019,Food Products,0.0009092535059114,0.0293946939491302,31.423780450946843,474426.97340913257,-4.345883895458909,7.3531985091670915
2020,Food Products,0.0012226056642564,0.0459865549160521,29.80063310258045,520755.39148401,-2.7331195344195027,-5.165347151340239
2021,Food Products,0.0004156007424629,0.0338268000108802,36.24435167438196,505658.6993145743,-1.052621718447309,21.62275730727192
2022,Food Products,-0.0006690073285584,0.0369257061370099,29.41470744686786,586200.6493506493,-0.3249946296265746,-18.843333959650856
1981,Health Care,0.0025885824430627,0.0291998051875287,23.49263846732321,75197.82142857143,2832.4433413647407,1615.9977654139564
1982,Health Care,0.0018625655108013,0.0396772965747659,46.91007947968871,98092.9117259552,7651.939153561831,99.67991055980237
1983,Health Care,-0.0010213781717125,0.0348535867977981,62.10687622932287,170783.80128205128,12245.316263363426,32.39558943022922
1984,Health Care,-0.0006405028845521,0.0391694512413394,25.40942105438869,107883.64130434782,3346.8172846874645,-59.08758804650361
1985,Health Care,0.0027175196565035,0.0408158001240601,24.570188707184226,244584.46924603172,3135.369068170045,-3.302839310695438
1986,Health Care,0.0001289298017932,0.0372967462167742,42.74061576429143,351041.0892687559,5083.70150377412,73.95314408714431
1987,Health Care,0.0009104197508083,0.0579033368418216,19.236885324878827,114624.32924586145,5560.787955515631,-54.99155784051501
1988,Health Care,0.0010078790147113,0.0417983566254529,9.005984611577869,75692.11349520045,1267.9966542183392,-53.183769308378935
1989,Health Care,0.0005048007269185,0.0418020606543806,5.335079639892877,73569.70064724919,563.8489912933601,-40.76072889316031
1990,Health Care,0.0003291694496313,0.0440006842561137,3.503137888227545,96600.58072590738,47.377535323042814,-34.33766457705802
1991,Health Care,0.0035609764259923,0.0492894313810783,6.041610760742313,161172.33575129532,168.74451076708115,72.46283056814353
1992,Health Care,0.0008009489070738,0.0522929425993317,8.56236589589184,161150.63977929586,6.269703623340985,41.723229697767074
1993,Health Care,0.0018713878156644,0.0557058110618923,9.696530287427455,128519.31660823838,-6.088578211361789,13.24592297649625
1994,Health Care,0.0006719151068671,0.0452250725571019,8.818160364136817,137889.22243273968,-5.330042848963517,-9.05860031633724
1995,Health Care,0.0023910947623908,0.0462964211596102,9.663798004315328,149733.60338147235,-4.639374029501258,9.589728529067033
1996,Health Care,0.0016324500594277,0.0582915795060446,10.953621814652882,201714.73400828347,-7.005856967570074,13.346965755716234
1997,Health Care,0.0012862957536215,0.0496676222738454,17.187470940385555,231623.5371791479,-22.1565981581054,56.91130505704996
1998,Health Care,0.0005223248071097,0.064387894428689,17.934327406067872,159335.99794163942,-23.58535858872173,4.345354056293549
1999,Health Care,0.0016979150774834,0.0705956274376304,17.540972882469205,221526.5549380572,-25.271258770549547,-2.193305133180401
2000,Health Care,0.0024318962948687,0.0711547005748655,19.79891120798467,206063.2852833441,-23.655168350846907,12.872366547992865
2001,Health Care,0.0026200510209408,0.0598661502874752,15.140228767541672,267827.54047983664,-17.683175644556393,-23.529993096611317
2002,Health Care,0.0004327275216738,0.0516290313185334,15.10045384161212,267723.7206736353,-18.299036737275568,-0.2627102043188833
2003,Health Care,0.0035218010234348,0.0548250127374941,15.02811693645036,304769.75996902824,-18.261147459844214,-0.4790379542263911
2004,Health Care,0.0012205895349637,0.0453297604113577,1107.8366131696866,371929.5730543319,-1.453236424014743,7271.759335214206
2005,Health Care,0.0014033280907469,0.0433491337549131,5136.9672102038485,434095.3456843191,-0.9300315641375156,363.6935762130316
2006,Health Care,0.0011477894128182,0.0388447387238475,6507.995428651398,504865.0809056236,-1.2972948976859489,26.68944850814305
2007,Health Care,0.0009607413965314,0.0402225406742639,2091.181966163841,519569.6825349152,-0.950552874887816,-67.86749485168
2008,Health Care,-0.0009706803901914,0.0623852370660547,564.5495434023362,615642.9705332759,-2.238193071732779,-73.00332766172562
2009,Health Care,0.003072260247417,0.060335642408339,449.3683019039057,584453.3382236606,-0.7116659811139986,-20.402326570715967
2010,Health Care,0.0008172584079788,0.0343888390902514,281.2422351885815,462026.408021542,-1.734868685990676,-37.413868758210015
2011,Health Care,0.0002216529561935,0.0406075949322501,109.09037213165593,449701.3988803855,-2.164388744860404,-61.21124124244444
2012,Health Care,0.0011292807809897,0.0370630125904082,42.6171887963329,436697.8942142857,-2.200761719567061,-60.93405131582072
2013,Health Care,0.0021507189440382,0.0378306984225143,33.297854701526965,475096.0612905496,-2.13259394339139,-21.86754771494417
2014,Health Care,0.0005896350127854,0.0308200062250288,36.06551887480638,468307.2501305824,-1.5569902724928606,8.31183930042345
2015,Health Care,0.0002577426785228,0.0334422977740095,33.65451111820775,468363.4016124969,-1.5599411680645228,-6.68507713688501
2016,Health Care,0.0001693098505104,0.036579112019927,29.348379448888466,538201.2236079617,-1.274530691956483,-12.795109856727604
2017,Health Care,0.0017019369040618,0.0584579990067793,34.18414489704024,556896.3998608739,-0.9114495887897598,16.47711232769593
2018,Health Care,0.0009864430130377,0.0435191746911465,60.79470433308117,588049.6862953692,-0.5882348718872882,77.84474210541082
2019,Health Care,0.0013838496674656,0.0479672898671819,48.97499774899465,522885.3407738095,-0.3116018378016038,-19.442000275762293
2020,Health Care,0.0022972417575525,0.0536853103905046,56.30048442049288,631453.9730113636,-0.1175820423890453,14.957604917191848
2021,Health Care,0.0083346421555155,0.9294783104783249,79.62452315660293,530382.3905215616,-0.1171482155176045,41.42777629035872
2022,Health Care,-0.0008582731443398,0.0422827097895632,57.49017839023893,577861.6655603779,-0.0844466002465,-27.79840165928641
1982,"Hotels, Restaurants & Leisure",0.0021774261116642,0.032654796360478,0.4579999901560455,58868.65217391304,50992.06769207278,-32.79684560177314
1983,"Hotels, Restaurants & Leisure",0.0015234185858689,0.0265672988684158,0.8688594622338713,84470.83992094862,21209.81855816571,89.70731024204642
1984,"Hotels, Restaurants & Leisure",-0.0010328876392354,0.0321870666336229,0.7306882289087349,70764.77075098814,224.98779828246495,-15.90259867457654
1985,"Hotels, Restaurants & Leisure",0.0007627574107541,0.0406244404121158,0.6089087037961612,68541.04263565892,-24.311672655097095,-16.666413977196314
1986,"Hotels, Restaurants & Leisure",0.0008175148784114,0.0504688377406762,1.558942045933016,60103.93939393939,-54.07871247525088,156.02229631700072
1987,"Hotels, Restaurants & Leisure",0.0015765862425609,0.040418257208139,1.3237345038823616,61383.599472990776,-35.96510733700965,-15.087638611343268
1988,"Hotels, Restaurants & Leisure",0.0013583004003341,0.032683170325192,1.3610548866282024,66123.63372859026,-25.270090685687503,2.8193253735083967
1989,"Hotels, Restaurants & Leisure",0.0018308423645882,0.036772678319155,2.0870027431735285,188274.0582010582,-17.43252004878971,53.33714780186028
1990,"Hotels, Restaurants & Leisure",-0.0008883610361217,0.0399485706680429,2.0918453325160407,118041.45454545454,-30.5326019090321,0.2320356002574408
1991,"Hotels, Restaurants & Leisure",0.0036638912477105,0.0530987182756688,3.1315677319512223,154075.4953886693,-45.710264672781605,49.70359821892849
1992,"Hotels, Restaurants & Leisure",0.0026651174324405,0.0342411732369403,8.337132797895531,1590740.0153964588,-33.9514403079011,166.22872348671245
1993,"Hotels, Restaurants & Leisure",0.00113102760428,0.0432744236455057,7.246065053540953,1225670.5572778827,-36.11789807064256,-13.086846171263913
1994,"Hotels, Restaurants & Leisure",-0.0004288603490639,0.0397296131447859,5.27722726874256,1139807.4067934782,-32.13479574583746,-27.17113040320106
1995,"Hotels, Restaurants & Leisure",0.0007364761052658,0.0411542335486411,4.451911685985392,1715556.4866979655,-31.51190661793012,-15.639189686704944
1996,"Hotels, Restaurants & Leisure",0.0015827950767468,0.0468496788727739,4.329967749980629,1417625.4318292092,-31.080297200561425,-2.739136456561853
1997,"Hotels, Restaurants & Leisure",0.0014798051418442,0.0493440837458823,4.394122250646637,1316952.749825622,-35.54953060488168,1.4816392262112288
1998,"Hotels, Restaurants & Leisure",0.0005887374673811,0.0459062375360678,5.38589454060125,1371014.6602537,-31.97788379415473,22.57043007414425
1999,"Hotels, Restaurants & Leisure",0.0004736085449656,0.0462273650768838,5.071323104638454,1432977.104010025,-29.338156992689555,-5.84065346232493
2000,"Hotels, Restaurants & Leisure",0.0013029014621982,0.0524871787054985,4.725642776740723,1378389.5091896409,-30.28502938943216,-6.816373572836576
2001,"Hotels, Restaurants & Leisure",0.0018466899184719,0.0417392644921264,5.485186544517355,1414244.378820034,-30.605490276740227,16.07281387232764
2002,"Hotels, Restaurants & Leisure",0.0010580918174823,0.0425225949626539,6.705803384483884,1394928.5811275004,-28.42021888127584,22.252968610275992
2003,"Hotels, Restaurants & Leisure",0.0019202348309325,0.0375350764816474,7.608332808258312,1229541.5767195767,-26.6584936637241,13.45893060125698
2004,"Hotels, Restaurants & Leisure",0.0024637313987854,0.0299279995155127,11.104337018095915,1140372.2949196862,-22.865124148099238,45.94967515147257
2005,"Hotels, Restaurants & Leisure",0.0010412788358512,0.030902024272882,15.1875916494102,1223236.0650406503,-22.080893345582307,36.77171023051719
2006,"Hotels, Restaurants & Leisure",0.0007989037043873,0.0240616524306683,16.821648945103025,1247819.0748311104,-22.21778663378425,10.75916006575197
2007,"Hotels, Restaurants & Leisure",0.0001878938807668,0.0246545560328714,19.279667676579244,1825283.997921358,-23.302969059383496,14.61223414837567
2008,"Hotels, Restaurants & Leisure",-0.0018473661342279,0.0503312910389347,13.29640024191242,2276765.1705084746,-22.87526374834223,-31.03407971048816
2009,"Hotels, Restaurants & Leisure",0.0023092553242424,0.0439594257491637,10.222240584818696,2254491.589616402,-21.55866056438696,-23.120240073726677
2010,"Hotels, Restaurants & Leisure",0.0013220266586578,0.029769314774847,14.448818118968472,1642788.7224850203,-20.884498736299445,41.34687986532788
2011,"Hotels, Restaurants & Leisure",0.0006079030642447,0.0305731857953713,17.874200404509082,1513690.5824175824,-18.920591345648354,23.707006741567007
2012,"Hotels, Restaurants & Leisure",0.0010664766352123,0.0302124187881492,19.2600226009864,1318465.6185720677,-15.329216314926663,7.753198269656414
2013,"Hotels, Restaurants & Leisure",0.0017508373998275,0.0214998830664893,26.371628786865926,1044537.1486775314,-12.922407034636532,36.92418401168078
2014,"Hotels, Restaurants & Leisure",0.0005818319467886,0.0239125491192222,31.13133420155592,1028839.361448654,-11.2723958623188,18.04858339679234
2015,"Hotels, Restaurants & Leisure",0.0004438197002525,0.0241611153818359,33.57148537063409,977887.9519400352,-8.963773500028797,7.838247963546063
2016,"Hotels, Restaurants & Leisure",0.0004739669327643,0.0230433500958674,32.9632645332808,1081802.039241623,-7.594324619790818,-1.8117185779492504
2017,"Hotels, Restaurants & Leisure",0.000902978055697,0.0207789370035004,39.86937164937093,1004121.4032757856,-6.049545181450018,20.95091980079067
2018,"Hotels, Restaurants & Leisure",-0.0003154129337771,0.0248118907723568,44.021364558549145,1146094.1456396636,-4.427542577010518,10.41399133573684
2019,"Hotels, Restaurants & Leisure",0.0007663288167592,0.0253169172186155,42.62693301763064,960997.5308641976,-2.836099208449602,-3.167624527095003
2020,"Hotels, Restaurants & Leisure",0.0020297918956274,0.0628967503877956,37.452142931887416,2905338.1752305664,-1.4022985103264525,-12.139719467039557
2021,"Hotels, Restaurants & Leisure",0.0008797183735434,0.0317856025139148,56.46692777834373,1769295.2601410935,-0.7005076584511386,50.77088614405236
2022,"Hotels, Restaurants & Leisure",5.304542908800314e-05,0.0363386417054216,46.40194881975609,1892307.6414565824,-0.2899649572878872,-17.824555637411134
1988,Industrial Conglomerates,0.0007009524915013,0.0117704019960328,2.5893584174129805,8412.292490118578,-83.06172446495017,5.404213200682673
1989,Industrial Conglomerates,-0.000729495695281,0.0161840069200288,2.5909897722895185,12114.111111111111,-80.8125612251161,0.0630022813978836
1990,Industrial Conglomerates,-8.422533982672553e-05,0.0209924132717664,2.285456302608897,12283.260869565218,-77.42519421606967,-11.792152672630507
1991,Industrial Conglomerates,0.0016974399568514,0.0169255554880008,2.6519167979244185,10606.264822134388,-72.04065493443015,16.034456440807855
1992,Industrial Conglomerates,-4.7958324174870416e-05,0.0231233713074656,2.553964146478908,14762.409448818898,-67.48159826670708,-3.6936547753751214
1993,Industrial Conglomerates,0.0003493023803503,0.0207058158368596,2.971133839000355,22527.78260869565,-63.37670643797168,16.334203167910122
1994,Industrial Conglomerates,3.142973132634332e-05,0.0139727535417765,2.8936254580815635,15196.194444444443,-61.94912858682364,-2.6087138822689093
1995,Industrial Conglomerates,0.0006107037324333,0.015188271735057,2.9403647118144565,29770.92857142857,-61.96659254950004,1.6152489121339375
1996,Industrial Conglomerates,0.000316465631493,0.0086315280054158,3.314914105445381,18335.98031496063,-61.96564919463996,12.738195099607076
1997,Industrial Conglomerates,0.0004503221093519,0.0199313345823813,3.97183998017443,29144.790513833992,-62.07189409891532,19.817281951587297
1998,Industrial Conglomerates,0.0004074984991766,0.0255321632518316,3.618818421212454,21598.69047619048,-62.00408461611653,-8.888111321807902
1999,Industrial Conglomerates,-0.0010166182239549,0.0129646201071674,3.051256071953546,13168.936507936509,-62.01014427525874,-15.683637121222304
2000,Industrial Conglomerates,0.0007574512539392,0.0160822433749621,3.1795601012214783,9679.611111111111,-61.959396608354176,4.204957769597684
2001,Industrial Conglomerates,0.0001465975733631,0.014588447449718,3.523539593142848,6332.83870967742,-61.96556678092949,10.818461704473648
2002,Industrial Conglomerates,0.0001396393363466,0.0118634689131,3.395367839033641,5556.119047619048,-61.9635543778569,-3.6375851816349942
2003,Industrial Conglomerates,0.0025538192263484,0.0150081352105983,4.379247759069715,12458.099206349209,-61.87988018208568,28.9771231477558
2004,Industrial Conglomerates,0.0022380286352951,0.0186205972992236,7.272411005837577,14897.896825396823,-61.96926284351251,66.06530175818273
2005,Industrial Conglomerates,0.0014617974466541,0.0225753571217787,11.718630067885869,18663.89285714286,-61.79630415152141,61.13817080029311
2006,Industrial Conglomerates,0.003462738121082,0.0221287258742562,18.604907624750023,18409.697211155377,-61.36057747001408,58.76350321643435
2007,Industrial Conglomerates,0.0021348672917704,0.0303520053901923,41.472232096698654,41752.00398406375,-61.335867997036296,122.91017474082126
2008,Industrial Conglomerates,-0.0045827104381534,0.0571258418006026,26.15156676175566,29382.565217391304,-61.38900817270251,-36.94198397429054
2009,Industrial Conglomerates,0.0027667237274745,0.0450873552375296,13.588954089179872,24358.809523809523,-59.72418087510537,-48.03770568326902
2010,Industrial Conglomerates,-0.0001700378274755,0.0211851154543556,15.750163914665343,21499.9126984127,-58.71573084220868,15.904166069751623
2011,Industrial Conglomerates,0.0003962356459805,0.0218492761727107,16.545630504214575,15341.861111111111,-57.49476573794466,5.05052895867677
2012,Industrial Conglomerates,0.001143515691588,0.0145349173302187,17.56953126144409,9037.176,-56.84817680150984,6.188345357819425
2013,Industrial Conglomerates,0.0043920268088607,0.0352679038469792,35.70577509441073,205108.3333333333,-55.4604613403761,103.22554178076555
2014,Industrial Conglomerates,-0.0003015597114332,0.016944702925508,48.85743451496912,154234.92063492062,-53.28386976280542,36.83342368505844
2015,Industrial Conglomerates,-0.0012237442235689,0.0156113302236418,41.25105820761787,93336.11111111112,-50.32106883396498,-15.568513539164195
2016,Industrial Conglomerates,0.0006821853263413,0.0264559448223142,30.136322445339623,127595.63492063493,-45.52453859187091,-26.94412275762097
2017,Industrial Conglomerates,4.196704112798967e-05,0.013357254076605,32.5147227101117,92523.10756972112,-39.10455476560265,7.89213836255549
2018,Industrial Conglomerates,0.0008988831092653,0.020402675099717,45.06738582170342,108166.13545816734,-32.12303230585244,38.60608999654174
2019,Industrial Conglomerates,0.0008321422677925,0.0137470712407192,52.17445282709031,88282.93650793651,-25.028242103985637,15.769867445837704
2020,Industrial Conglomerates,0.0002226016704075,0.0271799097635135,45.15013068278317,135901.18577075098,-14.553760495422829,-13.463144822210635
2021,Industrial Conglomerates,0.0002957040943455,0.0139533346540433,54.77466625637479,325831.34920634923,-2.464694819821025,21.31673912798151
2022,Industrial Conglomerates,0.0001176037641652,0.0120831422687525,52.41193279298414,479644.0420168067,-0.0428706729475295,-4.313551546497408
1981,Insurance,0.0003926296382699,0.0155099843375404,1.7081756857057784,44886.36926994906,110.81470300454968,36.740095744878445
1982,Insurance,0.000999184841278,0.0173959644710142,1.6579366676067646,45059.69249011858,120.76448492296592,-2.941091980141153
1983,Insurance,0.0003857683396129,0.0132297008682736,2.3040673527086204,62070.545454545456,274.3014425717664,38.97197629596714
1984,Insurance,0.0002949061048632,0.0178187618835827,2.116273957161093,51134.85059288538,224.60803528947028,-8.15051675146391
1985,Insurance,0.0018455035485659,0.0175214921218806,3.070598947339588,82065.15952380952,442.4292638160796,45.094586499504445
1986,Insurance,0.0007741306521055,0.0193162795697946,4.166838282972922,82376.5073929961,477.6337674664528,35.70115649857601
1987,Insurance,-0.0003428793165368,0.0316646135671812,4.134974525353619,72710.6863317757,141.16764058881756,-0.7646986865199157
1988,Insurance,0.0006764340843947,0.0316696436115945,3.3187983029310075,53827.89836250706,159.4322951997558,-19.738361564701844
1989,Insurance,0.000740300061312,0.0307624953030712,3.387440931686709,49033.37942297224,118.81553916711708,2.068297693628418
1990,Insurance,0.0005415383716611,0.041592041553484,5.127721792859994,65275.70800395257,26.7288842459898,51.374500582265405
1991,Insurance,0.0015492185290433,0.0569682337434078,3.9754281804377856,31068.52173913044,-23.51000039015772,-22.47184342229135
1992,Insurance,0.0029832384546218,0.0624184190782193,4.1671051104941705,36283.86909448819,-40.07084744484772,4.821541764974779
1993,Insurance,0.0017600441586557,0.05401801183548,4.910931619613067,43326.479249011856,-48.35437282513963,17.849957929923388
1994,Insurance,0.0009580020641861,0.0601154970422661,4.671540108465013,29684.77281746032,-47.03268744060625,-4.874665943056156
1995,Insurance,0.0025932980391041,0.0398086752835561,5.462796930095722,58406.65227483752,-44.81676356488231,16.93781500873599
1996,Insurance,0.0013319206550275,0.033211697820127,7.590292317238379,72598.29212598426,-43.79550682759838,38.94516699718103
1997,Insurance,0.0017011434373763,0.0319039674987267,9.417778460003715,65529.94048493754,-41.399115297438215,24.076624013740755
1998,Insurance,-4.4215582652731424e-05,0.0353596546800122,11.057825209946516,68312.36796536797,-39.99664254292972,17.41436960858551
1999,Insurance,-0.0002199631456678,0.0410704158261788,9.470159445641183,66591.40475345867,-39.978102448010304,-14.357848258238215
2000,Insurance,0.0009877746665379,0.0392596536318862,8.132105664500044,303715.32077234506,-38.561273589122806,-14.129157896670929
2001,Insurance,0.0010895147891622,0.0386431593273451,9.925989558508912,227337.34646401985,-37.48325190301404,22.05927920784283
2002,Insurance,0.0010305544621848,0.039138425699841,11.192706757877756,309901.60811629315,-36.09971698388361,12.76162131646581
2003,Insurance,0.0020790991256193,0.0370623006319237,12.684412025949964,288577.95607094135,-33.80689900331009,13.327475653039
2004,Insurance,0.0013913129464467,0.0273830809889324,16.392384412624533,280317.4548611111,-31.078971298932245,29.232512938626897
2005,Insurance,0.0004716624158745,0.0237239411045739,20.299009285157634,298523.6183035714,-30.22104938026509,23.831950094608743
2006,Insurance,0.0008634739703694,0.0218414247266012,23.66996848902873,368043.21574415744,-28.114868437571428,16.60652082333838
2007,Insurance,-0.0001125091370188,0.0257298460582549,25.99538893334503,527085.9200843684,-24.24150744457346,9.82434955667204
2008,Insurance,-0.0001186681502044,0.0489367017238672,22.02876865150789,983767.29086259,-23.73313983715624,-15.258938006305566
2009,Insurance,0.0039972279090774,0.1837576968307352,15.701337152568538,1053604.1764705882,-23.08527661368484,-28.7234915352667
2010,Insurance,0.0009811245328997,0.0236185114890358,17.605270888560856,792359.7190539346,-21.70662294381124,12.12593371820474
2011,Insurance,0.0003797228966512,0.0244287960555384,20.58574053035421,897782.0670194003,-19.56899115158684,16.929416540417662
2012,Insurance,0.0008999842962372,0.0192191881360522,22.82330421307352,776746.8288888889,-17.944097345064776,10.869483560331282
2013,Insurance,0.0011453613104438,0.0180381958579317,29.19490683435938,604830.6189970251,-15.144316805166488,27.91709106535114
2014,Insurance,0.0002060708407367,0.0183089805849631,30.517328616973757,508811.88828828826,-13.701216709571684,4.529631795426803
2015,Insurance,0.0002812650876214,0.0199378378611201,30.75921748057064,502156.6494708995,-13.091536269623084,0.7926279086641674
2016,Insurance,0.0010025114129513,0.0200123918975466,34.98894554848528,530835.3261526834,-11.676182759729818,13.751091264224758
2017,Insurance,0.0001215611084088,0.0175723842804967,44.40685409098281,419598.6306203756,-10.67199823206056,26.916811566804256
2018,Insurance,-0.0001272291946575,0.0232762631163461,46.40022663265224,472206.3572377158,-9.030346236599756,4.488884841032226
2019,Insurance,0.0007758087575172,0.0268946936586803,52.5477765247406,435016.8745275888,-6.285084387727546,13.24896522760146
2020,Insurance,0.0008359485523724,0.0510721203947893,49.095876016237405,657782.8722002635,-3.92647546990244,-6.569070542647914
2021,Insurance,0.0007527969484737,0.0349118199291307,58.26843346829948,569415.2191987906,-1.2782922812509068,18.682948948763944
2022,Insurance,-0.0009116585654812,0.0327626384176415,55.14632765249647,470228.9275420336,-0.2705564637489338,-5.358142702603407
1981,Leisure Products,0.0002103786290933,0.0297136730155468,0.4262367009868715,149224.73913043478,732.3493404498654,-19.94370238443318
1982,Leisure Products,0.0050728546996904,0.0519655145994266,0.7883998396878814,473040.5546772069,-49.477495492670606,84.96761021809915
1983,Leisure Products,0.0012053900800639,0.031160291780312,0.6823499955344892,262393.62845849805,-31.32473487476467,-13.451276727222083
1984,Leisure Products,0.0023893165238779,0.0251100520379093,0.9031585117063348,308851.05928853754,-6.318129834353788,32.360008443890266
1985,Leisure Products,0.002322768805963,0.0250840697991558,1.5104638673759327,433719.6917989418,-47.50554618013555,67.24238855062308
1986,Leisure Products,0.0009626664966823,0.0297159128870729,1.9819750322890373,493324.0909090909,-42.85454337041752,31.21631540463405
1987,Leisure Products,-0.0004098233350497,0.0408769979534798,2.5003009352427217,472296.7552019584,-13.13920297502483,26.151989531122165
1988,Leisure Products,0.0015111018900572,0.025190609065412,5.350854984561916,202854.7401185771,216.22292764477083,114.00843830994572
1989,Leisure Products,0.0011092653192433,0.0233091397446553,6.766680626701268,349583.5962301588,165.65697444447258,26.459802147960243
1990,Leisure Products,-0.0003311504412769,0.0409867515175331,6.8205132523750365,319405.1067193676,-6.650647545920342,0.7955544031640116
1991,Leisure Products,0.0032429865672842,0.043713464399071,7.509902807946498,378432.04347826086,-23.965527690853616,10.1075905883095
1992,Leisure Products,0.0004901613855915,0.0307882142544163,8.144784002293518,314838.44881889765,-29.99188322698551,8.453920251474223
1993,Leisure Products,0.0013832915190963,0.0253016852897718,8.663785586950807,438546.3527667984,-31.185537099163568,6.372195806679981
1994,Leisure Products,-0.0004309980294481,0.0273186130468048,9.565458704643545,336995.810515873,-30.738533276120787,10.407380337883886
1995,Leisure Products,0.0008259325574391,0.0272780861062464,9.814535570050042,308226.92063492065,-31.877407169601955,2.603919718827341
1996,Leisure Products,0.0011515412578519,0.0342031914389391,15.22853983268456,418377.5907172996,-25.02977490415146,55.163122330065725
1997,Leisure Products,0.0014804096704382,0.0295568868840221,18.16677768098507,387823.58893280633,-23.484777520747578,19.294284813795848
1998,Leisure Products,0.0002090365395074,0.0321655241445749,21.419235867451107,463095.0714285714,-23.771440216683438,17.903330153428044
1999,Leisure Products,0.0002141568848829,0.0325530413148493,41.94439914065694,866129.5833333334,-13.177849605409245,95.8258427155008
2000,Leisure Products,0.0001683454698279,0.0421645533049679,33.712056575360755,797931.5079365079,-11.206929309337903,-19.62679817557937
2001,Leisure Products,0.0027086500717248,0.0341204403706068,35.32086614601074,600235.5403225806,-11.658672106957662,4.772208325687899
2002,Leisure Products,0.0003927246697331,0.0339766909828233,37.18360266344888,615941.6031746032,-12.499344367445383,5.273756622326009
2003,Leisure Products,0.0015447616497112,0.0246904658818003,31.48938418570019,735729.2222222222,-14.22516773357051,-15.313789062580677
2004,Leisure Products,0.0007202695894769,0.0233935694726065,44.131669554256256,722374.8968253968,-12.588891491593518,40.14776946415206
2005,Leisure Products,-0.0002138874722852,0.0175749837510124,46.945907773290365,573580.8412698413,-12.0209492139858,6.376913104486648
2006,Leisure Products,0.0008006820483001,0.0195030808337737,49.46355242976154,736341.3386454183,-11.13723034708432,5.362862868962526
2007,Leisure Products,0.000152919766561,0.0193600079098063,58.37648032139022,1198110.5577689244,-11.197959410626725,18.0191827190032
2008,Leisure Products,-0.002239011868124,0.0416746247726718,54.28539492059131,1246924.1422924902,-10.1681251527336,-7.0081056245178575
2009,Leisure Products,0.0028518976579437,0.0570204666678356,33.32230405458619,1255900.484126984,-10.977059488827926,-38.6164471984959
2010,Leisure Products,0.0022422759023976,0.0288424761218917,41.18235434492429,1415949.1984126985,-11.765243113752694,23.58795561514093
2011,Leisure Products,-0.0001278494642374,0.0259710865193293,48.397994256965696,1103802.8333333333,-10.683267119358876,17.521193304313186
2012,Leisure Products,0.0008762520651501,0.0192164012917157,45.44130887489319,878781.016,-9.265040633517645,-6.10910726253282
2013,Leisure Products,0.0012769310803356,0.0211947489019903,37.23170532858561,787299.4761904762,-10.390268949294322,-18.066388820158892
2014,Leisure Products,0.0003595250591285,0.0221053773066765,33.67843885747741,871795.8512064343,-9.215116965237424,-9.543657589006784
2015,Leisure Products,6.427260201508563e-05,0.0226076296645938,36.283600255295084,1177641.2962962964,-7.885349173931125,7.735398332572263
2016,Leisure Products,0.0007001600086671,0.0243189340528973,38.05899498103157,921209.0013227512,-6.500168649397509,4.893105185936975
2017,Leisure Products,0.000101347165131,0.0240662489090523,38.91042830364638,1579295.2855245683,-6.00962920287567,2.2371408468330856
2018,Leisure Products,-0.0002327455697939,0.0274620311479748,41.66336662170897,1074924.7144754317,-4.586868455033377,7.0750655751702585
2019,Leisure Products,0.0010370815372993,0.0365769053673745,38.50668280906778,1204193.888888889,-3.6024837508967926,-7.576641228499215
2020,Leisure Products,0.0020547934076914,0.0546713433812578,39.36684386815007,1071802.628458498,-1.7749565339694655,2.2337968278060227
2021,Leisure Products,0.0008280212555848,0.0276943475310002,56.96963666103505,655740.0132275132,-0.508366192335444,44.71476771630809
2022,Leisure Products,-0.0004196395370649,0.0303644496036673,43.01327032635526,820311.2492997199,-0.1232139118708161,-24.49790301054417
1987,Life Sciences Tools & Services,-0.0006743315133327,0.0484566145348963,7.647139086730395,25293.083003952568,4010.971981817349,84.27842510125583
1988,Life Sciences Tools & Services,0.0002105281503582,0.0309845817786713,3.869670314162145,8787.154150197628,3032.885086345673,-49.39715009398819
1989,Life Sciences Tools & Services,0.0041474366596445,0.056068807361172,10.486596065787774,11893.662264150944,6058.333423675923,170.9945606324428
1990,Life Sciences Tools & Services,0.0016091773177205,0.0546544456451164,44.8814280474453,15991.237154150198,1286.6939631298198,327.9885271243516
1991,Life Sciences Tools & Services,0.0066765966928445,0.0544804359689883,119.86497316922753,73089.32542819499,2230.478593309584,167.0703192476746
1992,Life Sciences Tools & Services,-0.0003079113389244,0.0468793417604472,223.68410304040108,34428.17454068241,86.10271189846418,86.61340100130823
1993,Life Sciences Tools & Services,-6.4374904374468045e-06,0.0552136758405689,138.32363020824036,25102.108036890644,-0.480760295152499,-38.16117089766687
1994,Life Sciences Tools & Services,-0.0008388311827522,0.0578126487176475,75.56083000305469,28659.07804232804,-0.4169922002515138,-45.3738816069958
1995,Life Sciences Tools & Services,0.0016571477445144,0.0631338960209104,69.00879253376098,31777.5873015873,-0.4570492034143034,-8.671208970347244
1996,Life Sciences Tools & Services,0.0003603642110367,0.0701525247649263,44.25355071032767,38112.51968503937,-1.1741396850230768,-35.872590889519444
1997,Life Sciences Tools & Services,0.0013529538394164,0.0718946372926236,11.239511256789658,17255.444005270092,-4.289080334933673,-74.60201254728553
1998,Life Sciences Tools & Services,0.0047749008246663,0.1144803149851373,6.124085955834262,24843.222222222223,-7.462234812060836,-45.51288026750476
1999,Life Sciences Tools & Services,0.0060631603714001,0.1077393312829352,10.309490131322669,45909.14021164021,-3.386157480303774,68.34332838684402
2000,Life Sciences Tools & Services,0.0023568700759074,0.0812607056833285,12.994090058810954,180056.7662874871,-3.0194490622791688,26.04008436199805
2001,Life Sciences Tools & Services,0.002332637026434,0.0839852020382479,6.682472034832229,139914.1225626741,-4.447819598522253,-48.57298968540688
2002,Life Sciences Tools & Services,-0.0002501311024943,0.0698417144600632,4.027174850856817,93913.41137566138,-6.815222768090319,-39.73525321370202
2003,Life Sciences Tools & Services,0.0037026757016804,0.0690529763749198,497.0444253611828,124883.88841201716,-0.5586636914608906,12242.260859506318
2004,Life Sciences Tools & Services,0.001690310968298,0.0733264776746104,505.8063033442108,169039.5498866213,-0.6600431789982696,1.7627957454026566
2005,Life Sciences Tools & Services,0.0016073150717987,0.0629759981496053,248.8460860398648,158791.06879739978,-0.9757243426607288,-50.80209867006733
2006,Life Sciences Tools & Services,0.0014329447699783,0.0566491001442347,70.95233078470149,306274.7564741036,-1.1078069170809144,-71.48746363109966
2007,Life Sciences Tools & Services,0.0028648128154408,0.0642612048525501,56.781790452412565,379416.4249329759,-0.857342350136487,-19.97191660311789
2008,Life Sciences Tools & Services,0.0018674642488934,0.0971348342411996,39.713732587005886,381958.0404040404,-1.2630005362362295,-30.059034295001677
2009,Life Sciences Tools & Services,0.0068156946740329,0.1209869315031946,37.78860799672584,335099.4069664903,-1.4923437492543017,-4.847503533097597
2010,Life Sciences Tools & Services,0.0027799599303067,0.0729865923399397,27.30696864000816,273520.90204737056,-0.9937166925381802,-27.737564076522368
2011,Life Sciences Tools & Services,0.00281839185736,0.0941634634428185,35.15899299514647,311550.8973675441,-0.9469356167107011,28.75465401763455
2012,Life Sciences Tools & Services,0.0032817969902863,0.0793336657657779,38.79413216674328,305534.5366666667,-0.7621423127846743,10.339144730620207
2013,Life Sciences Tools & Services,0.0024574973765858,0.051612283032808,53.14374960249378,283417.3227513228,-1.2321230177923168,36.98914406455489
2014,Life Sciences Tools & Services,-0.0002290028584235,0.045874896301213,49.33304608282116,344409.00595238095,-0.923102225956508,-7.170558246597281
2015,Life Sciences Tools & Services,0.001696359339724,0.0635241776537012,42.98692986224261,421900.9689153439,-0.6424845924028083,-12.863823997254464
2016,Life Sciences Tools & Services,-0.000774070570973,0.0481117168412533,37.92380328056595,410054.93253968254,-0.565459373160644,-11.778293071643231
2017,Life Sciences Tools & Services,0.0024090445201699,0.0603575538555598,40.263922064682,288252.68857901724,-0.6432460110619862,6.1705804315129065
2018,Life Sciences Tools & Services,0.002383966516413,0.0616709457038515,53.3260498012844,393657.8721779548,-0.4145815501869649,32.44127016642526
2019,Life Sciences Tools & Services,0.002689932612509,0.0948785682503387,60.498862723717664,412782.5482804233,-0.3112145334859701,13.450861162906724
2020,Life Sciences Tools & Services,0.0060364027343231,0.0930167538593328,67.80716675859435,830770.0359025033,-0.1729445220372725,12.080068460545746
2021,Life Sciences Tools & Services,0.0011224386438309,0.068348687866145,94.43825921372104,657929.9500661376,-0.1656316729540408,39.27474591282976
2022,Life Sciences Tools & Services,-0.0003690206203928,0.0786661163572762,64.45310350517096,1123775.0833333333,-0.1922567977041561,-31.751067796253395
2000,Logistics & Transportation,0.0012949675194687,0.047534625751346,8.309483429647628,479129.9404761905,-20.74153905833916,52.88753185558839
2001,Logistics & Transportation,0.0011257510385439,0.0396936389073463,8.433654244003757,635822.9838709678,-21.12314877225951,1.4943265174956144
2002,Logistics & Transportation,-0.00085003085447,0.0369467003865905,8.008237221978959,460818.3333333333,-21.71428503396023,-5.044278668730873
2003,Logistics & Transportation,0.0046732876268641,0.0465101904742082,8.468877562795862,666271.6314639476,-20.998135772804737,5.752081613574789
2004,Logistics & Transportation,0.0035394113865386,0.0411468979381942,12.658696891927214,832085.7142857143,-18.26418837736436,49.47313617494488
2005,Logistics & Transportation,0.0005807693449027,0.0261348720493219,16.82443224689948,727003.4060846561,-17.337234881793677,32.90808991270553
2006,Logistics & Transportation,0.000440096331504,0.024711610259119,22.21559132522796,707128.02124834,-17.30407484775087,32.04363154258591
2007,Logistics & Transportation,0.0003076028075669,0.0249751457602811,23.96832797362668,786225.6640106242,-16.311917442984036,7.889669119040388
2008,Logistics & Transportation,-0.0013917570927094,0.0517342284002191,22.833181729356173,1020678.5243741764,-16.300768018684174,-4.736025998641025
2009,Logistics & Transportation,0.0033756819410918,0.0512337267523412,18.863380435213603,957645.3042328042,-16.306400622961498,-17.38610650586061
2010,Logistics & Transportation,0.0019022902752218,0.0268447411906229,24.70719028820121,727607.1097883598,-14.703888199855797,30.979653265533223
2011,Logistics & Transportation,-0.0003301199551382,0.0250713964630592,28.33560833697597,613484.7552910052,-14.044107071052018,14.68567654375288
2012,Logistics & Transportation,0.0001185733185433,0.0190974591431073,25.963346352577208,610170.1666666666,-12.469025091538748,-8.372017131896637
2013,Logistics & Transportation,0.0011672555926713,0.0165728815878743,28.164666038341625,603309.5238095238,-10.61069593836633,8.478566883755745
2014,Logistics & Transportation,0.0009762764558648,0.0187678550610476,31.805850249434275,621219.6428571428,-9.21871893642782,12.92819948987065
2015,Logistics & Transportation,-1.2100729567631513e-06,0.0203862399911764,34.72113543622708,645552.6455026455,-8.328940007650369,9.165877233056063
2016,Logistics & Transportation,0.0009625334075356,0.0199491445162118,35.946171185957695,616946.8915343916,-7.053564804021429,3.528213390315704
2017,Logistics & Transportation,0.0009570374226358,0.0189163373183625,40.848629859022566,583923.0411686586,-5.79785849822296,13.638333406090286
2018,Logistics & Transportation,5.957634820724755e-05,0.0224038483487291,49.10682743067444,584521.181938911,-4.962959260688927,20.21658400820956
2019,Logistics & Transportation,0.0008535387347874,0.022250515202012,49.15107015705613,525716.2037037037,-3.7284674363539945,0.0900948578772542
2020,Logistics & Transportation,0.0023851071017475,0.0825921539570953,50.46685164970528,661785.1119894598,-2.4774033172316416,2.67701494279724
2021,Logistics & Transportation,0.0011706435814249,0.0251896020584032,69.82075845249115,496052.2486772487,-1.3734909789228744,38.34974081031047
2022,Logistics & Transportation,-3.190190913456594e-05,0.0263756133619808,71.52190825785576,601757.2780112044,-0.5461703081740702,2.436452772884357
1981,Machinery,-0.0002377176517785,0.0282532635499468,4.431176608489636,56009.17963446475,2197.6288531450987,134.0406830942272
1982,Machinery,9.519307075212238e-05,0.0249054896832084,3.3345893280720524,47127.43824110672,856.2977483924906,-24.74709038490241
1983,Machinery,0.0009219071240011,0.0215593951829188,3.696434446606829,52615.05187747035,2126.0912018447293,10.851264816587893
1984,Machinery,-0.0009659892137588,0.0317196269466618,2.6820399018497807,54908.78557312253,682.6534656830285,-27.44251411487143
1985,Machinery,0.0004844075606575,0.0281238859777487,1.8779565627937989,93251.54811507936,850.3953901899498,-29.98028994652213
1986,Machinery,4.677481453025399e-05,0.0310271755407616,1.7276153130174952,104316.21147616844,201.1737880779902,-8.005576526894952
1987,Machinery,0.0015035857405388,0.0416983276759055,2.021413312064088,129892.8322119428,96.86278092031516,17.005984887540592
1988,Machinery,0.0019624190641921,0.0300158515201993,2.627324139188401,89455.66679841897,54.634612087070735,29.97461347999195
1989,Machinery,0.000480379473979,0.0312067532140573,3.531888178877887,94165.66587301588,44.71533009245,34.42909940944372
1990,Machinery,-0.00068639297257,0.0426383854185008,2.7066375457192127,93009.13122529644,-18.25501511388124,-23.36570670877989
1991,Machinery,0.0018520173113192,0.0403287595523957,2.659019196274959,105792.818972332,-24.75371095159764,-1.7593175532337524
1992,Machinery,0.0022030664010115,0.0449357910348468,3.0764858135674884,124349.9307086614,-32.11924708650339,15.70002269548718
1993,Machinery,0.0013141547439171,0.0428514055431095,3.251829970542621,114019.38221343872,-31.72837415455948,5.699495060300763
1994,Machinery,0.0012930686114228,0.0364650447053783,3.777138060024956,118170.11058505242,-32.20447540913049,16.15422990257631
1995,Machinery,0.0014815587236965,0.0318917699059739,4.235241642292311,138551.77106227106,-30.25906507628616,12.128325070128042
1996,Machinery,0.0007299380682117,0.0307180764991748,5.149998101218375,158404.71101047267,-27.694476583080142,21.5986839993138
1997,Machinery,0.0009311142459406,0.0293192484008946,5.741339232516383,175783.4329380764,-27.214674497344216,11.482356297531648
1998,Machinery,-1.2338291559136573e-05,0.0368391146230939,6.393729653639137,153628.97936507937,-26.276231812059063,11.363035603747385
1999,Machinery,0.0015057201976822,0.0662390241549765,6.5529012999890925,179219.74445294568,-23.289015886323096,2.489496037095651
2000,Machinery,0.0010032141001182,0.0567281701060569,7.64342447170352,192215.00173611112,-17.525440699788998,16.641837283833993
2001,Machinery,0.0015654100164362,0.0438698772858263,5.605377928301271,189133.66784274197,-21.339249191359364,-26.664050268923788
2002,Machinery,0.0004016610166135,0.0446426418744623,5.695025923909501,300056.4905753968,-21.47729371211873,1.5993211654044217
2003,Machinery,0.0033559506103587,0.0429646120915509,6.038153833088401,366229.3830402313,-21.496925133279877,6.025045605821422
2004,Machinery,0.0024081876308511,0.0459090689489602,9.135616836132549,287409.73552211584,-18.68261311850562,51.29817968648629
2005,Machinery,0.0010651999277953,0.0307497267254663,12.073201673846658,229448.0878685929,-15.848552785618956,32.15529821802048
2006,Machinery,0.0014087475767552,0.0307945308243466,16.447582760501408,239496.40345660655,-14.792462807513978,36.23215452559423
2007,Machinery,0.0008882377169096,0.0286737984847212,20.538085263909228,299199.5456356393,-14.01409392125843,24.869931119794032
2008,Machinery,-0.0020601033474488,0.0529681862922193,16.905257939810745,405968.290180924,-12.703129754727524,-17.68824735810357
2009,Machinery,0.0025909062302943,0.0522311940219506,11.38294561019616,363259.406142167,-12.594286845005136,-32.66624117346303
2010,Machinery,0.0021346232285532,0.0308129005607488,15.09726979259748,264086.2837674659,-11.140300055110435,32.63060643173286
2011,Machinery,0.0002051641177489,0.0343415375467413,19.9221575626384,277325.59656084655,-11.945206732718686,31.95867753788615
2012,Machinery,0.0011772793820145,0.0308182065799459,21.19061733565003,233905.98849643552,-10.100599175619786,6.367080317598095
2013,Machinery,0.0018772185864484,0.0263396468356292,28.07273642634428,200624.36016751977,-8.009836369364773,32.47719961001854
2014,Machinery,0.0001866615228929,0.0244950113666453,31.79737997891993,240685.24114774115,-7.384872417368242,13.267832162882186
2015,Machinery,-0.0006203589229774,0.0378913246731712,27.001092188597017,269670.1007326007,-7.712305515567008,-15.083908779599486
2016,Machinery,0.0014463124435538,0.029317985864059,26.665127148576563,270337.5763125763,-6.349797863046833,-1.2442646307557093
2017,Machinery,0.0009949858615308,0.0240831632880019,34.38243533757213,224340.1869445296,-5.244528184424455,28.94157656175862
2018,Machinery,-0.0012304027807444,0.0271170674682946,36.53692681791956,242668.3956481765,-4.244094888153676,6.266256183409613
2019,Machinery,0.0005242865619813,0.0333309018536786,35.671527541261874,206316.06364468863,-2.8610961925485943,-2.3685606645856394
2020,Machinery,0.0023407709181013,0.0617724990273939,36.55294630536965,324172.3235025844,-1.5887476407851782,2.4709308091396487
2021,Machinery,0.0011094881934897,0.0341670453927956,52.805976440677455,308362.00732600736,-0.5323168026353232,44.46435042343009
2022,Machinery,-0.0005899648584797,0.0314315952210893,48.39738197088473,223912.45344325897,-0.1271126571827588,-8.348665751395323
1981,Media,0.0002814254706809,0.0216679946896715,0.1550468433456929,521634.3596837945,15219.45869977283,44.06130427754022
1982,Media,0.0012356337561105,0.0206375643437587,0.1356552503266824,508931.3675889328,9158.96937711688,-12.50692539142828
1983,Media,0.0020285365754924,0.0227585739359384,0.5828984885063386,1780940.5789473683,46996.75590670645,329.6910640042411
1984,Media,0.0011946614381575,0.0214642637888788,4.6490360180674335,928567.7588932806,8585.8298563211,697.5721518819615
1985,Media,0.0027928259640852,0.0185892456213706,9.3180827316902,1419105.9662698412,11495.83628832558,100.43042676971234
1986,Media,0.0012448697988085,0.0186266700800726,17.539304816086773,1321241.1126482214,26131.197745281286,88.22868739334892
1987,Media,0.0001663664437488,0.0285236931236928,17.432582801627547,1543843.8735177866,2365.082487638542,-0.608473457632952
1988,Media,0.0003318618222752,0.0170425908663734,12.673430957106262,1401787.9446640315,674.6347001502911,-27.3003254806107
1989,Media,0.0014733276237808,0.0194288149382757,12.996463079348857,1336456.6956521738,255.0571301461695,2.5488924296499293
1990,Media,-0.0007239452560208,0.0342727547020631,9.133020880743764,1153789.2621870884,225.9441133147631,-29.726873958069653
1991,Media,0.0027362379656102,0.0364246886447573,6.966521934165628,1441759.7496706191,222.93073765752845,-23.721602905190142
1992,Media,0.0016587770910468,0.0320703383094671,7.862538534481995,1412448.6210418795,-9.291570183232478,12.861749504039754
1993,Media,0.0024281413643633,0.0419852603188353,8.431647885602674,2003465.2719298245,-10.499616289025989,7.23823926108329
1994,Media,-0.0012603999808398,0.0450951555138902,5.853416869421013,1562646.8025430068,-14.271850214504983,-30.578020467198098
1995,Media,0.0024565423245887,0.0477351754679364,6.578188548539428,1182531.4396135265,-19.82290999076585,12.38202737455303
1996,Media,0.0006669599580847,0.0398169656102553,8.703711516234144,977498.7095477388,-19.458384936807125,32.311675957762745
1997,Media,0.002131463917443,0.0405020551009643,7.418428742573431,1571114.7154150198,-18.916598035976158,-14.767065421037984
1998,Media,0.0016193686824696,0.0442148171478588,9.983062093870508,1939586.763392857,-19.331753064850908,34.57111256699101
1999,Media,0.002248551594996,0.0466064798758252,11.138013201315426,1963264.7446601945,-16.203555911229092,11.569106718809708
2000,Media,-0.000800345204284,0.0813526701207956,11.94868703240414,1811582.684246112,-20.551976529726414,7.278442002501606
2001,Media,0.0011827081873854,0.0576156782369949,9.09405232362493,1723378.993796526,-16.78649122495675,-23.89078148115862
2002,Media,0.001609105158969,0.0550450053551606,13.801991969999346,3325962.382860176,-10.495839666321515,51.769436537591965
2003,Media,0.0036352377103047,0.0514550980179712,13.761038370837,12738560.425099207,-8.17842255555847,-0.2967223807358032
2004,Media,0.0020192854129331,0.0541477805864569,15.52675164027794,10565161.64576872,-7.748888875859193,12.831250243316797
2005,Media,0.0003075537886521,0.0439966607194869,15.222631227151185,7452030.71355551,-8.212081574089376,-1.9586866601114197
2006,Media,0.0011932916925958,0.0422310697938917,13.56215969963633,6474188.130070463,-9.04091398168148,-10.907914031006849
2007,Media,0.0014444071878793,0.0688119236495718,14.424638287646946,7359558.657489178,-12.071757486728083,6.35944869483982
2008,Media,-0.0016192209289627,0.0618950818076137,12.186041140321535,7582007.124663819,-8.57112714948962,-15.519260189993888
2009,Media,0.0036173674088617,0.0609739589608099,9.338409570346892,6348143.280018762,-8.365675451685728,-23.36797929027432
2010,Media,0.0015401734220489,0.0349785261043863,13.94536791741848,6953326.800939101,-6.20113181517378,49.33343640977672
2011,Media,-0.0003888039413434,0.0380326912533733,19.488303429768276,6375394.817428532,-4.281593001581148,39.747502863846165
2012,Media,0.0009990106628232,0.0308379788837573,17.682811193585398,5031160.181032258,-4.6308085007222815,-9.264491610003343
2013,Media,0.0018637157685865,0.029351846439126,24.24497193815808,4124951.0296583655,-4.10543051686934,37.1103930971856
2014,Media,0.0002567633290508,0.0347656618989557,29.70138916379182,3788843.05627558,-3.4776245621572026,22.50535591277023
2015,Media,0.001099594654057,0.0745450864183086,31.847271800913145,2824378.173976608,-2.7746417989417407,7.224856134800972
2016,Media,0.0016700448120589,0.0818407643133603,31.768454171145372,2870709.286027569,-2.4758402086264697,-0.2474862847294479
2017,Media,0.0013249490932057,0.0526913409033284,41.74057998326497,2295560.311386035,-1.793279190160071,31.390025332668124
2018,Media,0.0010810395687585,0.1023872791830607,50.45883485921576,2508200.0576319257,-1.437458643403896,20.886760268894665
2019,Media,0.0049008942836303,0.2323836321810746,43.08239207669961,2136662.8921626983,-1.1433696003386946,-14.618733871079314
2020,Media,0.010185629378714,0.5142380486760681,48.3637953139709,2431687.705632411,-0.3358820102333096,12.2588440026004
2021,Media,0.0069131609804259,0.5513111228799331,64.27537206930599,2026981.830031696,-0.1712704175851198,32.89976862245694
2022,Media,0.0015893681139132,0.2082491163952906,42.22145048019485,1980835.682009226,-0.1607275382795467,-34.31162026620574
1990,Metals & Mining,0.0012554033487684,0.0842973438232771,3.7532450957260575,308073.7154150198,-27.88695850440665,21.17978767206512
1991,Metals & Mining,0.0016321213192397,0.1107771959303407,3.907447562100211,245090.5138339921,-31.02725259124329,4.108510434070722
1992,Metals & Mining,0.0152892861758599,0.1466465040196068,5.131760983478542,321284.05511811026,-30.334285448008973,31.33281770057268
1993,Metals & Mining,0.0039330414624194,0.0383532181952233,9.3759299568508,656006.5217391305,-28.704572288023684,82.7039487426666
1994,Metals & Mining,-0.0004289016581031,0.0282163761015997,11.529644562698769,463575.866851595,-23.215575756094577,22.97067721025681
1995,Metals & Mining,0.0011574663936102,0.0274466010810134,52.72888021484363,266620.964028777,-3.722665345139856,357.33309407849833
1996,Metals & Mining,0.0001604068312055,0.0453839273726294,33.08049473819995,284887.3628013777,-6.929746132229731,-37.26304332006749
1997,Metals & Mining,-0.0002279794614918,0.0365567476412799,13.529468541088782,304394.7766798419,-11.947086607848776,-59.10137182602192
1998,Metals & Mining,-0.0010505273708787,0.0470884815037823,9.272717685571738,342784.945436508,-13.240183043358185,-31.462809071837217
1999,Metals & Mining,0.0029900945363552,0.0935409088521597,6.2031995892997775,337067.0734126984,-15.858223806857156,-33.10268036142308
2000,Metals & Mining,-0.0004655988942485,0.0499290172802157,5.998478066767492,310171.1805555556,-13.34451487585349,-3.300256901058285
2001,Metals & Mining,0.0019707435963195,0.0489032358097799,6.052661093733003,368250.3528225807,-12.455567965245628,0.903279571291482
2002,Metals & Mining,0.0018017558425273,0.0524622624628295,7.251827943005732,771116.0714285715,-13.826146159945726,19.81222524608821
2003,Metals & Mining,0.0038127194539602,0.0514792526207653,8.160314844714271,673086.755952381,-14.12288907942212,12.527695208002832
2004,Metals & Mining,0.0018936842714056,0.0405712997432401,13.146371537967331,962271.6765873017,-11.726178399548678,61.10127842043631
2005,Metals & Mining,0.0008521242865899,0.0376528796547923,14.616872681511772,1176993.501984127,-11.986328484062952,11.185604630886647
2006,Metals & Mining,0.0024416419461234,0.0449820900660255,22.107682494322457,1529964.3693693697,-12.827255219093564,51.2476914592372
2007,Metals & Mining,0.0019211463506611,0.0394273042881461,31.017293198422102,1262287.6292466766,-15.991400952117626,40.300970969651615
2008,Metals & Mining,-0.0016088202480052,0.0567712611527996,28.444394098525848,2138201.07797341,-15.134353343839976,-8.295047164293312
2009,Metals & Mining,0.0026216958403046,0.0490668889479663,17.809707306766235,2632168.7950937958,-15.245594984878249,-37.38763692741398
2010,Metals & Mining,0.0191801512855499,0.9956000406240784,21.82276645886279,1773324.71326773,-14.046954993034753,22.532987673368
2011,Metals & Mining,-0.0006128053274551,0.0336821815501265,26.56873526475417,1435001.0925925926,-13.204477124014597,21.74778717830213
2012,Metals & Mining,0.0001609465128435,0.0274711619531626,24.954708846092224,1290858.8966666667,-12.65595552423682,-6.074908732306494
2013,Metals & Mining,-0.0004449752845647,0.0376734263966485,22.04407672563361,1940049.484126984,-11.95523619346054,-11.663658904657604
2014,Metals & Mining,0.0010855715937947,0.0756358823523884,23.450452332429887,1564762.3232,-10.485719044713337,6.379834475720614
2015,Metals & Mining,-0.0003436691319471,0.0636868595907992,18.524522549373817,2034896.080586081,-10.305816035148847,-21.00569197227785
2016,Metals & Mining,0.0034286998132839,0.057542904277069,20.271947280345746,2336105.931013431,-8.499296743764214,9.433035190593865
2017,Metals & Mining,0.0007884736602056,0.0314694048232866,24.448957085056865,1585628.317499234,-6.827634013059305,20.604877010314905
2018,Metals & Mining,-0.0012756475914542,0.0320928074039738,27.032938729573203,1622653.4477474715,-5.7385401210579765,10.568882899694977
2019,Metals & Mining,0.0013634406175845,0.0410855407611761,25.71804247939816,1686374.0842490843,-4.089121376657609,-4.864052196946645
2020,Metals & Mining,0.0014603863837868,0.0536811965556031,25.072864927365067,2069693.7062937063,-2.5722352041046506,-2.5086573076077645
2021,Metals & Mining,0.001202874501924,0.0387539260257956,33.206207952677055,1923736.9658119655,-0.6414824527473064,32.43882599325569
2022,Metals & Mining,0.0004830197288518,0.0414318266900255,33.470560193770034,2290205.7125767865,-0.0186311754221373,0.796092831405848
1998,Packaging,-0.000235108981616,0.0282325831416362,2.867209160611743,334800.0,-20.274733391377936,-12.569641233373972
1999,Packaging,-0.0020174664906546,0.0423812901671822,1.9213965525702823,205914.2857142857,-20.178037274846623,-32.98722050119508
2000,Packaging,-0.0002536775952954,0.0520085875168992,1.0265778478175875,131939.68253968254,-20.31550161189644,-46.571266277941525
2001,Packaging,0.0049584439655196,0.0361504084999875,1.7560588292056514,480996.7741935484,-19.658454572448832,71.05948983205464
2002,Packaging,0.0003806866911444,0.034438590361117,3.04944646878848,1067482.5396825396,-20.24457061771177,73.65286504483961
2003,Packaging,0.0024003651619084,0.0221808265215645,2.8583802334846014,433831.7460317461,-20.02822014427097,-6.265603848418689
2004,Packaging,0.0017104845307837,0.0220398255739752,4.6119986214335,594663.4920634921,-19.87461963689006,61.3500739826728
2005,Packaging,0.0009271374326245,0.0200939420550409,6.400673866271973,685309.5238095238,-18.9656846494648,38.78308281632828
2006,Packaging,0.0009217670987551,0.0136506643465023,7.947661586016773,652293.2270916335,-17.89909937909635,24.169138313648087
2007,Packaging,0.0004190406390442,0.0215970721790626,10.616922595921684,585081.556372549,-11.440613825892065,33.58548902737941
2008,Packaging,-0.0028324958691851,0.0503800134286242,7.5566477642464545,610306.9268774703,-11.597904660096646,-28.82449979291347
2009,Packaging,0.0044625758447743,0.0427497770257342,6.766229822758644,711237.9583333334,-11.832519353512817,-10.45990187907918
2010,Packaging,0.0030534199953427,0.0285617038042269,11.390987956334676,571759.1468253968,-7.975081825768185,68.35059190600299
2011,Packaging,0.0002717565208606,0.0269590986725524,16.496347221117173,589305.0416666666,-6.690938314664402,44.8192841951285
2012,Packaging,0.0012173718099865,0.0179731326967171,18.421470823287965,300543.74,-6.003157284620813,11.669999281455578
2013,Packaging,0.0011234771277673,0.0148156348778451,24.23228674464756,386259.5634920635,-4.614080416077212,31.543713187188622
2014,Packaging,-0.0001050907366209,0.0164793595436986,24.40612059547788,372721.7956349207,-4.397572986277498,0.7173646163159519
2015,Packaging,-0.0003494517273105,0.0196389592178289,23.236100615017,396528.20436507935,-4.441411034641186,-4.793961317546169
2016,Packaging,0.0005317792939005,0.0168977090064736,21.02414334955669,423789.68253968254,-3.907628685292405,-9.519485657721594
2017,Packaging,0.0006455805296169,0.0132829697664916,25.86918858227977,360150.3984063745,-3.1120145481561523,23.04514934172208
2018,Packaging,-0.0002402309236214,0.0158912797190262,27.137976262673916,310888.6454183267,-2.2046484043836485,4.904628826523205
2019,Packaging,0.0009273475313091,0.0121336690063973,29.53141866789924,296850.1984126984,-1.363490547434427,8.819531648412982
2020,Packaging,0.0007231768101159,0.0257067312962367,29.467553662688363,386047.8260869565,-0.7782898041230654,-0.2162612163305821
2021,Packaging,0.0007368920970259,0.0160574203900587,36.646022403050985,256625.39682539683,-0.1166219150516002,24.360585960184245
2022,Packaging,4.189013252661184e-05,0.0199461150464791,36.94123915664288,294838.14705882355,0.0108623533454384,0.8055901684088873
1993,Pharmaceuticals,1.7207841198679642e-05,0.0500304920415939,163.99542228789198,2456.0573122529645,-4.805233913906832,-47.358918745959066
1994,Pharmaceuticals,0.0029062208395555,0.1019631141836536,56.51149855797198,12159.839907192576,-8.666394969991005,-65.54080731670257
1995,Pharmaceuticals,0.0065014951507752,0.1127381027887589,41.275284424989614,24169.5376984127,-6.255842994302667,-26.961263675130454
1996,Pharmaceuticals,0.0187922350530354,0.3959917606797136,73.4691035946204,73455.6781496063,-6.15424942252812,77.99781302085817
1997,Pharmaceuticals,0.0005736637863732,0.0459981380777152,62.14011120607731,121407.89328063242,-9.590494823749063,-15.420077058586346
1998,Pharmaceuticals,0.0004121064501606,0.0526731843566709,38.379746715464286,142798.36111111112,-12.637540293291224,-38.236758881579306
1999,Pharmaceuticals,-3.0057483772126305e-05,0.0499901220325587,33.11571699197567,106815.15476190476,-11.30218635158584,-13.71564477096352
2000,Pharmaceuticals,0.0028455959365511,0.0771107494353107,73.23095885414669,174742.3631961259,-5.662204389165126,121.13656446542116
2001,Pharmaceuticals,0.0027794861473672,0.0620430492005408,81.81705751314118,200222.92607526883,-3.529068153865907,11.724684195512625
2002,Pharmaceuticals,-0.0013020637097346,0.058642470902929,57.13382277444557,121125.24074074074,-5.328726755819613,-30.168812578881944
2003,Pharmaceuticals,0.0029029136280661,0.0579245533163821,34.53498580358016,149346.86838624338,-8.186239909312523,-39.55421827816722
2004,Pharmaceuticals,0.0015035031064553,0.0582336458214486,52.85891754230333,235024.4917355372,-6.499438734471111,53.05903944174655
2005,Pharmaceuticals,0.0008432397300437,0.0482297614873448,38.19312424994921,243738.6400226757,-6.044996514745845,-27.74516387063165
2006,Pharmaceuticals,0.0002060830450951,0.0455633229940377,33.41924056364992,314560.16220830963,-8.315174336114833,-12.499327509991886
2007,Pharmaceuticals,0.0008297542555693,0.0514887777580974,44.276114240172745,314419.2708873897,-1.7411485558088544,32.486895253783345
2008,Pharmaceuticals,0.0005772315242057,0.0775114426794013,28.95026362628993,164476.47495446267,-1.021594253397129,-34.61426296523852
2009,Pharmaceuticals,0.0124979076227323,0.425534303157693,18.42014690647378,96575.79096677864,-0.9432073922780628,-36.37312894882824
2010,Pharmaceuticals,0.0019855361920758,0.0854459765722399,18.523531514244574,101683.95403439151,-0.6246435838658957,0.561258323810998
2011,Pharmaceuticals,0.0016584846846932,0.1010696347214725,15.424660354898467,161873.71942224953,-0.807823113191837,-16.72937558889934
2012,Pharmaceuticals,0.0029325619503182,0.1049265514932807,8.10008053783264,191480.219719134,-0.7762070084391299,-47.48616597408405
2013,Pharmaceuticals,0.0038590462227557,0.0739513416518405,11.335863020052656,212808.30310942323,-0.8866432142977304,39.947534683227005
2014,Pharmaceuticals,0.0017961320769408,0.0952656495416439,27.74859706713051,213518.9077046549,-0.6683739633648236,144.78592426570813
2015,Pharmaceuticals,0.0010095884666697,0.0448983593961271,36.72754730937196,282402.1498015873,-0.6278524178397981,32.3582133558652
2016,Pharmaceuticals,0.0003481136925395,0.0534337066300198,26.45874430937376,309116.09126984124,-0.8008910939402786,-27.95940309735264
2017,Pharmaceuticals,0.0019332865862354,0.0449217428292818,24.20975281821864,371355.8481787137,-0.6796311713268964,-8.499993290907415
2018,Pharmaceuticals,-0.0005921242619543,0.0558028738729889,25.30691092726168,446078.3379339784,-0.887674956670069,4.531884803951369
2019,Pharmaceuticals,0.0023681241997928,0.0739271032412969,18.25937195722781,349934.3726640295,-0.5330281958235654,-27.848278244192823
2020,Pharmaceuticals,0.0035003093188182,0.086010550912892,19.35100879543121,474243.8917065597,-0.5840759783189079,5.978501564897942
2021,Pharmaceuticals,0.0013312375741239,0.0850567573674253,18.963133759546125,554499.9342352499,-0.4747056503647319,-2.004417650704904
2022,Pharmaceuticals,0.0115233192550692,1.1189135567231048,12.73519966904784,623906.4526235354,-0.1492899823661997,-32.84232537442877
1981,Professional Services,0.0008285756257717,0.0174489165262045,2.373090712920479,441027.4466403162,267.3430149246103,43.3095855978489
1983,Professional Services,-0.0004191106405471,0.0219224031793433,3.014749135988365,679188.8764880953,346.77711172987546,26.95723289329188
1984,Professional Services,-0.0007253281440002,0.0415930897352878,1.893354195497724,505451.10079051385,274.67078661344624,-37.196957023855305
1985,Professional Services,0.0040275140258277,0.0495021179680665,2.3539267719117185,830200.2817460317,282.7082692187914,24.325748320584005
1986,Professional Services,0.0011677668160917,0.037161387813296,6.70348290935069,595916.2441960447,606.245804500927,184.77873608219855
1987,Professional Services,0.0023015751786776,0.0499898896876311,9.22408156963912,712435.1509881422,504.9086741293984,37.60132895651074
1988,Professional Services,0.0017977583040745,0.0373572666477845,9.364621779051694,676508.5581027668,645.406875220223,1.5236227948716152
1989,Professional Services,0.0005971622036611,0.0349510175482057,9.872039520858772,612496.6555555556,836.8569817264671,5.418454196859845
1990,Professional Services,0.0001458109184391,0.0380034084672831,7.27186966829435,755407.4753495217,31.9948117751564,-26.338730179012003
1991,Professional Services,0.0010603758258535,0.0391101595453942,6.404246916157612,513279.8761528327,-5.763848787891643,-11.931219778588842
1992,Professional Services,0.0018654244785948,0.0637714856904562,13.275634029136633,418151.122150789,-12.748120929891313,107.29422526859229
1993,Professional Services,0.0019010717304801,0.0549366941197988,12.129883042498758,346450.6961271102,-16.80638022750848,-8.630480353128478
1994,Professional Services,0.0010456030018648,0.0406106251751999,12.414684384246565,338528.0313051146,-16.117122654808433,2.347931474276898
1995,Professional Services,0.0019563916544852,0.0432736899487618,18.35155034674152,392664.0778341793,-11.93804780219364,47.82132012980094
1996,Professional Services,0.0014214186952712,0.0430882161843063,17.93338028070954,364133.0922650017,-14.878831687574154,-2.2786634269634343
1997,Professional Services,0.0012006060853725,0.0418462350721259,13.30162036136449,365847.7101195684,-19.508238681353145,-25.827589929196503
1998,Professional Services,0.0017949796302199,0.0631003238220196,13.74845869879432,378692.8109640832,-22.79185328116729,3.359277481168421
1999,Professional Services,0.0021370712689136,0.0482105179963385,13.121430962373346,443431.2617602428,-23.3316457985272,-4.560712950870361
2000,Professional Services,0.00045803735772,0.0536295940301755,18.04354394474141,438430.9437003968,-23.39503238736686,37.51201371620656
2001,Professional Services,0.0011919637075876,0.046664298239641,13.84974063326034,500861.3654233871,-23.197710150486085,-23.24268073015283
2002,Professional Services,-0.00080925125182,0.0426408686521537,11.40996174286637,529772.4112103175,-22.417887167397783,-17.61606195378711
2003,Professional Services,0.0026926268255653,0.0377974507574484,14.068266720642807,481283.1384360973,-17.421944447814738,23.298105968132976
2004,Professional Services,0.0008800651856973,0.0282774783151586,19.77350793923101,403759.34562211984,-15.910008804154764,40.55397393210296
2005,Professional Services,0.0005527357781203,0.0290729447533751,24.15098225103274,390542.65277777775,-14.111439129317857,22.138076487261717
2006,Professional Services,0.0009200326202866,0.0312934034179929,22.88918735464644,404142.7074479502,-15.287724362930248,-5.224611087328935
2007,Professional Services,0.000148419684558,0.029741108056978,25.91415102688553,508362.0187820148,-13.43081569059223,13.215688374471846
2008,Professional Services,-0.0010791071263901,0.0457404034762886,17.699420928001494,579413.0173160173,-13.590360755337509,-31.69978476378169
2009,Professional Services,0.0019836474801385,0.048538125567515,13.202454965389007,604141.0033632288,-13.828071526612328,-25.407418586774387
2010,Professional Services,0.0008948062720751,0.0283232822334854,15.365404151961975,450379.8654114365,-13.13680521123414,16.382931752036
2011,Professional Services,0.0008979938967377,0.033261360392935,17.467591680298394,430625.8086611456,-11.577252986043552,13.681303189594216
2012,Professional Services,0.000510354437563,0.0265065306828594,18.5881613304926,357100.4227826087,-10.556501703211085,6.415135358688806
2013,Professional Services,0.0015947083073324,0.0274276186494562,24.24454811560762,322253.02064602065,-9.293479432343368,30.43004999013059
2014,Professional Services,0.0006701545913089,0.0259838574806888,27.08151811637967,310545.50256081944,-8.32519612664849,11.701476089569706
2015,Professional Services,0.0002959813380256,0.0273493958505179,29.39187667108717,343670.96555555554,-7.072732158913111,8.531126448594971
2016,Professional Services,0.0011720382552588,0.0280148119729691,30.388420284854043,354972.81666666665,-6.054959054322931,3.390540947482834
2017,Professional Services,0.0006096400659819,0.0235521430251243,35.148261431070914,362627.6749003984,-5.229653688848101,15.663338540138705
2018,Professional Services,-0.0001159638512035,0.025490497502577,42.68656689047339,383659.07250996016,-4.207037535350926,21.447164532407403
2019,Professional Services,0.0011397681095616,0.0262522255068597,49.7082081729836,343979.82380952383,-3.069746178558295,16.449299613451164
2020,Professional Services,0.0016611224876705,0.046460084694983,51.221989804831416,432751.8418972332,-1.8186025220159787,3.045335342967692
2021,Professional Services,0.0014268278489076,0.0282821457462012,71.3725477530275,351440.74603174604,-0.6466543064553848,39.33966256479835
2022,Professional Services,-0.0002140988563839,0.0300204484712048,73.41717293287526,351673.02218487393,-0.2202737980784914,2.864722143481324
1981,Real Estate,-0.0001634510261393,0.0214993602755819,2.2047027356539792,10700.154150197628,531.7570743486339,18.37830485950771
1982,Real Estate,0.0012939323667851,0.020705007935534,2.005328830758573,15654.399209486166,500.6753262000177,-9.04311958574613
1983,Real Estate,0.0004581749548207,0.0162547010536506,2.600610259022166,20016.67193675889,699.6735287910977,29.684978300462085
1984,Real Estate,-0.0008218546954859,0.0162015529331081,2.575198263505251,15180.532818532818,463.809498910171,-0.9771550899929982
1985,Real Estate,0.001325345426269,0.022472505954545,5.036767632242233,33767.1626984127,170.32710148999104,95.5875671252744
1986,Real Estate,0.0010871341892404,0.0183124376423246,6.65497872845583,20367.42212189616,-9.270283333329768,32.1279680613976
1987,Real Estate,0.000821676979176,0.0312194830970713,7.590703388447818,23082.855731225296,-24.34615921596128,14.06052067440804
1988,Real Estate,0.0010131253983641,0.0237646356798436,8.448308882741589,14125.987154150198,-23.418477152777804,11.298103092777255
1989,Real Estate,0.0005918124458824,0.0196717769984903,10.921633096914444,14122.531746031746,-19.272947962541267,29.27596810795377
1990,Real Estate,-0.0007095667766757,0.0199041371765582,9.451576426330762,17636.581027667984,-27.349361843642257,-13.460044459825315
1991,Real Estate,0.0001738081285666,0.0274597260596054,7.928143193599263,20901.39229249012,-40.79390085573878,-16.118297773982214
1992,Real Estate,0.0008314425626709,0.0335091833534342,6.944098349426176,19343.34265734266,-50.24851091580042,-12.41204680772604
1993,Real Estate,0.0019765491684264,0.0459867447659957,6.531123221902286,20056.460392156863,-55.39351297499692,-5.947138227931581
1994,Real Estate,0.0003527489582137,0.0322572002278928,6.354880773358875,15049.222883597884,-85.95707914343161,-2.6985013535248736
1995,Real Estate,0.0011549076196619,0.0370642156204453,7.42958516733987,16475.058862433863,-84.04715003482939,16.911480046744607
1996,Real Estate,0.0012581978281491,0.0344576048959726,8.464683736592733,34246.39594843462,-83.15426252193173,13.932117957313553
1997,Real Estate,0.0010374042730744,0.0276259327957056,9.26067116274054,91813.29035585352,-81.61194802163877,9.403628663723884
1998,Real Estate,0.0004032948430723,0.0372314105401462,10.056122326611804,111508.9197761194,-78.55885080792963,8.589562785380899
1999,Real Estate,0.0011005911613114,0.0455171938289269,8.698608769522236,154313.63370961463,-73.62876959725094,-13.499373943544237
2000,Real Estate,0.0006164759060526,0.048047775277854,18.71447936491684,155084.32787456445,-50.52458613951229,115.14336212576572
2001,Real Estate,0.0010664676285379,0.045349337420528,13.270438789920782,180266.03629032255,-59.838289550409804,-29.08999213305258
2002,Real Estate,-0.0016480262998741,0.0492665452744625,9.723641104178148,234811.800933126,-67.22015400061152,-26.727056594665974
2003,Real Estate,0.004259735376527,0.0583297359514136,8.480958910435305,233079.40142306552,-68.12257373770592,-12.780008850891
2004,Real Estate,0.0013701313783924,0.0262045898527187,12.580943983429018,243993.1948746832,-62.747975641531575,48.3434139499123
2005,Real Estate,0.0004275631632426,0.020677685486978,22.4999844572019,236121.58110119047,-45.07801826500455,78.84178235621859
2006,Real Estate,0.0010461192581508,0.0227260950302331,20.082049557694283,282039.67878486053,-47.66496857713934,-10.746384754651128
2007,Real Estate,-0.0002150371704897,0.0258376959035934,22.591971927949512,398081.37001992034,-46.51486430421251,12.498337697277371
2008,Real Estate,-0.0007353245216698,0.0832863154579108,17.303458181022126,662534.3011363636,-43.93481266836989,-23.408818689194344
2009,Real Estate,0.0036766513385005,0.0606483572509782,13.758179397682634,622507.9930555555,-42.90313020296799,-20.48884532935642
2010,Real Estate,0.0011182706651079,0.0318862253552773,18.32043946774864,384997.8553791887,-38.19954512896018,33.16034729736443
2011,Real Estate,0.0002931669175346,0.0282254251838707,19.66257798740052,407385.530643739,-35.61786194696545,7.325907885641003
2012,Real Estate,0.0014448248811733,0.0237701783882521,26.982562291362896,411698.0830205343,-29.747937731651657,37.22799883439958
2013,Real Estate,0.0013515647740823,0.0230020492595039,32.688731199846934,378521.1784518416,-28.572627426133128,21.1476169196525
2014,Real Estate,0.0003011696653025,0.0240282555966219,34.34115084754442,482522.89858533896,-22.845081531300423,5.055013110160789
2015,Real Estate,1.4094579864641835e-05,0.0273654823324925,33.8443202014307,454653.2088495575,-17.928313819536662,-1.4467501346107303
2016,Real Estate,0.0009953375612032,0.0226594416203365,37.64862596375766,551719.8718081436,-14.08934936329915,11.240603267209792
2017,Real Estate,0.0006021139155782,0.020364995011978,45.49181142498421,540406.848952018,-11.535915148371185,20.832594179603724
2018,Real Estate,-0.0002182472671176,0.0314076519861593,47.9084653257188,661061.3469599861,-8.46140772553711,5.312283298983678
2019,Real Estate,0.0010855720014331,0.0241312571733647,55.28326009122399,631536.9568668047,-5.880300617231657,15.39351076133546
2020,Real Estate,0.001294069403013,0.0492683399914654,65.50287579451461,845382.9523973191,-3.102868756601939,18.48591361368168
2021,Real Estate,0.0009583785463494,0.0318007296597987,78.46745746266521,744184.7653554175,-1.526520219149844,19.792385465366525
2022,Real Estate,-0.0002897794550687,0.0267156101272218,71.74549141577398,769162.1876141761,-0.6227340095365647,-8.566565381692826
1977,Retail,-0.0016468985152526,0.0138451147113438,0.0815644990652799,768.2539682539683,-78.33543740242368,-2.8337182548429984
1978,Retail,0.0013178842921669,0.0193575628884753,0.0693437900423766,1339.6825396825398,-76.23509039941669,-14.982877554513596
1979,Retail,0.0012103108479552,0.0122023263706447,0.0826564084871012,1157.312252964427,-75.60830023285686,19.19799658569161
1980,Retail,0.0002862279484545,0.0152106543614489,0.0953067999480841,528176.2114537444,-45.07666839961261,15.30479208149602
1981,Retail,-7.840955063975204e-05,0.0423243742671361,0.7762085575964678,366658.8991354467,-4.333565218521213,714.4314550685648
1982,Retail,0.0051913605251265,0.0534433904547484,0.4832307156907419,531657.807860262,-1.818640917713925,-37.74473226795292
1983,Retail,0.0026397231963416,0.0349815780325374,4.641450425860908,532324.9987639061,-0.3612469035742188,860.5040149871899
1984,Retail,-0.0004018840309489,0.0248198131863486,3.88603322518614,363355.19071146246,-1.5123343126335187,-16.27545554436578
1985,Retail,0.0018457976788314,0.0341016701241803,1.817456538630952,667516.2842960289,-9.8795563173279,-53.23106022738917
1986,Retail,0.0018832884397782,0.0619834252094286,1.7196273292821669,1203672.0108303248,-25.76955379228105,-5.382753714841392
1987,Retail,-0.0009796161530665,0.0460498231488849,2.8619218949076903,1028569.6017516744,2.56775416753672,66.42686739006164
1988,Retail,0.0021734034356672,0.0410481881437373,3.0434679183469866,767462.9599007855,53.909070160599946,6.343500280784276
1989,Retail,0.0008083752023655,0.0299959006830967,4.653531799973317,950561.1320303152,123.08501680553572,52.90227874328348
1990,Retail,-0.0005165901511966,0.0430415329235232,3.9745067792737774,826008.2439411998,-11.28331129266369,-14.591605900349348
1991,Retail,0.0030884776523337,0.0439155885934417,6.446535153052017,1109465.2704139764,-18.19262111444313,62.19711051115453
1992,Retail,0.0015587674788591,0.0420249735663816,9.013030945554336,1133418.866144414,-16.952908009421396,39.81201888408612
1993,Retail,0.0021654266286932,0.0440750443152686,11.529276785791083,1172083.7764542936,-15.056395407265104,27.91786531563929
1994,Retail,0.0001173934618371,0.0459469649211738,11.629847236250656,816215.794359316,-15.547233356140564,0.872304935757251
1995,Retail,0.0004887094312322,0.0303311151505934,11.531835256539868,1005226.669618385,-15.36740219201663,-0.8427624002255274
1996,Retail,0.0010645700307703,0.0356761206454466,9.335772998691857,1255509.393621159,-17.038960677396908,-19.043475812773103
1997,Retail,0.0012808466000113,0.0346024494005949,9.29568822920287,3234121.909338323,-16.69193863214018,-0.4293674395746683
1998,Retail,0.0025798467689976,0.0454102253884663,12.996628513348732,18156837.927616414,-18.478178626297208,39.81351560951853
1999,Retail,0.0006302009879298,0.045574760187416,14.725534457602873,16230788.21951569,-22.721463811258413,13.302726491554283
2000,Retail,0.002358271461893,0.1341384142263943,10.116181482856376,8572469.778437458,-20.802860205279213,-31.301770322955324
2001,Retail,0.0024028905106557,0.0396106304212718,12.273172490259364,8827250.903632421,-22.282135324745443,21.322185758118152
2002,Retail,0.0013707558230217,0.0519159965107994,13.474779976729316,8369556.445508379,-19.879022026936667,9.790520645119338
2003,Retail,0.0023295589612339,0.0300125577202028,13.419637098276455,8463610.732018849,-19.948199479352212,-0.4092302697935812
2004,Retail,0.0011838769717381,0.0262498596504524,17.4807453308315,7474774.781746032,-21.103745145506977,30.26242962320218
2005,Retail,0.0343602004485221,3.047108754553617,23.402765064492723,6667212.3345255125,-22.74295301925637,33.87738692821247
2006,Retail,0.0009431908700074,0.024240516886494,29.346831631937302,6313327.563979377,-20.097092631545188,25.398992602216364
2007,Retail,-5.016391105464159e-05,0.0362582211244631,26.65768429487035,7694753.49333785,-19.9469524816427,-9.163331056632485
2008,Retail,0.0054620963223957,0.6050695719159894,18.698164973305467,8243546.219041279,-18.921514687357245,-29.85825487886248
2009,Retail,0.0027127746258718,0.0411228915127467,18.57823895680557,7201659.991843034,-15.3605064565228,-0.6413785345840584
2010,Retail,0.0014397273852631,0.0252381062189443,25.072872110138643,6227976.509259259,-13.377811300490054,34.95828193637245
2011,Retail,0.0002585895572942,0.0275502106325491,28.71244919717538,4867328.105856833,-12.41504491332705,14.515995898072688
2012,Retail,0.0003067899284708,0.027080218466563,35.27627109153132,3726972.7256839694,-10.042418279906338,22.86054334578209
2013,Retail,0.0016922664825057,0.0239678088010446,40.15699748019139,2825737.7881014696,-9.015802789975956,13.835720833406828
2014,Retail,3.2381538582350376e-05,0.0260209015119537,41.45824422542815,3478275.804861962,-7.86104188805028,3.240398503096853
2015,Retail,-0.0005597047382679,0.0362062430081722,46.31934329347423,3072072.8553894428,-6.919721890035007,11.72528928532035
2016,Retail,0.0037262659986511,0.2223016579960531,45.45463422868364,3193636.316906608,-5.787563953838081,-1.8668422376195812
2017,Retail,0.0012311053496598,0.0508934753338951,48.521245144050525,2991405.018530529,-5.030247586826396,6.7465308376230215
2018,Retail,0.0005236541716011,0.0553661734153498,57.77611765549411,4117525.563420736,-3.362073633140916,19.07385617159576
2019,Retail,0.0017252490413362,0.0552781225826923,66.22567696530841,3164928.6526393504,-2.045577930260816,14.624657475597624
2020,Retail,0.0029781785203475,0.0711752819403396,78.62106464260098,4064709.541961577,-1.1192020218326093,18.71689085758348
2021,Retail,0.002847984335855,0.0866857355095616,114.2604118337715,2895442.2717059143,-0.4285758675559437,45.33053241288627
2022,Retail,0.0228265535539985,2.4066786122806105,95.92371165259952,3290435.2789503173,-0.1018467631831648,-16.048165665505042
1984,Road & Rail,0.0004492928119291,0.0238998977399663,1.115162199193781,145055.06916996048,1209.7174720612338,-12.416683769072524
1985,Road & Rail,0.0014978734185357,0.0232138027062156,1.6253459384990117,269880.65476190473,45095.826372607,45.749733955658975
1986,Road & Rail,0.0016274709322108,0.0294037747669725,1.998278140463931,402528.5120320856,282.7592423409668,22.944789360307997
1987,Road & Rail,-0.0005671241448952,0.0386306201946461,1.6140390955176749,314729.7256916996,156.7011444871946,-19.22850664107495
1988,Road & Rail,0.0012826081194286,0.0319043081608365,1.466034627785325,253160.99130434784,186.52608618001477,-9.169819253038623
1989,Road & Rail,0.0004762333011704,0.027161896655413,1.43140433850506,337072.7126984127,114.9366861051838,-2.3621740321768003
1990,Road & Rail,0.0006832040883515,0.0288303813741869,1.556848864086532,163179.0324110672,-17.17726856229466,8.76373797444856
1991,Road & Rail,0.0026665628159752,0.0257240685785914,2.493239088142972,262270.04954268294,-22.31030507710777,60.146507837538834
1992,Road & Rail,0.0018219504237375,0.02792074067521,3.8132573502980094,232917.68742586003,-23.774923389022053,52.94391013010391
1993,Road & Rail,0.0012727151461355,0.0266917523736216,5.066761255459856,316480.70519939426,-21.816067912501957,32.87226090481106
1994,Road & Rail,8.192618019894442e-05,0.025944587304205,5.659484747146803,272244.28273809527,-21.41154747637632,11.69827157433634
1995,Road & Rail,-9.11736581376626e-05,0.0309351512425977,6.291479873988363,365269.2678571429,-18.2617468557863,11.167008218551654
1996,Road & Rail,0.0006897915476128,0.0343410757536699,6.805614382761904,349968.8695866142,-17.511949233027874,8.17191692687742
1997,Road & Rail,0.0016910067635207,0.0277927284590347,7.70728923542344,387090.8364624506,-17.948618691803315,13.248985351644492
1998,Road & Rail,0.0003251151681533,0.0421052823606592,7.4726273562640895,883523.3278769841,-18.96416371551561,-3.044674618941534
1999,Road & Rail,0.0007983261699708,0.0370302163625529,6.667506827396297,542149.8611111111,-18.93234375408434,-10.774263060138855
2000,Road & Rail,0.0007564391243882,0.0358921614778072,6.2030707770101134,558004.4211309524,-18.95949905199895,-6.965662914327275
2001,Road & Rail,0.0022934204864487,0.0367626915755301,8.340922597164829,916297.2192540322,-19.731162307187677,34.464411208687864
2002,Road & Rail,0.0008834734601686,0.03014474585214,9.575901258413063,1003318.3142311366,-20.52546872378732,14.80625970163083
2003,Road & Rail,0.0019253315591125,0.0226126042483545,11.173354426389018,885048.9691358025,-18.770789152647676,16.68201378509917
2004,Road & Rail,0.0016302089600464,0.0209144200204312,15.544348903433988,799199.7954144621,-17.083592161404198,39.11980512066848
2005,Road & Rail,0.0001823276672858,0.0210930432815155,17.184910278366566,925218.380952381,-15.889800752746636,10.554069424999549
2006,Road & Rail,-4.844266819124517e-05,0.0226836172739777,18.940266377633524,993402.342629482,-15.169593394734951,10.21452001106291
2007,Road & Rail,-0.0003140818137731,0.0253604240057726,18.331494269934627,859142.2859672421,-14.370869112737378,-3.214168668809181
2008,Road & Rail,0.0002706412369469,0.0493716590289977,16.399625111330376,1336245.9740887133,-14.92301330397522,-10.538525284175538
2009,Road & Rail,0.002555894201854,0.0456315903303612,14.599486487134108,1253079.078042328,-13.400449394924518,-10.97670594282406
2010,Road & Rail,0.0009262793231716,0.0232863327675597,17.124674505972987,1012251.3919753088,-12.126481421903762,17.296416699753216
2011,Road & Rail,2.2316011918073605e-05,0.0253246479994391,19.268437878480032,715760.4938271604,-10.486918898264909,12.51856420254478
2012,Road & Rail,0.0007586474561361,0.0211262852550036,21.231351254357232,611038.588888889,-9.149908085526077,10.187195185498044
2013,Road & Rail,0.0022256645539047,0.0209809582218502,28.889487765663727,625874.6693121693,-6.498215166793927,36.06994401609198
2014,Road & Rail,0.0013561625773102,0.0172792490482415,39.82035653616386,651190.1675485009,-5.401868638740944,37.836838296218914
2015,Road & Rail,-0.0014891837356775,0.0194798659044581,39.14978412660973,756833.7742504409,-5.078836385143832,-1.6839939867066112
2016,Road & Rail,0.0014265326341425,0.0230104026333895,34.94282548389737,790327.2045855379,-4.527924837273034,-10.745802911983173
2017,Road & Rail,0.001358362143162,0.0198037098376975,45.91319771328032,751259.9380256751,-3.999330662425235,31.39520653370862
2018,Road & Rail,-0.0006259661449567,0.0225292310455224,58.48664027666191,739444.3116423197,-3.4075261757581834,27.385246921594277
2019,Road & Rail,0.0012069565887808,0.0192372330256571,56.78086169182309,579468.0776014109,-2.0614551154149585,-2.9165268799334454
2020,Road & Rail,0.001684481921893,0.037811942291357,72.48922528349416,871184.8704435661,-0.746895415014384,27.664891168661534
2021,Road & Rail,0.0025425410940794,0.03219791648842,123.92030737471538,554382.848324515,0.047432761096798,70.94996792982984
2022,Road & Rail,-0.0001314461049878,0.0288926116875311,132.87106367230527,576827.7502334267,-0.0624576214354814,7.222993944426093
1995,Semiconductors,0.0037188820939052,0.0589776539297539,24.54386577676064,8821177.242917847,-8.673582960485495,287.5531131905599
1996,Semiconductors,0.001273623024153,0.0484038060023267,16.18585949394341,7540406.012943909,-14.791750940118105,-34.05334089926048
1997,Semiconductors,0.001385779136651,0.0440700738209363,19.62359934462541,8823547.066225166,-11.936324335910056,21.23915539961516
1998,Semiconductors,0.0015438953831134,0.0490529001576157,13.470298039720904,6279746.65315568,-10.5566935836217,-31.356639507572293
1999,Semiconductors,0.0045071409410801,0.0504764230954261,18.882239271463845,6554157.762957412,-11.454001562263002,40.17684846901186
2000,Semiconductors,0.0010762480432576,0.0721211251435053,42.978300526292514,6224540.583298231,-8.703710835516128,127.61230756801348
2001,Semiconductors,0.0015640176681591,0.0576733524428835,21.94178658745303,7314789.691364035,-8.72453501589594,-48.94682591269548
2002,Semiconductors,-0.0015392660936201,0.0561018335913407,14.20247280744791,7565993.528133346,-10.500707924512518,-35.27203105890516
2003,Semiconductors,0.0039868651816071,0.0427041117174793,13.666939493502994,6489701.627620222,-10.947910463348936,-3.7707047301233088
2004,Semiconductors,-0.0001275135870491,0.0353588197578449,16.061690385630587,5684231.268957346,-12.485737958108643,17.52221770840512
2005,Semiconductors,0.0007731668739271,0.0436340683964592,13.471945701527812,4793207.238219895,-13.04171646974809,-16.123736804313328
2006,Semiconductors,0.0008190896554627,0.0315542376725527,15.5256617698576,5684471.72843145,-12.294565292937904,15.24439092785892
2007,Semiconductors,0.0003743286692057,0.0286502490552145,17.388708182445974,5640941.721786952,-11.201770568739796,11.999787449997124
2008,Semiconductors,-0.0025189785447717,0.0521445323482938,18.01490648974744,6326832.07107305,-8.499890617146269,3.601177849045833
2009,Semiconductors,0.0044961886184084,0.0499437438635057,14.229756394559972,5825976.91005291,-8.799144506023982,-21.01121145059317
2010,Semiconductors,0.0014029748179199,0.0322763566051755,20.57118070109284,6000671.135045687,-7.26451258915254,44.56453175092434
2011,Semiconductors,-0.0005282623854091,0.0364931744000439,21.846390657361358,5727521.366819827,-7.794437714440411,6.199011980876579
2012,Semiconductors,0.0003557380243,0.0307040081227944,16.55871947542526,4069802.1880088313,-9.645209893259446,-24.203866281015905
2013,Semiconductors,0.0021297996710009,0.0302835122721911,18.79480436557141,3893598.570525325,-8.010849896002888,13.50397229365905
2014,Semiconductors,0.0008219054461927,0.0282766769867206,24.0824997439353,3384402.167563568,-7.363946448092838,28.13381440697496
2015,Semiconductors,-0.0001783186776336,0.0288616120681874,25.95971980415797,3306079.262830688,-6.506151068099722,7.794955175678586
2016,Semiconductors,0.0013839755395231,0.0354315863872445,25.52257230158048,3449013.290013228,-5.603784299485488,-1.683945381057128
2017,Semiconductors,0.0015921446362673,0.0287646633686252,36.360757463295776,4542560.258831342,-4.44400009045254,42.46509730151355
2018,Semiconductors,-0.0008005366039757,0.0301762204791794,39.71805620578181,5191024.757304117,-3.8716978367530257,9.233302540176847
2019,Semiconductors,0.0021046031723023,0.0284943972337986,42.79912778518936,4054205.774272487,-2.3563557206626617,7.757357418108102
2020,Semiconductors,0.0023385505741458,0.0418199212234903,58.803158284884745,4171029.242424242,-1.1386413290920547,37.393356659089626
2021,Semiconductors,0.0021152489003813,0.0362063877219439,99.47096531815316,3702657.096560847,-0.4255164480741061,69.15922242857148
2022,Semiconductors,-0.0008931369453113,0.0373795738133632,86.634472071589,4876648.258862038,-0.165715036416649,-12.90476392332902
1979,Technology,0.0004827161229076,0.0437872600621042,0.6722522595595465,15519.104743083004,378.04605124234416,60.13353437185221
1980,Technology,0.004486039185955,0.0379861424476693,1.43757473552007,1524158.6438653637,2771.238726235407,113.84453753446002
1981,Technology,-0.0004303406399014,0.0318051916633138,1.58765687896161,6353465.280985373,2517.532595222047,10.43995416260881
1982,Technology,0.0018409160533104,0.0374764818615608,2.0590864857318536,12228326.732876712,1679.536900033318,29.69341883736094
1983,Technology,0.00065967023747,0.0330147775117235,3.529472649093236,25189858.89045737,4293.994051317774,71.40963595022423
1984,Technology,0.0005238277848702,0.0329950331011018,2.64857907139316,23746645.53416149,1531.826981331215,-24.958220824473266
1985,Technology,0.0013451517511397,0.0297410276893016,2.729925621416097,21429202.37845433,2225.417102220857,3.07132797738785
1986,Technology,0.0011348419928036,0.0307144566183338,2.9414960581334206,22507632.044836458,1046.6216143704405,7.75004399598167
1987,Technology,0.0016804716749644,0.0481276165505663,3.702814883686961,26904802.4664989,111.01557366503508,25.88202773375969
1988,Technology,0.0012522192422923,0.0333594581573548,3.365756408861612,18329048.252660383,82.41283774552225,-9.102763314209572
1989,Technology,0.0007366084937827,0.0328775703743921,3.386408609251097,20511205.29607677,94.19433848114264,0.6135975953313277
1990,Technology,0.0005251369718412,0.0396858853552932,3.312888054339625,17577918.988405798,11.502719962806433,-2.1710479565468344
1991,Technology,0.0016679128774112,0.0417287398179984,3.5251461694665336,19650513.820210632,-0.9691929329963336,6.407041579592976
1992,Technology,0.0019833592318469,0.040615358782665,4.005952984889962,13513568.385752097,-11.296744887029002,13.639344081331808
1993,Technology,0.0006256180385334,0.0395208405704649,5.050843818848637,16379930.661273375,-11.396099605547343,26.08345224968678
1994,Technology,0.0012536246522195,0.0414950333575408,5.469012957946372,16351897.201903185,-10.542982899187471,8.279193617850943
1995,Technology,0.0024373363728671,0.0428649157334066,8.295563797792013,18567334.02936257,-7.778789201760534,51.68301595882519
1996,Technology,0.0015772369431539,0.0469835266648646,11.110027434230016,10951188.303215075,-7.568540587280514,33.92733399491321
1997,Technology,0.0008641190683425,0.0445386563919017,355.6821869239651,11304555.27752692,-0.4609716865356097,3101.451922864813
1998,Technology,0.0017555769508592,0.0597687785741883,568.0039749324028,12964640.060146924,-0.3584375665973191,59.69424272962709
1999,Technology,0.0041090341680995,0.0590371609538814,366.27099590901184,13271039.438782902,-0.6461944613318986,-35.51612100027977
2000,Technology,-0.0008104767639188,0.0718278189202863,335.6491717724227,11094033.010694426,-1.0780909595183594,-8.36042833820131
2001,Technology,0.0011878636621598,0.0684409935556789,50.69429025926784,9257770.45802278,-2.2892027519778044,-84.89664372130802
2002,Technology,-5.605791914412704e-05,0.0633555775616021,34.25849384018812,7688551.100615323,-2.953476424052764,-32.42139565426692
2003,Technology,0.0043621069590862,0.0528862998257389,39.60498418809979,7062264.991269841,-2.563312950713988,15.6063205021576
2004,Technology,0.0012072301476311,0.0392779729779879,79.68416996093184,10112674.45781947,-1.3846162916796887,101.19732804962143
2005,Technology,0.0003007045371126,0.0326389386941311,107.7631423744626,13619974.387468928,-1.6741466652282482,35.2378300825591
2006,Technology,0.0011604715545425,0.0298342755665303,78.90597527678696,15418060.158691589,-2.035641353222177,-26.77832741495309
2007,Technology,0.0005455264963466,0.0450630900402598,7133.588864777685,16213159.455116749,-0.0459600760285788,8940.619344421546
2008,Technology,-0.0010615315864088,0.0631546946276072,2704.200344112148,18578852.474590626,-0.4393699685512772,-62.09200732797736
2009,Technology,0.0033657125992655,0.054661211539973,609.9433482931344,10171711.692020372,-0.7476793981983015,-77.44459467948951
2010,Technology,0.0020261013721041,0.0470988542644314,640.9362996411882,10448960.11162765,-0.7076822850075342,5.081283603597697
2011,Technology,0.0003219708315236,0.0419482771578177,283.5663276839432,8746889.457969433,0.1143022911362996,-55.75748668897509
2012,Technology,0.0012492339255179,0.0434462772937808,85.33487370268442,8605578.523439564,-1.1589212034286582,-69.90655611346182
2013,Technology,0.0020555164212535,0.039907999361455,116.62020698596028,6684528.129420194,0.0490915910606003,36.661838151043845
2014,Technology,0.0003958924884867,0.031146171001388,105.25228822811928,4181181.261109231,-1.5857471405762862,-9.747812194510653
2015,Technology,0.0003839068372413,0.0408330117240858,62.71541746132438,3523314.25,-1.8308550562118453,-40.41420047286983
2016,Technology,0.0008666159078015,0.0587935998214845,53.912402376721865,2913843.0344537813,-1.503794125092012,-14.036445009763664
2017,Technology,0.0015465345421849,0.0545560061412997,55.371338331942255,2231292.8358565737,-1.6953921337877642,2.706123064273469
2018,Technology,-0.0004354890682546,0.0476630306823466,50.92277728830501,3183918.5578583763,-1.471059610081288,-8.034050065701571
2019,Technology,0.0014019400554976,0.0394600962108389,51.33254288965186,2670344.49220192,-0.7803592667404435,0.8046803869846242
2020,Technology,0.0025393886691007,0.0537097995754342,63.85532604529396,3360115.324294512,-0.3066416836527045,24.39540776805462
2021,Technology,0.0015277277003521,0.0624526231039366,94.04536928291049,2792065.17346105,-0.1557422478228974,47.27881777034866
2022,Technology,0.0008005641523304,0.1513499957215866,73.26667841320888,2230944.92049058,-0.1072787635034272,-22.094326417278907
1984,Telecommunication,6.991530380885257e-05,0.0441810880989763,0.078115364161169,49821.81818181818,-80.63585900603817,-34.97052197985521
1985,Telecommunication,0.002329328693863,0.0507589593750581,0.0837917739436739,36837.23809523809,-76.99898204973422,7.266700787303781
1986,Telecommunication,0.0098290912123799,0.0670437329750782,0.3821031253033947,520625.4545454545,-71.81035866807319,356.0150803827712
1987,Telecommunication,0.0030555603137569,0.067927256829209,1.0738458506203452,247660.54545454544,-71.09643891515721,181.03561041739664
1988,Telecommunication,0.0023680634762337,0.0240049144149902,1.0628118573808345,406243.5918367347,-68.25524895115966,-1.027521150557742
1989,Telecommunication,0.0026924614443605,0.0275098455616923,1.6960091706779268,1238409.9464285714,-70.93623097909104,59.57755447493096
1990,Telecommunication,-0.001201409926303,0.0262388365253892,1.4041523700175078,576242.0770750988,-70.92539467158923,-17.208444724609496
1991,Telecommunication,0.0034741188741541,0.0240667166923981,2.0044357722455803,522477.4723320158,-70.007096706756,42.75058854336356
1992,Telecommunication,0.0004456316977507,0.020924580408011,3.436454580994103,562996.5511811024,-69.45171853847114,71.44248913220224
1993,Telecommunication,0.0025536547013758,0.0195873627901366,4.26987840464935,1788617.476284585,-69.05851714927894,24.25243238378996
1994,Telecommunication,-0.000330405636396,0.0171799791395727,5.984232337228836,2015838.353174603,-68.97865449628094,40.14994737819171
1995,Telecommunication,0.0002806774877135,0.018432485857835,6.197998350574856,2581326.571428572,-68.67819717357281,3.572154309854403
1996,Telecommunication,0.0004771635701297,0.0168321021673094,6.003946846864355,1594757.1496062991,-68.40949334927792,-3.13087375527461
1997,Telecommunication,0.0012422473369402,0.0202338840926352,6.6020942252615225,555489.0553359684,-67.14462557153213,9.962569517242793
1998,Telecommunication,0.0024558219771792,0.0309892702179257,8.812561412652334,459831.4166666667,-65.3042550369369,33.48130323455434
1999,Telecommunication,0.0044995968323998,0.0435393565111627,15.369338917096238,1538093.5471956225,-52.82789714405259,74.40263048868215
2000,Telecommunication,-0.0013605768664637,0.0549178589319346,34.840749482491184,1189011.271825397,-29.301228458901345,126.68996806190364
2001,Telecommunication,-0.0006923392933302,0.0434020714187976,6.053114271203284,2866320.47359736,-50.7864284146992,-82.62633737473068
2002,Telecommunication,-0.0012821332597806,0.0612914992668406,6.375718735063372,1823589.4949630625,-45.53954214245937,5.32956176616104
2003,Telecommunication,0.0043908669818645,0.0616613513942673,5.791880828126398,1684739.4484126985,-47.296083860886434,-9.157209268441346
2004,Telecommunication,0.0018936068905346,0.044823498948551,7.507579775533733,1891343.9692307687,-50.48476441760733,29.622483582113745
2005,Telecommunication,0.0005192508371001,0.0326838319558786,7.731885147856232,1646818.3330201972,-55.082631724763765,2.987718799252481
2006,Telecommunication,0.0016138477419144,0.0232916079686283,9.133267717479656,1805669.2718016824,-49.63764951106916,18.12472046370186
2007,Telecommunication,0.0014102298673993,0.0499742827873687,669.0112284209865,1927237.2784455128,-2.419466455128624,7224.99308150798
2008,Telecommunication,-0.0009684708299049,0.065598048661264,202.1155848584908,2419813.144741664,-4.630807202660795,-69.78890992076052
2009,Telecommunication,0.0019369289295287,0.0434617927709629,171.9092462604481,1931680.08008658,-3.585397432235878,-14.945081359852274
2010,Telecommunication,0.0014570350375466,0.0259248419596149,287.23872939818693,1872451.3549783549,-1.9660077432828331,67.08742295513932
2011,Telecommunication,0.0004100312572222,0.0347483811779138,524.9720032873522,1869639.872294372,-1.551860033521841,82.76504856683364
2012,Telecommunication,0.0005090364478072,0.0242922076778748,503.14745832798695,1600644.3952727274,-1.4323328088633802,-4.157277878191767
2013,Telecommunication,0.0012996677606187,0.0240408373413094,356.9879060461861,2247104.895044735,-1.742424749717296,-29.04904911325693
2014,Telecommunication,0.0002707996036134,0.0238373843989468,255.9456600453409,1741302.2546296297,-2.469212039646639,-28.304108987874965
2015,Telecommunication,-0.0005963327222143,0.0245397962789604,209.28417469869905,1053293.9444620756,-2.5666173396968603,-18.23101252757158
2016,Telecommunication,-0.0008065650684925,0.0414705040437273,33.294048262548536,1209387.6648351648,-11.213641412552372,-84.091464005589
2017,Telecommunication,0.0004043392844156,0.0275986371831436,17.849978412326553,981913.105424456,-16.15546468806042,-46.38687890530437
2018,Telecommunication,-0.0004900393941206,0.037876765955417,16.979206456441315,1066027.285958904,-13.834482939077066,-4.878280162422577
2019,Telecommunication,0.001819610190047,0.0757078511716843,16.972577580979387,925662.7738095238,-11.772776235763668,-0.0390411382235944
2020,Telecommunication,0.004480995707152,0.1118415950302524,16.87283289813679,1054547.6197063806,-11.655021295718376,-0.5876814076512415
2021,Telecommunication,0.0022864457406192,0.0698938381927836,19.88921536967927,963816.6281179138,-6.043040076781095,17.877154890069292
2022,Telecommunication,-0.0005110768183437,0.0358609546890652,18.168929439401296,979984.6118282798,-0.9155396541752512,-8.649340350049794
2007,"Textiles, Apparel & Luxury Goods",-0.0002392957903366,0.0378013296259174,13.835720808478868,991955.1392789374,-8.720139524853822,29.47142963638303
2008,"Textiles, Apparel & Luxury Goods",-0.0021023173929392,0.0648935870190901,8.239896818829541,934175.5790547432,-8.441721817559566,-40.44475938123925
2009,"Textiles, Apparel & Luxury Goods",0.0067129749873758,0.1098725700284905,6.558262544590487,565872.246031746,-7.980881537798126,-20.408438493989856
2010,"Textiles, Apparel & Luxury Goods",0.0035473871881969,0.0561926917841772,12.552085364338012,710149.0081327261,-6.2595333611765405,91.39345640700928
2011,"Textiles, Apparel & Luxury Goods",-8.400850183120143e-05,0.0325541519565146,21.0889317174607,758149.5363247864,-3.698560023432368,68.01137902851504
2012,"Textiles, Apparel & Luxury Goods",0.000656086907315,0.0353328051152492,21.393146225324045,626794.4655384616,-3.4875054232746465,1.4425316177180791
2013,"Textiles, Apparel & Luxury Goods",0.0011383648500484,0.0269890106970103,23.066518921336847,558917.5634920635,-3.5262504512264425,7.822003731419147
2014,"Textiles, Apparel & Luxury Goods",0.0001307307495915,0.0297817379528831,22.0662611428016,626605.7152014652,-4.01222198722493,-4.336405427912215
2015,"Textiles, Apparel & Luxury Goods",-0.0001519122390391,0.0324261725070898,21.625517554099016,583114.4362026862,-4.593077584456055,-1.9973641472396
2016,"Textiles, Apparel & Luxury Goods",0.0016177134455655,0.0764116942313935,18.74748299028827,498688.1254578754,-4.393028062047682,-13.308511838437964
2017,"Textiles, Apparel & Luxury Goods",0.0049567293273451,0.1648817004461882,17.312837675708444,590297.8553478394,-3.9771457077030954,-7.652468949154468
2018,"Textiles, Apparel & Luxury Goods",0.0006445423381431,0.0698265014578927,26.277374167432946,539301.2834814588,-2.7643200123784424,51.77970624828647
2019,"Textiles, Apparel & Luxury Goods",0.0065569276962169,0.1891312773566259,32.23637572420082,513543.6468253968,-1.6489612565698573,22.67730983620581
2020,"Textiles, Apparel & Luxury Goods",0.0084796710501102,0.2200458685765887,39.45808607220314,616843.3728710462,-0.8327044807923688,22.402364365609383
2021,"Textiles, Apparel & Luxury Goods",0.0085895969231809,0.2016565462081268,59.66873855821108,424469.4625468165,-0.4964086297962864,51.220559580677794
2022,"Textiles, Apparel & Luxury Goods",-0.0019588932302631,0.0394492889986334,49.9985640681006,488144.18767507,-0.1859221548737333,-16.206433592821035
1978,Trading Companies & Distributors,0.0027729105110057,0.0481219220274189,0.25,3260.31746031746,106.66324961558176,33.33333333333333
1979,Trading Companies & Distributors,0.0014409174488225,0.0366005380917557,0.3302865612648221,3822.924901185771,105.53420445810914,32.11462450592886
1980,Trading Companies & Distributors,0.0049229390946396,0.0452128941790154,0.6119688735177866,8135.96837944664,371.63255592574967,85.28421839940165
1984,Trading Companies & Distributors,-0.0013356960057128,0.0357677457725711,1.3396394470563302,11541.258741258742,450.65709496786593,-13.428153229820804
1985,Trading Companies & Distributors,0.0024086752489382,0.0298290374860014,0.7357293201817406,27698.015873015876,276.0964334672302,-45.080049576145086
1986,Trading Companies & Distributors,-0.0007921129302459,0.0285249102296404,0.7646824175072282,47700.395256917,279.5750369183642,3.935292033534221
1987,Trading Companies & Distributors,0.001225363624333,0.0405172781786483,0.5925423279093681,706899.4991652755,271.22721993967923,-22.511317856505176
1988,Trading Companies & Distributors,0.0014971807716294,0.0274657023730135,0.5117972459501743,549492.7536231884,165.60728306249055,-13.626888435815532
1989,Trading Companies & Distributors,0.0025524011228339,0.0303761527141291,0.8019807661375987,700008.201058201,361.3093685832586,56.69892178663172
1990,Trading Companies & Distributors,0.0005933181357942,0.0332083709466233,0.9371866895393892,909889.5915678524,-28.5628078711878,16.858998259141877
1991,Trading Companies & Distributors,0.0016800046263983,0.0450702792562404,0.9629101599511422,798793.9393939395,-43.57043827059672,2.7447541347813686
1992,Trading Companies & Distributors,0.0017180080156575,0.0434648368460018,0.979303619249912,700749.0813648294,-42.9264147234038,1.702491050629451
1993,Trading Companies & Distributors,0.0019362359978812,0.0339311242660244,1.3167281259582604,547195.2569169961,-35.00074113899714,34.45555597627581
1994,Trading Companies & Distributors,0.0013400572896057,0.037432333554795,1.7567115325975535,1297726.441102757,-31.55059884962898,33.41490152487565
1995,Trading Companies & Distributors,0.0027778543730897,0.0361951167875971,5.806748994581756,712907.4404761905,-11.097691625671906,230.5465289452294
1996,Trading Companies & Distributors,0.0011115933861668,0.0381847061135257,4.753403585694929,847609.7337006428,-15.556004829005124,-18.14001965419374
1997,Trading Companies & Distributors,0.0015262347976054,0.0462935249590404,7.580294019438591,665504.5790190735,-15.561522026310506,59.47086929986363
1998,Trading Companies & Distributors,-0.0002892013028797,0.0527060150896358,6.723918580930764,846442.9910607866,-15.22760105477467,-11.29739079133043
1999,Trading Companies & Distributors,0.0012409135896893,0.0830488587987783,4.334803585664215,639680.637755102,-17.13082784538181,-35.53158722120984
2000,Trading Companies & Distributors,0.0031573564217225,0.1012779805053844,3.1653923106436825,660028.6695011337,-21.33983287465376,-26.9772609510598
2001,Trading Companies & Distributors,0.0034440331648464,0.0652778106995573,3.6460494597524,800892.9251152073,-23.041165668092063,15.18475758889346
2002,Trading Companies & Distributors,0.0007671413719907,0.0585930096831707,3.074491092525507,735406.3010204082,-27.159332838047312,-15.676100215758082
2003,Trading Companies & Distributors,0.0047017173602615,0.0852681991127765,3.506178453205186,707234.742872807,-24.34910376428457,14.040937107580763
2004,Trading Companies & Distributors,0.0032394800572599,0.0740625438974593,5.8820772419897045,622889.1572387344,-21.28033049803813,67.76320203019277
2005,Trading Companies & Distributors,0.0022570916260118,0.0505148592215035,8.627921087506376,648321.3805114639,-18.312549586421664,46.6815332841132
2006,Trading Companies & Distributors,0.001000892691414,0.0348385636386823,11.004389129695715,597959.0955439582,-22.439682122172737,27.543924174626213
2007,Trading Companies & Distributors,0.0002165763099812,0.0339137113940472,10.786724323633011,644152.9156671665,-21.209207312661885,-1.9779817261762256
2008,Trading Companies & Distributors,1.0159412828222818e-05,0.0514314416966339,9.785022707462154,974416.3188405796,-15.094238093152056,-9.286430116473776
2009,Trading Companies & Distributors,0.0019065479178116,0.0471048177069475,7.882740766706842,712806.6081349206,-14.008067133484786,-19.44075141802801
2010,Trading Companies & Distributors,0.0011792803521975,0.0322930195559782,9.9250005347329,502787.4209656085,-13.151784745262203,25.907990995360983
2011,Trading Companies & Distributors,0.0005523162331635,0.0332843690056472,12.336289828820597,483681.96527777775,-11.846649881892942,24.29510492870304
2012,Trading Companies & Distributors,0.0016116012566026,0.0340354526498338,15.398416024078925,522446.1886666667,-10.178791637030098,24.822099981020628
2013,Trading Companies & Distributors,0.001790251732019,0.0292067386398669,19.97183769691006,424303.8796296296,-7.544108475506837,29.700598202305684
2014,Trading Companies & Distributors,-0.0004236729658957,0.0269845980758655,21.78627139873921,453525.0886243386,-8.133246862141851,9.084961180662244
2015,Trading Companies & Distributors,-0.0008830784580262,0.0299746199559242,15.963254707357873,594897.6187169312,-7.295973856001002,-26.72791770930716
2016,Trading Companies & Distributors,0.001904005268589,0.0351973502129332,15.738646575993805,653681.5310846561,-5.800572609573938,-1.407032184110546
2017,Trading Companies & Distributors,0.0009605782994086,0.0234168230736679,20.73194769487913,638138.3632138114,-4.874872975624057,31.72636919429665
2018,Trading Companies & Distributors,-0.0005131178285384,0.046458445673023,24.044871447763715,734708.681938911,-4.54255745139543,15.979799880080204
2019,Trading Companies & Distributors,0.0017577608022247,0.0415704423615894,25.87638280383267,562081.4318783069,-3.067915136614317,7.617056136265154
2020,Trading Companies & Distributors,0.0013502293037346,0.0485812630428739,22.9587535501405,519779.2325428195,-2.204214555819336,-11.27525928106159
2021,Trading Companies & Distributors,0.002259305251257,0.0337353790381622,35.742010824195056,415960.9457671958,-0.554520531536065,55.67923034731268
2022,Trading Companies & Distributors,0.000907447167636,0.0354137222711661,38.061084735230736,485834.6691176471,-0.120255978536316,6.488370009293987
2007,Transportation Infrastructure,0.000729048090152,0.0195970765238601,14.749374545427909,150464.54183266932,-45.131092014526565,24.636520773150885
2008,Transportation Infrastructure,-0.002591551632235,0.0289086352852424,9.51881815793486,136942.2924901186,-43.56476006887789,-35.46290299553376
2009,Transportation Infrastructure,0.001478072356783,0.0308041607975576,6.392536124539753,38566.269841269845,-38.25317446258697,-32.843174242057
2010,Transportation Infrastructure,0.0009684407302172,0.0196363134757482,9.03418687411717,39649.206349206346,-35.34547618991124,41.323986256982
2011,Transportation Infrastructure,-0.0004194861541681,0.0224421985362875,10.18103974206107,24721.42857142857,-32.775350793211814,12.69458872086895
2012,Transportation Infrastructure,0.0026371799492005,0.0178893846457711,12.199014236450196,18932.4,-27.98216766858677,19.82090774139933
2013,Transportation Infrastructure,0.0013276940388096,0.0223700584652786,20.805894178057475,40688.49206349206,-25.14519106454268,70.55389701809058
2014,Transportation Infrastructure,0.001591570712859,0.0172103230222099,25.78937657674153,35182.53968253968,-19.20139232010917,23.95226254654217
2015,Transportation Infrastructure,0.0005190373554103,0.0167809187132681,33.68291985799396,42437.69841269841,-15.123710082569666,30.607732054955196
2016,Transportation Infrastructure,-6.627115032124665e-05,0.0208467840237843,38.591531692989285,54631.34920634921,-11.742593321668034,14.572999774633155
2017,Transportation Infrastructure,0.0010221026352644,0.0168068654803226,39.15606526834557,89402.78884462151,-8.627244358530707,1.4628431435356417
2018,Transportation Infrastructure,6.053364963138261e-05,0.0217275459612577,41.43812272273212,88605.97609561753,-5.023611080845302,5.828107187857334
2019,Transportation Infrastructure,0.0020868508859386,0.016978580755482,48.55381776416112,70350.79365079365,-1.0990389510628549,17.17185667179242
2020,Transportation Infrastructure,0.0002810971977673,0.0414606617904816,41.244071123628274,105728.45849802373,-0.1099915810440749,-15.054936928004803
2021,Transportation Infrastructure,0.0003331130400349,0.019088082940008,50.12761895618741,104952.77777777778,-0.0428882452987419,21.5389693367827
2022,Transportation Infrastructure,0.0010655749134478,0.0215676885148339,56.71743707095875,59244.684873949576,0.0618220346394123,13.146082443155692
1974,Unknown,0.0002881876592743,0.0741664081929776,0.5267968564049194,18970.206477732798,-45.86533362840118,-23.41852132172784
1975,Unknown,0.0017154236420699,0.051804705877158,0.2900284326666197,18075.19668246445,-46.80201823165761,-44.94491963260862
1976,Unknown,0.0042225069326341,0.0604510699214279,0.2667143207463254,26476.62969588551,-43.76944897091556,-8.038560807965112
1977,Unknown,0.0029822538629356,0.0351436432007177,0.5584162705003501,32680.41766467066,-31.093897550547386,109.36868666735946
1978,Unknown,0.0031635534990512,0.0316933555824572,1.439506319264022,35169.1408839779,-27.37313044982145,157.78373505739737
1979,Unknown,0.0007142710308686,0.0244017345689285,1.8985057290857892,29960.74297188755,-27.36157635673936,31.88589057785036
1980,Unknown,0.0029182735929038,0.0323556624683239,1.7512814476837946,118186.07496902108,-6.674221596402714,-7.754745173873645
1981,Unknown,0.0009494431867748,0.0343809994119963,2.2124699372094394,172563.6902460457,-6.216207970895835,26.33434449588914
1982,Unknown,0.0022661053533605,0.0314062224669189,4.658087478609652,171487.26399394855,-3.71159268808144,110.53788800786322
1983,Unknown,0.0012071437359966,0.0288847928709463,7.398817670445776,250928.41787878788,-4.263173580307475,58.83810049557463
1984,Unknown,-0.0002814722403509,0.0321884894426877,6.412819840551672,165255.0222452147,-6.457544235090676,-13.326424218191324
1985,Unknown,0.0025190273688842,0.0359932768258307,6.637218824034321,231333.24275452067,-9.179869716426063,3.4992248193790543
1986,Unknown,0.0005273096291415,0.0337670333302157,5.943033926007385,258612.50177226408,-31.38259203327328,-10.458972597275118
1987,Unknown,-0.0004435021506713,0.0432951721426584,6.046486119582768,328355.2304934267,-25.19443102157408,1.7407303216403491
1988,Unknown,0.0012821457309998,0.0383839108817325,5.497795295177459,232568.8576297444,-20.292285726984467,-9.074540378555785
1989,Unknown,0.0004900921772812,0.0352502747747496,4.742353847961983,203137.43275594988,-17.887896345350534,-13.740807117320877
1990,Unknown,0.0005941090941565,0.0618370933286824,4.276186164142503,222427.3993429698,-28.435032461068428,-9.829879818432662
1991,Unknown,0.0024479413636772,0.0500707230077455,6.309126890396567,228800.510666506,-23.24633725140816,47.54097806360884
1992,Unknown,0.0019959596905931,0.0570798888529637,24.61676939165547,280414.9188837768,-9.168640797005686,290.1771167279243
1993,Unknown,0.0019995670003312,0.0552610393361383,82.53222706738795,208061.66259991587,-3.659038388372136,235.2683114274309
1994,Unknown,0.0008021376338883,0.0473898892678229,43.767812292604525,204621.8577540107,-5.441764000282312,-46.96882194046709
1995,Unknown,0.0019134620108733,0.0441233585006019,43.91082630968629,244547.08603299712,-5.581589448431696,0.3267561470188695
1996,Unknown,0.00138533373043,0.0519643031276029,73.22257346689189,273360.91398718464,-3.769675793983155,66.75289358137111
1997,Unknown,0.0020729566899432,0.0779428577278406,5330.722097897776,270405.49427531264,-0.2034214856409818,7180.162176091912
1998,Unknown,0.0007166129204731,0.0572769017048645,5560.120058505007,234523.60747051117,-0.7144686147588165,4.303318694810532
1999,Unknown,0.0025261159249839,0.0590819133090896,2719.771650382136,307360.45622805203,-0.6702732145825605,-51.08429994741117
2000,Unknown,0.0006361001348565,0.0681143851773164,19488.298024437165,357502.6745456532,-0.7410130663492875,616.5417001717407
2001,Unknown,0.0017264462764432,0.061992693639082,7340.884093196219,482771.3189752973,-0.3120065965478318,-62.33183583301533
2002,Unknown,0.0007740564005608,0.0805744231617307,2451.847306893846,539575.7719123506,-1.0193990947209994,-66.60010870943594
2003,Unknown,0.0042237024383931,0.1049173125757213,1726.3225554687417,451988.3296400708,-0.30541624731264,-29.59094350554173
2004,Unknown,0.0023846134017194,0.20247437800245,2319.296843564376,393244.1773686837,-0.5664003376926947,34.34898572211649
2005,Unknown,0.0112077539667991,2.0761081308472464,1636.93206312574,342737.2631303245,-12.468121370331414,-29.421192131230345
2006,Unknown,0.0008805082325301,0.0358261573867001,2489.8903588391195,346443.70842818706,-12.297003840080766,52.1071286296785
2007,Unknown,0.0003247108364549,0.0427878936463808,1516.0845362494108,381985.1058339385,-21.902447069044275,-39.11038970582358
2008,Unknown,-0.0009692926460359,0.1092574336308593,1230.642571606646,430386.37418614456,-20.508779866486783,-18.827575759654525
2009,Unknown,0.0031727281999633,0.0696633287659838,355.4148738695144,405889.9707129964,-14.452004358809036,-71.11956939653825
2010,Unknown,0.0018991237782477,0.0682956515310395,349.6014496994445,363747.8172316505,-12.708366724530418,-1.635672729950011
2011,Unknown,-0.0001056663831621,0.0402633446942632,468.9036901966632,345601.8399047263,-5.158891565024187,34.12521332499732
2012,Unknown,2.012054356640101,470.35186775498335,885.3400944016454,302588.75536802795,-1.0934884653976642,88.81064766846352
2013,Unknown,0.0019119170429344,0.0439886677515176,1127.993006225791,303615.31545951485,-0.8707353197161782,27.40787561283351
2014,Unknown,0.0014422484206601,0.2369895046012248,1305.0218874884215,358006.7837766165,-0.69726733259895,15.694147063460996
2015,Unknown,9.560326744128328e-05,0.0410444865112408,866.4459970245957,336918.5301808959,-0.7774202172411833,-33.606784274544744
2016,Unknown,0.0021753522091609,0.3804118617241856,270.5222978174659,382230.0002476978,-1.60717979027066,-68.77793898910625
2017,Unknown,0.0029384485906019,0.3369377231251845,201.09256840947197,419719.4219722251,-1.5443524170885887,-25.66506715643879
2018,Unknown,0.0007566068251955,0.1022830505048976,98.8916040588434,451730.5349687093,-1.4791000997929675,-50.82284500067811
2019,Unknown,0.0022949936133503,0.3766624786420073,52.110749629445465,486708.505275128,-1.259203909951632,-47.30518315949448
2020,Unknown,0.003469103461857,0.2604956201910852,46.62896833774592,858336.0671658819,-0.7477353641301863,-10.519482699212656
2021,Unknown,0.0005498919141165,0.0499465604531174,47.81665792720168,981207.5683258288,-0.4547984824694513,2.547106727416759
2022,Unknown,0.0023122447665291,0.5574913416770793,33.69975430668055,859805.3724630312,-0.1957616991921131,-29.52298264344062
1974,Utilities,-0.0005996108607882,0.0127784045849171,0.5278962310182719,4399.209486166008,-14.710678780204969,-12.18261571435808
1975,Utilities,0.0004535406105194,0.0100673331794543,0.5314099857870769,3456.1264822134385,-17.35493934721847,0.6656146724191014
1976,Utilities,0.001326671375073,0.0101369102941071,0.5719217440120787,5690.118577075099,67.5057769565629,7.623446925823085
1977,Utilities,8.144571829821444e-05,0.0067874280158911,0.6717077712454493,4144.444444444444,7.207352148902594,17.447496668576235
1978,Utilities,-4.770138774517974e-05,0.0085520599157623,0.6607768747896429,6436.507936507936,2.7280647446246458,-1.6273291636240694
1979,Utilities,-5.921594078710526e-05,0.0086992968260532,0.67004112551806,6787.351778656126,18.30014070862969,1.402024054090334
1980,Utilities,-0.0001306713635904,0.0121943451811072,0.6019468827244248,11656.394625176805,84.7069886716043,-10.162696019738547
1981,Utilities,5.7874235925501935e-05,0.0105579134384429,0.5608896075187151,12491.27140974967,34.104308055238924,-6.820747209435418
1982,Utilities,0.0010794918780417,0.0099376775365055,0.625171236723308,17200.83530961792,56.5296530852606,11.460656133203194
1983,Utilities,0.0006034432885831,0.0093697726355343,0.7889300560448638,12501.072463768116,67.19685086907849,26.19423442765221
1984,Utilities,0.000559348440303,0.0082509744684848,0.8547464924446051,13181.177865612648,60.52024130901236,8.34249321539331
1985,Utilities,0.0017182054120736,0.013083125390551,1.1360876598449612,21940.944444444445,218.6208285064839,32.91515904273681
1986,Utilities,0.0015550889853443,0.0185971730665201,1.709848793598974,35713.98418972332,289.0286416761769,50.503244954910656
1987,Utilities,0.0001640559131944,0.0167795021638958,1.8706549429610784,23018.565217391304,163.9083832169997,9.404699992426323
1988,Utilities,0.0003279145264788,0.01448822357837,1.917650313088388,16670.62187088274,107.79821006643516,2.512241517557512
1989,Utilities,0.0004888022167621,0.0230510350268697,108.57806557357785,13859.219246031746,1.1529685453196796,5562.036755737399
1990,Utilities,-0.0001534906117393,0.0397146580029936,72.10285015339437,12575.398221343874,-4.793590385801942,-33.5935395675898
1991,Utilities,0.0013553788794096,0.0500383855931814,23.51080497498569,10575.152173913044,-20.385384907396013,-67.39268291757135
1992,Utilities,0.0008165401764458,0.0388443726303584,20.585828965104472,11212.278543307086,-27.364555446963184,-12.44098623162092
1993,Utilities,0.0025277070712367,0.0393575111404126,19.785391058610838,10431.19861660079,-26.641806676510065,-3.888295719596613
1994,Utilities,0.0023442481141839,0.0983539940053113,19.90137825633368,5577.568539325843,-19.13060541647819,0.5862264606206313
1995,Utilities,0.0037874806130282,0.0887938846292204,15.314282740372006,5365.9587033747775,-19.87282627148846,-23.04913487336896
1996,Utilities,0.002120947758448,0.0691324201815532,17.345779677571066,14365.28258967629,-19.14001173408656,13.26537436744304
1997,Utilities,0.0022608320007153,0.053907005520252,19.583153013760025,9772.190601668864,-16.38078345153028,12.89866110245821
1998,Utilities,0.0004622415489106,0.0338472437760174,30.58142461389881,10720.760141093477,-11.962123229956998,56.16190402235481
1999,Utilities,0.0015019301586279,0.0474847750394368,26.803565446253774,11403.992206726823,-13.623210591711503,-12.353444011656844
2000,Utilities,0.0018569477372973,0.0549433350313108,26.40977848030272,12250.148412698412,-13.166595075250797,-1.4691588950756396
2001,Utilities,0.0012424604050609,0.0385603636412384,27.33192931130048,10143.05120967742,-14.575433901008866,3.491702255986473
2002,Utilities,0.0013214918762109,0.080147954110869,19.77276898151825,13558.34246031746,-20.298395003011567,-27.65688526296921
2003,Utilities,0.0026091801425245,0.0573569293381807,6.56819818935224,14550.168253968252,-43.42464104206712,-66.78159646991486
2004,Utilities,0.0017654736362941,0.0314516614871783,8.614864893328576,18853.20238095238,-37.70909067345424,31.16024585394217
2005,Utilities,0.0010785545788125,0.0320053947387795,10.352767530604014,27017.400793650795,-34.74272260467045,20.173301134661827
2006,Utilities,0.0005919979064107,0.0239022466132788,11.730525456671696,28334.5219123506,-32.315359876311604,13.308112270413352
2007,Utilities,0.0004276707399171,0.0240279700683906,12.554308106414826,39344.08366533864,-31.00634656740824,7.022555407137432
2008,Utilities,-0.0003056253477197,0.0459763308060321,10.98391171693802,56971.166007905136,-30.639315761401136,-12.508824669313224
2009,Utilities,0.0014457709317889,0.0360327131131003,9.290745783041396,56215.51587301587,-28.944580843765134,-15.414963061708107
2010,Utilities,0.0006729405493501,0.0264704712068056,10.545343507849982,47055.833333333336,-26.254043637341624,13.503735373952775
2011,Utilities,0.0001636504199293,0.0273108690584918,11.196318953425164,44708.11507936508,-23.97215620244683,6.173108017681872
2012,Utilities,0.0005471404959271,0.0220795893782352,11.843688743543623,44148.9,-21.68293278032415,5.781987748039441
2013,Utilities,0.00103346413246,0.0195311839276087,13.864005024944031,48978.82936507936,-18.85694122847993,17.058167646475408
2014,Utilities,0.0005547303910737,0.0208636212572819,15.320831974725875,57029.444444444445,-15.946118421818506,10.507980537807992
2015,Utilities,-1.1879259863851956e-05,0.0245440831593888,16.081578724346464,63293.27380952381,-13.616083009513623,4.965440198518989
2016,Utilities,0.0017541718962245,0.0226202357065377,20.189924416750195,66518.13492063493,-10.875998320793332,25.5469053307805
2017,Utilities,0.000634142502916,0.0216845496123381,25.56914128022365,64665.13944223108,-8.812056901846628,26.643075785913737
2018,Utilities,0.0002291910024557,0.0199698126457407,26.74506515259762,51777.52988047809,-6.874374832560176,4.598996342843487
2019,Utilities,0.0005967464053501,0.0165702582618929,30.901636107668043,61039.3253968254,-4.778121222543563,15.541450100624331
2020,Utilities,0.0001381766434621,0.036673631841189,30.866095269079736,99747.27272727272,-2.910743624464882,-0.1150128053559185
2021,Utilities,0.0007907532365977,0.0250563401207235,36.51396407201177,130110.35714285714,-0.7924615183539816,18.29796983938494
2022,Utilities,0.00058442423632,0.0313974400020462,37.83183318842359,125241.03907563024,-0.2403367714757039,3.6092195134243887
