Year,sector,avg_return,volatility,avg_adj_close,avg_volume,avg_range_pct,sector_growth_yoy
1981,Aerospace & Defense,0.0004321121883297,0.0239061786522503,2.6538020419471824,618497.7780410743,-42.156635140926085,16.318535970102644
1982,Aerospace & Defense,0.001779755145992,0.0216780376657569,2.847777419803328,833774.0204216074,-51.9248006694139,7.309338631521256
1983,Aerospace & Defense,0.0015621279402222,0.0178670881832254,4.574160824729834,758116.1436100132,-51.90665409505091,60.622132647070885
1984,Aerospace & Defense,0.0001347069104408,0.0174815893900516,4.573580510845612,739855.2878787878,-53.94662441438045,-0.0126867835753552
1985,Aerospace & Defense,0.0007382636357252,0.0151150680927022,5.08529988688136,735066.6402116402,-57.48883170805375,11.188594468213164
1986,Aerospace & Defense,-1.4253274574811296e-05,0.0178118219684471,5.486643261746141,811907.0494071146,-56.91818506860561,7.892226295250237
1987,Aerospace & Defense,-0.0007257054599888,0.0262071727784184,5.691217821891443,1010487.1205533596,-57.32190549010265,3.728592335711567
1988,Aerospace & Defense,0.0003462382352983,0.0283200776222767,4.700117010883349,656807.7272727273,-69.48692333237557,-17.414564721030256
1989,Aerospace & Defense,0.0008439461953021,0.0253394616488263,5.612979703321659,697069.6541005292,-68.05441867027304,19.422126945446937
1990,Aerospace & Defense,5.976340690527383e-05,0.0242508071558656,5.850061551541365,639056.0869565217,-66.02771101600678,4.223814457754149
1991,Aerospace & Defense,0.0020025855878744,0.0239595586840142,7.2848587893293155,786869.5665349143,-64.95726272357236,24.526190453669884
1992,Aerospace & Defense,0.0009199636573054,0.0170400491075426,8.8929120011217,588992.6095800526,-64.6875598870087,22.073910535476983
1993,Aerospace & Defense,0.0005783264107875,0.0185942468526708,10.551981819162885,482426.63175230566,-61.32348652421231,18.656091703504085
1994,Aerospace & Defense,0.0005051113737581,0.0176438900257519,11.08261493321449,536476.5271164022,-58.13016738250746,5.028753111457718
1995,Aerospace & Defense,0.0017766971241263,0.0160901587420968,14.254596823737735,559376.9781746032,-54.99250763119922,28.62124065157985
1996,Aerospace & Defense,0.0013341348470677,0.0151123894801076,20.040266298488447,608766.0643312102,-50.46713585786057,40.58809622111526
1997,Aerospace & Defense,0.0012859646850802,0.017275813527451,26.55488231826946,633071.3850931677,-45.95597181521936,32.50763199824536
1998,Aerospace & Defense,4.730009396806399e-05,0.0211310107413161,32.72717492975075,716421.6575963718,-44.74784649704131,23.243532159187264
1999,Aerospace & Defense,-0.0004654826326482,0.0232770949992404,35.23210157857378,848488.4765100671,-44.83245553343853,7.653965410090802
2000,Aerospace & Defense,0.0009961993505055,0.0236830556363215,39.981762183091,869088.7886904762,-43.18555015637188,13.481059578363896
2001,Aerospace & Defense,0.0004043864517545,0.0231637037546273,38.71173879648408,1221024.8064516129,-41.63796611862167,-3.176506780243993
2002,Aerospace & Defense,-2.0791054949544472e-05,0.0265617094357715,35.27749989737594,1775448.545138889,-39.90928734959886,-8.87131140546974
2003,Aerospace & Defense,0.0011654787298515,0.0223519795643108,31.191068750407016,1466282.9518849207,-39.05310391721591,-11.583675597354016
2004,Aerospace & Defense,0.0008738306253216,0.0194912353484232,38.86325558263158,1199605.588293651,-37.20307461561694,24.59738360880772
2005,Aerospace & Defense,0.0005729800596181,0.0166520726012983,43.43083907840322,1180264.6572815534,-35.75983841397518,11.752961575902908
2006,Aerospace & Defense,0.0013178164824118,0.016445461894702,46.962701926868704,1195369.4468599034,-33.31262479854504,8.132154301899664
2007,Aerospace & Defense,0.0009431031115941,0.0182237269715124,56.56240786386978,1332066.3596523,-30.48969347368794,20.44112783789556
2008,Aerospace & Defense,-0.0014392851974511,0.0376753393315121,46.20791137933817,2156691.079410708,-30.71695677105525,-18.306321946993563
2009,Aerospace & Defense,0.0015748169843055,0.0308142990240992,33.44744940925642,2620614.541847042,-30.15040224298015,-27.6153186525275
2010,Aerospace & Defense,0.0008421948748961,0.0201211421552054,42.937704868646925,1863712.4671717167,-28.097301481783557,28.373629759535923
2011,Aerospace & Defense,0.0001000648711443,0.0229895139513352,46.72582060592343,1732948.268013468,-25.85217682628349,8.822352635905762
2012,Aerospace & Defense,0.0005188979616918,0.0179990487692988,49.50219153881073,1266334.2693333332,-24.122747401658536,5.941834507953692
2013,Aerospace & Defense,0.0018499222223712,0.0158229495598707,62.82006132098102,1209003.1917989417,-20.011619966017637,26.903596322051328
2014,Aerospace & Defense,0.0004814906779336,0.0158785313725704,82.49867010242724,1065150.2414021164,-16.613329290999353,31.325357485561444
2015,Aerospace & Defense,0.0001376447466866,0.0200295216197129,96.61339121646982,1248071.0443121693,-14.445841455977328,17.109028662544823
2016,Aerospace & Defense,0.0010290850980082,0.0218938407973136,110.64495308216289,1270074.1203703703,-12.83564886536102,14.523413047632538
2017,Aerospace & Defense,0.000706856382938,0.0183822818614133,132.95423758742345,1186375.2224435592,-9.976352497294746,20.16294813618307
2018,Aerospace & Defense,-0.0004352099706322,0.0202050052875642,146.15880512716285,1698112.4229747676,-8.141261365545146,9.931663540289048
2019,Aerospace & Defense,0.0011890161986222,0.0201876375649762,156.90142635630554,1333634.7367724867,-6.2277217211332365,7.349965142227499
2020,Aerospace & Defense,0.0004125386360998,0.0469647216827798,149.97893459123114,2182034.4044795786,-3.029917379928181,-4.412000531693194
2021,Aerospace & Defense,0.0006019704352539,0.0224080276155007,176.10299006246385,1393156.3740079366,-1.1973615362851475,17.41848316394168
2022,Aerospace & Defense,0.0006811272206673,0.025492943925928,194.59385843203515,1310696.8644957982,0.0084304286454023,10.50003089840359
1987,Airlines,-0.0011173593814013,0.0307532201454406,2.571602256048338,2039629.027667984,-14.254318583261384,7.880845546449344
1988,Airlines,0.0018498939896075,0.0210205933194193,2.316625792871822,1624000.2351778655,-13.378042421205452,-9.915081641292634
1989,Airlines,0.0006083480659393,0.0191467108836743,3.2351076899776383,2105577.0257936507,-12.829890870837636,39.647400108034425
1990,Airlines,0.0001300280329703,0.022241394375249,2.690742727560488,1379869.1166007903,-12.038110523955073,-16.826795723171518
1991,Airlines,0.0020434978979549,0.023211047098023,3.194770475150097,1512558.9644268774,-11.071071429260888,18.73191897638524
1992,Airlines,0.0007764744557163,0.020899914886936,3.392546359478958,1279653.653543307,-10.391926217489251,6.190613249597177
1993,Airlines,0.0011778988516947,0.0206655403298603,4.300878015902674,1356188.9229249011,-10.05840341850448,26.77433291031641
1994,Airlines,-0.0012160622648532,0.0224105863631349,4.270389087143398,2164872.359126984,-10.118263229243537,-0.7089001047353993
1995,Airlines,0.0010895929248076,0.0240267018031445,3.8726791204914215,2175835.66468254,-9.732193434016668,-9.313202111941932
1996,Airlines,0.000682731939758,0.0227945469358748,4.971955934378106,2463260.228346457,-9.71024035553056,28.385434984016754
1997,Airlines,0.0024877297824767,0.0222471043941501,5.678760921059861,2159511.9960474307,-9.351936495678538,14.215833688199451
1998,Airlines,0.0014059582932437,0.0316275123700467,9.176407801726508,2432766.4305555555,-9.596614959116192,61.59172624604632
1999,Airlines,3.2479490337880025e-05,0.0270402066079205,10.624739225894686,2189742.013888889,-9.451950960130304,15.783206843702825
2000,Airlines,0.0015140515500828,0.0279862155657258,9.974894870841316,1874890.476190476,-8.8162724083393,-6.116332281074399
2001,Airlines,6.290322686728875e-05,0.0303740666066925,11.501556961286452,1965945.463709677,-8.888534541145365,15.305044416136028
2002,Airlines,-0.0006262031681985,0.0325109539463866,10.306010335683824,1903809.325396825,-8.882643143394626,-10.394650303665564
2003,Airlines,0.0010588545134,0.0245634880014201,9.985286837532406,1948704.5634920637,-8.617342792947959,-3.1120044295020133
2004,Airlines,0.0006399094729518,0.0207342188130206,9.645279314782885,2624131.547619048,-8.737875894528166,-3.4050851846489927
2005,Airlines,0.0002995272270114,0.0174036471138831,10.29862645221135,2713623.611111111,-8.75324599950482,6.773750309408966
2006,Airlines,0.0006686348472053,0.0231511662717544,17.860592115741888,3275237.808219178,-7.30319352157707,73.42693415107615
2007,Airlines,-0.0010120082433134,0.0251744340249883,19.317615245504307,4360525.0814332245,-7.934241682588923,8.157753787335164
2008,Airlines,0.0010431097075921,0.0730569693934444,10.214761932376817,9595741.501976283,-6.221423610718506,-47.12203446150504
2009,Airlines,0.0018123728284979,0.0491769345486959,6.535381386677424,8905912.301587302,-7.181481043894802,-36.02022807831858
2010,Airlines,0.0017024357158475,0.0274604808061637,13.630364186706997,7273923.313492063,-5.950225332714896,108.56264355884284
2011,Airlines,-0.0004134407293594,0.0278994846382315,13.418013357453876,8279909.920634921,-6.000420220589538,-1.55792483857633
2012,Airlines,0.0011320201532103,0.0206215599223854,13.735340925693512,6602662.0,-6.049830882757703,2.364937042362958
2013,Airlines,0.0026759069974402,0.0205640706048056,22.484841198202165,6717923.015873016,-6.246059035501472,63.70064143178071
2014,Airlines,0.0026913821784612,0.0215819145954507,37.84586578891391,7007077.48015873,-5.977894110247165,68.31724740817818
2015,Airlines,0.0004296573385063,0.0206358660379678,51.55301159525674,6480626.984126984,-5.588352983681068,36.218343855032174
2016,Airlines,0.0007061621426096,0.0206462343341999,49.84278115582845,6053212.301587301,-4.79182866107921,-3.317421012869881
2017,Airlines,0.0003175572881154,0.0165873388105976,62.46943593880095,4675095.916334662,-3.810649671523776,25.33296595849364
2018,Airlines,-0.0001893573867202,0.01912215504153,61.52487987731082,4518237.35059761,-2.4935657782807445,-1.512029118392344
2019,Airlines,0.0006303537871769,0.0145522962613358,63.976390278528605,3532961.3095238097,-1.031241342077048,3.9845838075692974
2020,Airlines,-9.459065768133016e-05,0.0520476901311209,39.948880272891685,19635935.67193676,-0.4997211478143303,-37.55683917306115
2021,Airlines,0.0001932716652876,0.0242018623908806,51.166289639851406,8831408.82936508,-0.107261276566441,28.07940871016497
2022,Airlines,9.522213073044873e-06,0.0286172876015725,41.31919434691677,8205501.235294118,-0.0500994696140653,-19.24527919113588
1994,Auto Components,-0.0007408603493556,0.0203715418404155,12.282031615575155,280621.5277777777,-45.59139120907299,6.941369162569111
1995,Auto Components,-9.109952365444346e-05,0.0186420629358312,12.484432490808624,283727.6785714286,-44.095054957960286,1.647942959019888
1996,Auto Components,0.0003534030922683,0.0155763357880078,10.947289893476984,228313.6811023622,-43.67298633887311,-12.312474743752489
1997,Auto Components,0.0011764550200072,0.0153063252277349,12.632056852574404,223488.24110671936,-42.4574202517939,15.389808578114849
1998,Auto Components,0.0004430827613569,0.0217469799310683,14.58952740970112,320617.3611111111,-41.44139394338511,15.49605563030525
1999,Auto Components,-0.0009329189380596,0.0206368763116944,13.33508141298033,197544.28341384864,-36.93097962086552,-8.598263408358676
2000,Auto Components,-0.0004515685389276,0.0281742810087429,11.818224025529528,179195.39682539683,-34.819195044271254,-11.3749390834187
2001,Auto Components,0.0024663013725779,0.0290298504532354,13.443384218215945,265510.8064516129,-34.15090625432823,13.75130636528612
2002,Auto Components,0.0001657383454032,0.026843807408134,16.810783904317827,398758.8095238095,-32.217628745685296,25.0487498641824
2003,Auto Components,0.00141658721659,0.0202754173353112,16.65605144425044,338385.5555555556,-30.16926674956738,-0.920435721189916
2004,Auto Components,9.782943964801472e-05,0.0174563748290955,19.30739744731358,369856.6666666667,-26.33351760744373,15.918214541648569
2005,Auto Components,-0.0008666075656646,0.0189752822603736,16.546903483072917,554305.4761904762,-23.565140607813632,-14.29759744560889
2006,Auto Components,0.0005392774971833,0.0216024174513455,14.14338514358399,576445.8167330677,-21.738786778710903,-14.525487152008044
2007,Auto Components,-0.000454239055825,0.025087511709508,16.892070069636006,810065.7370517928,-19.554855873154786,19.4344203890886
2008,Auto Components,-0.0025123623534395,0.0573222357248297,10.169632219797066,1148648.853754941,-20.02231381175818,-39.79641229361653
2009,Auto Components,0.0065611201305598,0.0939911089873306,6.497201674017641,1878504.6825396824,-20.26463179283404,-36.11173409624746
2010,Auto Components,0.0023488419530948,0.0315202360669781,10.972695607987662,1242560.396825397,-17.289705274268947,68.88340794264636
2011,Auto Components,-0.0002152762088507,0.0341184231358038,13.49164831259894,1092212.7777777778,-16.528516075160898,22.956553198993213
2012,Auto Components,0.0009524251410406,0.0245935632068959,12.79643962020874,778235.44,-15.707309531743904,-5.152881814603716
2013,Auto Components,0.001845846277617,0.0185165485961531,19.511937232244584,652454.6825396825,-13.433137422016262,52.47942249053723
2014,Auto Components,0.0005572233015343,0.0177286656660905,24.446280959295848,574236.6666666666,-12.793076165932908,25.28884583995577
2015,Auto Components,-0.0005215050743395,0.0180365463318221,25.065289990864105,635931.5873015873,-11.340436402641911,2.5321194360767185
2016,Auto Components,0.0014125569845996,0.025800980079572,23.99603297407665,731896.2698412698,-9.467721889635737,-4.2658872774948176
2017,Auto Components,4.265109859751375e-06,0.0195590448867811,27.46451329159072,736190.358565737,-7.715997398101948,14.454390528889215
2018,Auto Components,-0.0014198253642032,0.0271813009047522,28.60349087506177,821486.454183267,-6.451363046271999,4.147088176580915
2019,Auto Components,0.0004120535442588,0.0340787606705775,24.257487578429878,761624.7619047619,-4.587101546536688,-15.193961169337545
2020,Auto Components,0.0018017541114105,0.0564511048345613,21.091575223419508,849661.6600790514,-3.204375832060533,-13.051278887701232
2021,Auto Components,0.0007986859816577,0.0308427664729266,31.640372047348627,707376.4285714285,-1.3503741687277058,50.01426736593872
2022,Auto Components,0.0007064001379241,0.0352055364306821,25.944830719408984,709830.4284546198,-0.099684519218256,-18.000867118175734
1981,Banking,0.0008367113684752,0.0122706083913821,0.9864495404598008,156337.4751866491,220.97632273591944,39.79995673831345
1982,Banking,0.0004422822493537,0.01542795337595,0.9989106736858006,156541.4659639877,214.8617056694296,1.263230678803029
1983,Banking,0.0011809589767977,0.0142180374450142,1.32184186007142,206900.852876592,370.38179602016766,32.32833474429317
1984,Banking,0.0003506762646502,0.0142941685862254,1.418489831421634,293995.6038647343,-9.57415150885003,7.311613761799895
1985,Banking,0.0013562070678362,0.0159870041916532,1.742886735831776,362978.0558464223,-28.80866782849586,22.869173766654782
1986,Banking,0.0005782174313413,0.018637677280291,2.2395323691161773,366375.3267251239,-31.7876970432188,28.49557708334856
1987,Banking,-0.0003479494900341,0.0287821547761616,2.7959039106618144,256808.8866407982,-38.32533527358122,24.84320160843252
1988,Banking,0.0011206584833721,0.0267084315362732,3.798486911213789,230988.32717418083,-45.10646953380404,35.85899346285668
1989,Banking,0.0007496122267731,0.0234661264591645,5.155744198797712,215540.6104104563,-15.38239765266252,35.731524665178284
1990,Banking,-0.0005435119308864,0.0265731358931919,4.399221741814363,232623.49431578943,-51.130440932956574,-14.673390063839198
1991,Banking,0.0020698116968857,0.0252827258360701,5.0844308975979375,274004.04181402124,-56.77780241173519,15.57569033792272
1992,Banking,0.0015062927712154,0.0218825762637106,6.402389505699286,366315.4562286174,-56.408716290823726,25.921457772668298
1993,Banking,0.0009589783351222,0.0202916202044447,7.9797934421437535,401677.9685770751,-54.335106550828094,24.63773775463507
1994,Banking,8.353850158905726e-05,0.0185044963913477,8.38013563530633,383398.3968408736,-52.687501381522026,5.0169493241296825
1995,Banking,0.0015885177402836,0.0159889448754322,9.238834206413108,386153.143055797,-51.059498827449104,10.24683380408542
1996,Banking,0.0011656050165481,0.0157484719869651,11.198447910397071,446304.65007874015,-49.55700085268569,21.210616623293262
1997,Banking,0.0018105426527215,0.0180642582478826,15.554320809225423,535601.9536017616,-48.0605007644213,38.89711265062179
1998,Banking,7.555365714808234e-05,0.0246077688311192,18.676444379040944,566879.5224719101,-46.35192595905624,20.072387654263625
1999,Banking,0.0001422939389526,0.0220261467350447,19.09852585924116,610532.1800057787,-44.939004850159805,2.259967002465868
2000,Banking,0.0005648528871615,0.0289297454883503,17.978761475001356,751979.5203476342,-44.41784989670668,-5.863093269567643
2001,Banking,0.0005403713118047,0.0252645071931929,21.751783207109696,805446.5552828902,-42.17162446165755,20.985993597804576
2002,Banking,0.000550279380771,0.0235700019544904,25.38927490865793,961836.0593958012,-39.3179975257803,16.722728738668668
2003,Banking,0.0016763018367661,0.0163875955787835,30.00938405408194,874818.1828248032,-37.74090922645615,18.19708976347534
2004,Banking,0.0008724665285811,0.0150967911052877,35.72138960896917,838163.6102389878,-35.56437957512685,19.03406462656225
2005,Banking,0.0004384662136959,0.0144464713273071,39.84043805652682,941663.8685451408,-34.375607796147,11.5310420245337
2006,Banking,0.0008043614180995,0.0147436303737197,41.335251481094375,1080010.179118014,-33.503047405074724,3.75200047360591
2007,Banking,-0.0002581781391564,0.0208802337617353,40.539131157690576,2044265.8820274456,-32.11476216887465,-1.9260081767445425
2008,Banking,-0.000346961993173,0.048923834660838,28.9749836967894,4922590.195652174,-30.04696461676069,-28.525888766383613
2009,Banking,0.0011390324092289,0.0495107947531811,18.07210851782634,7317034.919422398,-29.356003975542137,-37.62858089259654
2010,Banking,0.0008721955988947,0.0274934314087897,20.606315083670346,4652118.3056657845,-28.71153506793452,14.022749826586423
2011,Banking,-0.0004973897386076,0.0276059548462816,20.32342660955336,4297862.445216049,-27.413794803365743,-1.3728241704950015
2012,Banking,0.0010781208651356,0.0183921996917666,21.211221621890413,3491810.660194175,-24.33129134138772,4.368333300250327
2013,Banking,0.001024961600953,0.0146363173491776,25.04735028688969,2588412.56505848,-21.937617209263475,18.085373550763894
2014,Banking,0.0002131223608453,0.0135546700278575,28.46049576754889,2328561.3678589943,-19.737118913764256,13.62677265884571
2015,Banking,-6.855309435030146e-05,0.0164662331621708,28.393720693470843,2571649.0415140414,-17.341462424089183,-0.2346237206246493
2016,Banking,0.0013103859595855,0.0191347440613541,29.44775700524273,3167177.9253154253,-14.683024377507603,3.712216243693156
2017,Banking,0.0005942848249812,0.0139355301853241,39.44564185581895,2467100.5026049647,-12.635158051840184,33.95126103762755
2018,Banking,-0.0005084809186292,0.0151277099541216,44.09910350664727,2639633.5682909386,-10.373105116422906,11.79715028554378
2019,Banking,0.0008885513975373,0.0143943546305985,42.92032197691533,2462747.4765974768,-7.884300161779382,-2.6730283293723955
2020,Banking,0.0002489504179565,0.0383545081950988,34.40217886767738,3507099.4519728976,-5.292876844417833,-19.846410084759924
2021,Banking,0.0012058546938929,0.0189274149533637,49.40485053159415,2542374.9603174604,-2.42207132079761,43.60965542799544
2022,Banking,-0.0001548169142547,0.0210104484719183,50.24307865092508,2809664.707492486,-0.7126694636686828,1.6966514629871865
1989,Beverages,0.0003817894407804,0.0212477991380299,3.4728152827611045,202267.46031746035,-64.98526826683478,7.269954621977126
1990,Beverages,0.0008683445435552,0.0315679822718796,4.031469373363751,325158.8932806324,-63.252070473605656,16.0864902137404
1991,Beverages,0.0005901527357811,0.0245961138870974,4.03063119541515,275151.77865612647,-61.17735008675249,-0.0207908797258515
1992,Beverages,0.0004357607667283,0.0250835669599102,3.4884467726521446,201347.21362229105,-60.04562519094263,-13.4516009150066
1993,Beverages,0.0019947778871189,0.0204203916800167,3.60067807707942,251792.45283018867,-58.53021527891556,3.2172285186380822
1994,Beverages,0.00035833356858,0.0257438159720937,4.428317588838664,230536.5340909091,-55.95006770685767,22.985656980214088
1995,Beverages,0.0005012740416655,0.0262364295157221,4.669684561669539,266174.7826086957,-55.31626545397585,5.450534384417849
1996,Beverages,-0.0005488024970867,0.0216952304582621,7.5291120401517615,171907.71653543308,-40.27402203357048,61.23384654187221
1997,Beverages,0.0018388685555672,0.0235454629022192,7.311817886141449,231952.0553359684,-46.82253759329136,-2.8860528685389686
1998,Beverages,-6.610566438452369e-06,0.0330620355583041,7.811779761917136,214633.8132022472,-43.825669862031056,6.837723307131283
1999,Beverages,0.0012346717455605,0.0258151940913484,8.535086583838892,228775.85978835975,-42.74854834082305,9.25918092888278
2000,Beverages,0.000191057970074,0.0246737284772716,9.273683720795566,258427.05026455023,-40.20639443678502,8.65365722657343
2001,Beverages,0.0002536326622587,0.021374533036859,9.572416200913407,303286.6935483871,-37.736851106912326,3.2212925209855747
2002,Beverages,-4.498549923329965e-05,0.0216862782263955,10.7312260192065,296820.3042328042,-32.46946461632132,12.10571912013727
2003,Beverages,0.0011010927696284,0.0161599701637819,10.246815017291478,327331.0515873016,-31.25235262261154,-4.514032236838872
2004,Beverages,0.0010778391028663,0.0160595966261511,13.203693943837331,343024.8677248677,-29.49023216268372,28.856565884678574
2005,Beverages,0.0005404917471266,0.0145255608361096,15.18988647505089,490628.80291005294,-27.811285375289224,15.042703501474207
2006,Beverages,0.0013220759034463,0.0152018551764002,18.724232894649223,415882.8353253652,-25.092458664239896,23.267760594547138
2007,Beverages,0.000887808841631,0.0214093177114615,24.83564553476108,571978.6520584329,-23.96945055399312,32.63905482535574
2008,Beverages,-0.0003336837107896,0.0328103061430429,26.7006703428286,559650.5599472991,-22.86032328034078,7.5094678149482785
2009,Beverages,0.0018180025077461,0.023868498942787,23.518618935315068,512009.126984127,-22.07192453530172,-11.917496327458998
2010,Beverages,0.001546987037361,0.0166798772493167,36.1026149862027,417608.1349206349,-19.36878452938321,53.5065264057311
2011,Beverages,0.0004668596201572,0.0194873302741164,45.30068293324224,358944.5767195767,-17.272325892167526,25.477567069739276
2012,Beverages,0.0012503606769111,0.0146250392936082,56.88068419774373,353608.6666666667,-16.128450188026473,25.56253132334996
2013,Beverages,0.0002254357111328,0.0161266319981362,78.23740345397323,357995.7671957672,-13.422655874221528,37.546523143047295
2014,Beverages,-0.0002504719118217,0.0142285655768497,80.59533730007354,347327.7777777777,-10.19771285570962,3.0138191478804366
2015,Beverages,0.0002453138107536,0.0183462485256941,80.9206303118398,454372.75132275134,-8.556940606580996,0.4036126935670348
2016,Beverages,6.781555145779509e-05,0.0174667558613013,72.02103949160804,498360.3174603175,-8.916344125038325,-10.99792572788405
2017,Beverages,0.0007341995681153,0.0145005499612238,70.29884620998327,404916.7330677291,-8.270172851698012,-2.391236357849902
2018,Beverages,-0.000300029788366,0.0188444234609015,82.74426046880593,498651.2616201859,-5.543461151793537,17.703582533414707
2019,Beverages,0.0002475189095047,0.0161990337736073,95.66569508572736,427822.3544973545,-3.5166854834890326,15.6161098591155
2020,Beverages,0.0004742086930337,0.0307005599438782,137.75112376633996,591749.4729907773,-1.1213218788818606,43.99218407695598
2022,Beverages,-2.138155639944719e-05,0.0218463269250945,95.61775383094444,432678.3774509804,-0.2014777840399408,-44.76334825881473
2007,Biotechnology,-0.0022595495655598,0.0421071963724126,10.364223124971428,125322.70916334662,-0.5227353572176511,-4.252319563612761
2008,Biotechnology,0.0077705310004895,0.0512852874668806,12.357114624128982,332092.0948616601,0.2134830360240121,19.22856614651518
2009,Biotechnology,-0.0018235351846176,0.0394546735341337,15.878293661844165,506306.3492063492,-0.2766403968364012,28.495155582999843
2010,Biotechnology,0.0024219799959603,0.0226813856340446,17.04432537820604,199763.49206349207,0.2951526624372309,7.3435580749074525
2011,Biotechnology,-0.0009500088197771,0.0273690629844134,20.409444434302195,212699.2063492064,-0.0171075014403541,19.74333968300681
2013,Biotechnology,0.0049001275221381,0.0431958986688922,30.38958331706032,185973.80952380956,0.3806457350932977,101.14844607789718
2014,Biotechnology,0.0053323653000624,0.136476202969363,89.2662302501618,345098.01587301586,0.1347886113050405,193.7395663468965
2015,Biotechnology,-0.0004282684953497,0.0331749026066786,86.44476197636317,425821.4285714286,-0.1941448533365092,-3.1607342058600163
2016,Biotechnology,-0.0012626902563973,0.044067582301898,37.95517859761677,705498.2142857143,-0.3161529886390951,-56.093142337536925
2017,Biotechnology,0.003725048041286,0.038453265048079,54.69928286275066,704913.7450199203,0.1818366027471293,44.11546693706048
2018,Biotechnology,-0.0017347797814123,0.0398623703896297,54.41651384574008,688102.1912350598,-0.2385108528819035,-0.5169519639226072
2019,Biotechnology,-0.0008170102544588,0.0453235994074835,34.92988097951526,898288.8888888889,-0.1609478575007152,-35.81014565075875
2020,Biotechnology,0.0026599711359079,0.0526752612591349,46.63031632721189,873848.2213438735,-0.0974255664322974,33.49692303434524
2021,Biotechnology,-0.0029423023909036,0.040187973912495,37.98085324962934,589167.2619047619,-0.1335560865983783,-18.54901222819929
2022,Biotechnology,-0.0005633340761247,0.0513706799975489,17.05410714685416,546492.6365546219,-0.2767101085174785,-55.09814633503372
1988,Building,0.0022570902980076,0.0226212856570692,1.446957877384344,108722.48023715414,-68.08195169356624,14.03062258293646
1989,Building,0.0003679893214433,0.017679331820768,1.843746106657717,107440.47619047618,-68.9905386365128,27.42223774963264
1990,Building,-0.0002079888702586,0.0214824519017587,1.5910569118416829,66568.18181818182,-68.78328290331049,-13.70520560849351
1991,Building,0.0021832121824346,0.0204395242710829,1.87719153062157,82350.39525691699,-68.5274180806936,17.98393361358017
1992,Building,0.0002039099466781,0.0203964095779241,2.458406963451641,108725.93503937007,-68.7356909676382,30.961967564259176
1993,Building,0.0007906641691955,0.0175883690079385,2.924198289398148,74621.88735177866,-61.14113632417787,18.946876284979663
1994,Building,0.0005953620339336,0.0181174137416145,3.1886538884988647,82894.13109756098,-57.69319886712091,9.043695841677902
1995,Building,0.0004601953579885,0.0183382368047856,3.4786462969880887,62751.81878306878,-53.95593726425141,9.09450879994207
1996,Building,0.0019406410508755,0.0199378229080434,4.640027901319068,75907.41469816273,-49.45860661355883,33.386021606638685
1997,Building,0.0013253039625449,0.024507986265121,6.917453458343727,90505.36890645586,-46.42691755738547,49.082152208119936
1998,Building,0.0004438077767832,0.0236984779442579,8.232044474473076,94682.04365079364,-42.87485421014526,19.003973413709208
1999,Building,-0.0005738193254205,0.0233699595633715,8.539708800122916,130802.68786127168,-39.51279545032632,3.737398730095332
2000,Building,0.0003291923252052,0.0249455782117039,8.001418948528313,116076.6617063492,-36.29692051247689,-6.303374789393934
2001,Building,0.0008871826103111,0.0227066635758276,8.051477890822195,107752.57056451614,-36.61105668583014,0.6256258123203073
2002,Building,0.0010433786766157,0.024828524024898,10.123076029713191,213806.96924603172,-37.72911365508202,25.72941473580139
2003,Building,0.0016809163713273,0.0202038524074999,11.88334693061927,194948.6607142857,-34.7869821569359,17.388695844418667
2004,Building,0.0011828725374822,0.0175121066982248,15.79049362431443,240496.60218253967,-34.74346627582147,32.87917719230931
2005,Building,0.0007485929605474,0.0193892526665758,20.009819881783592,345961.0615079365,-37.535941687166265,26.72067357648771
2006,Building,0.0003583270362529,0.0198815380667727,22.43270125047144,395558.8147410359,-35.96089968274861,12.108461660334967
2007,Building,0.0007998932478162,0.0240178746293052,24.664766679722,420504.18326693226,-35.93004363332851,9.950051954637653
2008,Building,-0.0004196518965764,0.0378804394012136,21.01860258419052,484460.77075098816,-25.988286549701595,-14.78288500709457
2009,Building,0.001911836744697,0.0348732122310273,19.878750634571865,422607.04365079367,-15.84084840936239,-5.423062475504503
2010,Building,0.0009059846058569,0.0230028393111026,26.377990362190065,385348.9087301588,-14.579924873854829,32.694407445884146
2011,Building,8.568624650697813e-05,0.0282410482253079,27.736334296446,379271.32936507935,-13.472325941020044,5.149535334590816
2012,Building,0.0012544545600826,0.0192406468854273,31.85231384372711,341184.1,-11.873513469157416,14.839666638314618
2013,Building,0.0009114210875504,0.0151606174473227,41.50424804761001,363539.6917148362,-10.521408622623175,30.30214461416192
2014,Building,0.0006774499739112,0.0160147966642301,47.19254336089309,390729.3216630197,-9.196647809149011,13.70533278125643
2015,Building,0.00053731493257,0.0156749801197121,54.11449895838581,377214.88095238095,-8.131693837164224,14.667477326998046
2016,Building,0.0004936041091719,0.0169863335030689,60.562990466122905,375844.11375661375,-7.011520951595476,11.916384022507543
2017,Building,0.000895068707498,0.0147204504950089,69.98080867346856,367274.7011952191,-5.874290639882211,15.550451083840876
2018,Building,-0.0001977687407558,0.0196100272467896,81.02081905101558,376099.8671978752,-4.824698851070204,15.775768509706523
2019,Building,0.0015940895105069,0.0148997680003945,97.66133502046898,366977.38095238095,-3.396201875599349,20.53856794384605
2020,Building,0.001402495251532,0.0333526678740167,104.26782467871,415983.0039525692,-2.0993123738908186,6.764693168341762
2021,Building,0.0013745491233068,0.0186627776552675,146.4959702163777,345276.1904761905,-0.9106536440313536,40.49968978233616
2022,Building,-0.0005798405469466,0.0246847274894923,140.82800176764738,409892.6967787115,-0.2809721741227728,-3.869026868355918
1981,Chemicals,0.0003307602733558,0.0231465486377169,1.7342740388962592,226467.39407114623,26.79687031263997,8.912602854460093
1982,Chemicals,0.0010988498206372,0.0394017874151189,1.5139442605581208,285692.95691699605,-11.907286023143028,-12.70443847953594
1983,Chemicals,0.0018719809397169,0.0388939702426183,2.2328418108314394,326981.8889328063,-22.75181240026666,47.48507385656951
1984,Chemicals,0.0001678220627405,0.0252957502914191,2.1830160165492725,304521.0110671937,-27.478373480886415,-2.231496832443025
1985,Chemicals,0.0016976505683535,0.0238277415377074,2.9115586839734564,383723.2662698413,-43.13128414700776,33.37321677446064
1986,Chemicals,0.0012617521075225,0.0250742947692652,4.5151880667614845,459014.3893280632,-59.15101979852121,55.0780374654694
1987,Chemicals,0.0011144663093084,0.0327877815904683,5.564397897351231,516343.2443471918,-59.36478017756547,23.237345046898383
1988,Chemicals,0.0009706734066766,0.0272119564639923,5.307967217607632,421056.4922745239,-59.64216055785047,-4.60841737909623
1989,Chemicals,0.0008200179063977,0.0209522744050917,6.240015096113107,409640.36724386725,-59.3902896329948,17.55941286550675
1990,Chemicals,0.0005347951340022,0.0260559470261216,6.827151333990176,334011.2199065756,-61.53988215674481,9.409211818137988
1991,Chemicals,0.0014182620076315,0.0286288625031778,8.07416695174321,307324.94286740926,-60.59090770276131,18.265533554889117
1992,Chemicals,0.0013155284897568,0.0287624858366821,9.155562289003434,303545.80845528457,-57.568202398346514,13.393274423521184
1993,Chemicals,0.0006974604681472,0.0232847368232008,9.856050712297709,292041.5426793124,-53.82999855317472,7.650960161514231
1994,Chemicals,8.884383444755817e-05,0.0243324420248721,9.797201319235974,319864.07380952383,-48.64096773042202,-0.5970889840116622
1995,Chemicals,0.0007663262915055,0.0230994822900657,10.900212564063136,349290.1285714286,-46.02302643424566,11.258431963233129
1996,Chemicals,0.000636593822951,0.0251936154218168,11.323010349367546,340941.15223097114,-44.71924690662652,3.8788031225953423
1997,Chemicals,0.00055818005695,0.0202681195749743,12.704446583444422,323437.9509881423,-43.06288973139112,12.200255863530462
1998,Chemicals,8.166001538655523e-05,0.0232053313799553,12.913223751236206,325182.882010582,-41.981275816768346,1.6433393333626034
1999,Chemicals,0.0004500442903095,0.0320325497661042,12.02572287018995,372736.787826087,-41.20082773688257,-6.872806497767792
2000,Chemicals,0.0004685833171363,0.036335128917546,10.369381680412012,456536.5597718254,-40.7347496732696,-13.773319139789686
2001,Chemicals,0.0008531234844693,0.0263053243930598,10.9882114300985,453180.392641129,-38.83902653207924,5.967855835179359
2002,Chemicals,0.0003611730283598,0.0270714040247439,12.09167869056442,538633.2105654762,-36.67565872779017,10.042282745336896
2003,Chemicals,0.0021699942051456,0.0209512519804173,12.849570554647991,549448.0790513834,-34.65322886786804,6.267879617699257
2004,Chemicals,0.0012848605193189,0.0190628392492887,16.25312838270434,470101.2153775953,-33.869131584126364,26.48771656283253
2005,Chemicals,5.90409799079476e-05,0.0211142674401393,16.292749402031298,650390.9637871737,-32.86031563332356,0.2437747268957846
2006,Chemicals,0.0012769654781037,0.021042463992889,17.311675233093254,688302.8184405236,-29.734953465384777,6.253860572696968
2007,Chemicals,0.0011012585274937,0.0253509296181442,21.509012554124283,1094871.0553974577,-27.13392777239028,24.245702767155297
2008,Chemicals,-0.001207417728894,0.0482168034395427,31.114476475309587,1853637.272131148,-19.389848269464004,44.657856314949655
2009,Chemicals,0.0024284200333373,0.0382394000815414,27.353242073976805,1701397.946608947,-17.173531752751696,-12.088374375565824
2010,Chemicals,0.0018672576600328,0.0255825352705963,34.66759153964028,1422397.1002886002,-17.31328013931425,26.740338296578603
2011,Chemicals,0.000438030743651,0.0298492226753763,42.88492530616757,1459331.2554834182,-16.570253915032023,23.703215024704782
2012,Chemicals,0.0013388997771916,0.0206478647821423,43.93533617438441,1119721.5203478262,-15.345798426259767,2.449370870341161
2013,Chemicals,0.0008375880495758,0.0177457203211219,50.72550884100797,910361.7538066724,-13.649855287888354,15.45492366252208
2014,Chemicals,4.799328923159136e-05,0.0180798296661949,55.70499171991491,859731.9190987449,-12.425743985619697,9.816526226507506
2015,Chemicals,-0.0006503023738149,0.0269608218980373,52.1290773856033,927972.135331144,-11.458086462223878,-6.4193786300002165
2016,Chemicals,0.0012898087493749,0.0322907393163539,49.087397679596826,986354.8643951834,-10.409893431449238,-5.834900325411308
2017,Chemicals,0.0010130999451268,0.021135624735425,59.90903955436798,906929.3179008104,-8.874441728942381,22.04566219909672
2018,Chemicals,-0.0007930898816507,0.0236484816023969,62.90227087570229,991016.8542382196,-7.394130809721906,4.996293286621523
2019,Chemicals,0.0007063365254813,0.0275904318131999,62.15322372689232,837149.4054460864,-5.402729737067888,-1.190810980878787
2020,Chemicals,0.0014846282575437,0.0441350481136652,61.27109544669898,901932.0049066376,-3.493835943547556,-1.4192800104295469
2021,Chemicals,0.0013839606259078,0.0274705975557975,79.72578092019742,845883.7684729064,-1.738670286523223,30.119725033401057
2022,Chemicals,-0.000225778506034,0.0337544121024854,71.80592467003743,900552.1050572381,-0.3379444701830614,-9.933871024841368
1989,Commercial Services & Supplies,0.0004891032087986,0.0253790187905465,3.5297810204681896,169538.16137566138,-48.500025561367806,12.070861153068368
1990,Commercial Services & Supplies,0.0002656639691997,0.0350729071444646,2.6851844061975894,172975.6258234519,-57.74574084931688,-23.92773402579441
1991,Commercial Services & Supplies,0.0019276838024673,0.0245590528793018,4.033198020910557,139549.8023715415,-48.83970204391423,50.201900904893535
1992,Commercial Services & Supplies,-1.3615298059053371e-05,0.0256258836728404,4.094064707127143,111944.16010498688,-53.71327123785793,1.5091420233029895
1993,Commercial Services & Supplies,-4.576926920335124e-05,0.0286706361107982,4.162642910860587,117790.77733860342,-53.21214185560528,1.6750639923706956
1994,Commercial Services & Supplies,0.000797497354953,0.0278683387719682,3.988638925804663,154119.1798941799,-56.209112864595504,-4.180132401026693
1995,Commercial Services & Supplies,0.0008490618633504,0.0273841956279221,4.439757942207276,161330.88624338625,-57.765923342069335,11.31009912890535
1996,Commercial Services & Supplies,0.001113905440725,0.0316179352627533,5.965792010071397,186333.1364829396,-54.899575403795296,34.37201054040877
1997,Commercial Services & Supplies,0.0014292709103289,0.0334311970207875,8.015420307912061,250681.0276679842,-54.43002936923408,34.35634856831247
1998,Commercial Services & Supplies,0.0010203264124624,0.0325559366488788,8.980401517747046,407065.8151848152,-52.87646558130626,12.039059372625127
1999,Commercial Services & Supplies,-0.0004298439863709,0.0359347496269339,8.09174455221368,812809.5476190476,-51.82750992469624,-9.895514847272748
2000,Commercial Services & Supplies,0.0016628206673196,0.0358700143432392,5.999161205489379,664086.5291005292,-52.57723868553678,-25.860719319813764
2001,Commercial Services & Supplies,0.0011164274785687,0.0334374176583861,7.520822286178562,664452.9023297491,-48.83336182207078,25.364563954321227
2002,Commercial Services & Supplies,0.0012592064503149,0.0322298271083036,8.239068861413465,668729.4215167549,-46.04182668617321,9.550106995013907
2003,Commercial Services & Supplies,0.001254652091501,0.0256599193773658,8.783778641221804,623878.5189594356,-44.16312580049318,6.611302672313046
2004,Commercial Services & Supplies,0.0015493373289028,0.0205574635636241,12.424970931056526,542022.3902116402,-38.93075732468632,41.4535980306562
2005,Commercial Services & Supplies,0.0005681826805369,0.0197595525971719,14.909377594589948,569263.7601121345,-34.274805277761416,19.99527143619777
2006,Commercial Services & Supplies,0.0007939794004858,0.0178057507215817,17.612209446211736,655855.5055776893,-30.523132834933318,18.12840163497196
2007,Commercial Services & Supplies,0.0003196802835336,0.0210163206146662,19.6671793088495,819358.5852589641,-29.260668373583364,11.667870910312027
2008,Commercial Services & Supplies,-0.0002252744068673,0.0333960294383484,18.3723556411125,1118461.600790514,-26.429267027465063,-6.583677544213873
2009,Commercial Services & Supplies,0.0004345812040557,0.0288602198649143,14.760963548895122,1151859.9167324388,-24.3335433206931,-19.656663319405983
2010,Commercial Services & Supplies,0.0009119948159794,0.0191328322636237,16.0633899485222,959625.8044733044,-21.699184251249257,8.82345109323548
2011,Commercial Services & Supplies,0.0002532447421728,0.0255802622329755,19.70990777462936,1157391.682900433,-18.32947384128377,22.70079875912263
2012,Commercial Services & Supplies,3.703395580519731e-05,0.0190407747918817,20.11042704322121,1136599.4923636364,-15.20813363906898,2.0320707391001003
2013,Commercial Services & Supplies,0.0015882639314772,0.0176118817424944,22.948373934837303,1195452.034992785,-13.649937719818286,14.111818140493938
2014,Commercial Services & Supplies,0.0003758578044041,0.0163890132135167,25.89641871097972,1012375.601010101,-12.742498247868866,12.846421208376205
2015,Commercial Services & Supplies,-0.0004746282055722,0.0194852726618208,26.521396465631792,1009346.0335497836,-11.245953276437165,2.413375230093462
2016,Commercial Services & Supplies,0.0015493144932714,0.0241039211608945,30.32586450266288,1093291.160894661,-8.949227694937981,14.344900887708434
2017,Commercial Services & Supplies,0.0004058206015154,0.0212379782417288,37.89304385389033,955918.64795364,-6.97958358529384,24.95288914373073
2018,Commercial Services & Supplies,-0.0004392575446148,0.0229717834868652,42.21157710848404,1015227.3962332488,-5.2478350371706,11.396638578957386
2019,Commercial Services & Supplies,0.0008670075175551,0.0229704416162316,50.00806216418227,1063465.0977633477,-3.423183028097477,18.47001602347436
2020,Commercial Services & Supplies,0.001583540725517,0.0436168092830527,52.12461077028793,998992.2306629834,-2.0174652873278034,4.232414763757064
2021,Commercial Services & Supplies,0.0015349505296394,0.0296856134902304,68.18665608412847,844640.4761904762,-0.7594376753775357,30.814705522935483
2022,Commercial Services & Supplies,-1.1874031176141064e-05,0.0270136912893429,69.60997546545597,765793.1908263306,-0.0761269625504337,2.0873869801906864
1981,Communications,-0.0006520682241249,0.0188345590069529,4.007521790478069,717047.604743083,-41.88243630347735,21.331880581521045
1983,Communications,0.0020246339669014,0.0201183046762467,7.580425339725178,1885407.071146245,-39.09392507463569,87.71543672727972
1984,Communications,-0.0008290198954588,0.0235312927719199,6.923258236745601,2166800.885375494,-38.445849253456586,-8.669264236872
1985,Communications,0.0008238307428265,0.0194190895568459,6.500660707080175,1605619.2261904762,-37.167848947761264,-6.104026676665974
1986,Communications,-3.783237079468904e-05,0.022208917419653,7.801962072199041,1708154.209486166,-36.15085192330136,20.01798622871607
1987,Communications,0.0018702678331721,0.0312807514586189,10.57819866474438,2305211.498023716,-35.05950539435608,35.583825797333525
1988,Communications,-0.00038454141907,0.0211374732402789,8.86169092457285,2000090.6798418968,-34.386858418238226,-16.226843478487552
1989,Communications,0.0014911340270231,0.0159364498300716,10.430078199931554,1827835.150793651,-33.15182506477209,17.69851023589275
1990,Communications,-8.193210510329758e-05,0.0243132726953311,13.468907160250094,2229564.14229249,-32.365486501748265,29.13524618001888
1991,Communications,0.0011275516430676,0.0207167342683772,12.720321968138924,1656842.114624506,-31.564920573434986,-5.557876249384364
1992,Communications,0.002005986801541,0.0152468059805729,17.651458330980436,1521791.188976378,-30.64828608234881,38.76581406659925
1993,Communications,0.0025042529906254,0.021254958433739,34.46219347776631,2188752.1264822134,-30.109756231247776,95.23708937567504
1994,Communications,0.0011121816591205,0.0190456842748112,43.48229582347568,1924480.888888889,-29.776662891032373,26.17390663635146
1995,Communications,0.0001777327571311,0.0207933794809275,54.93078555758037,2885916.6507936507,-29.33952132168134,26.3290829458084
1996,Communications,0.0006300761178136,0.02469096434799,47.875667917446826,2599031.251968504,-28.713194615237235,-12.84364963748448
1997,Communications,7.515152168841439e-05,0.0250837328831013,57.921879221799344,2613712.849802372,-28.25247544430858,20.98396062416392
1998,Communications,0.0006387357627008,0.0262008670700118,47.14601964799185,2544704.3492063493,-27.47327552503496,-18.604126313898877
1999,Communications,0.0063526299087091,0.0408862082523794,62.74434615671635,3713615.471354167,-25.23797803045593,33.08513979586587
2000,Communications,0.0016080818637457,0.0599743883315772,104.9471812778049,6937113.976190476,-21.625415461239307,67.2615744782465
2001,Communications,-0.0025167797325028,0.0618045294503932,40.97260839516117,13107492.822580645,-22.292462194891968,-60.95882910213388
2002,Communications,-0.0018710211369799,0.0495367197299292,21.01598565067564,8919426.96031746,-23.71166534142245,-48.70723033303974
2003,Communications,0.0034053270773024,0.028779236268825,19.623635454783365,7720084.867063492,-21.766604704924745,-6.625195786843863
2004,Communications,0.0018386854422391,0.0305454665037697,34.79058574116419,8175408.448412699,-21.277148916232804,77.2891971078876
2005,Communications,0.0003109736883511,0.017186128713791,39.7722151884957,5827126.095238095,-20.96728207775726,14.318900763539745
2006,Communications,-0.0002186410101308,0.0232419238907335,42.56267612578859,8475685.934262948,-20.834480544256223,7.01610640510677
2007,Communications,0.0008658785652887,0.0209689630308035,39.78053772686962,8293887.444223108,-19.698525223981797,-6.5365683085732655
2008,Communications,-0.0028388506133695,0.0426431910322585,23.40082770373981,9538784.16403162,-18.68675632129825,-41.17518505051828
2009,Communications,0.0025106563927508,0.033704107078099,19.94893129477425,8859607.57936508,-17.20972050513821,-14.751172277610912
2010,Communications,0.0011793102339775,0.021138555577549,24.679851270857316,7348781.954365079,-17.17838568557389,23.715154993402358
2011,Communications,-0.000348831773446,0.0260255913574552,30.434967585972377,6504354.831349206,-17.277313726009844,23.319088320077807
2012,Communications,0.0005292717842916,0.0198763618362118,28.62774689292908,5594406.6,-16.408357390683452,-5.93797475860055
2013,Communications,0.0008226529355465,0.0160690839805591,33.83480448382242,4230736.904761905,-15.174923117026108,18.18884877796463
2014,Communications,0.0004208337592813,0.0225118311225277,33.581493160206655,3974800.0,-12.575596619022106,-0.7486708656374241
2015,Communications,0.0008579886034961,0.0186845978815623,32.483612235891755,3305348.412698413,-10.426462740264723,-3.269303479381513
2016,Communications,0.0008202809634105,0.0196734273774839,35.11531355772069,3091757.1428571427,-8.697333432093789,8.101627684500912
2017,Communications,0.0015176869064458,0.0182219347488462,48.11616532071178,3173064.2762284195,-6.34639272358921,37.023311045253735
2018,Communications,0.0003843790401069,0.0212289127892138,65.93581763744987,3339350.464807437,-4.380143992533917,37.034647707196974
2019,Communications,0.0005460674945789,0.0198203801550022,78.03089259667371,2682026.851851852,-3.2579016894884245,18.34370967495842
2020,Communications,0.0008652468195773,0.0273685797571119,76.6196708176604,2696933.201581028,-1.9714116814461744,-1.808542401671132
2021,Communications,0.0023324643625969,0.0170189898925705,111.43767867012627,2130233.068783069,-0.477458610108915,45.4426487100497
2022,Communications,-6.177481538923494e-05,0.0223457013550726,127.40795532995914,2274886.112044818,-0.0261612660698128,14.331128259686276
1981,Construction,0.0019870379517786,0.0268717805031026,3.824879546331951,19741.501976284584,-8.352617845692569,47.15423475029257
1982,Construction,-0.0004898625957611,0.0262261928426066,3.598189746713136,27751.25164690382,-11.465365774779649,-5.926717348163546
1983,Construction,0.0022288311175923,0.0171688985483563,5.468090245453579,37734.91436100132,-10.651983930674136,51.9678124381449
1984,Construction,0.000394564769928,0.0174097905202045,6.10873801904272,21720.447019867548,-11.98355785465777,11.716115587554633
1985,Construction,0.0014269286054368,0.0216723587685341,6.561617628094696,36107.29166666666,-7.015388629232761,7.413636133031387
1988,Construction,0.0022765673561786,0.0196303504536868,9.811567842842562,36428.12845849802,-7.308904940847158,9.238178354722448
1989,Construction,0.000762709390286,0.0184511160201651,12.142102448713212,75170.88392857143,-1.105464168999465,23.75292759730292
1990,Construction,-0.0015419077128425,0.0274557947340648,8.59133403716316,80362.72077375946,-5.346656630959149,-29.24343973004736
1991,Construction,0.0011094603416661,0.0301656512211919,6.388218126937806,77041.47747035573,-12.175590859059112,-25.643467017990808
1992,Construction,0.0008045919058177,0.0335033076606591,6.541330416371503,78470.06771653543,-25.24674977060765,2.3967918188023907
1993,Construction,9.05356132199341e-05,0.029193975259411,6.697836845571344,58620.89407114624,-25.448444175581493,2.392577950322461
1994,Construction,-0.0004093913398212,0.0261103020558678,7.009811300340543,76496.39771359807,-27.833864040436072,4.657838970435324
1995,Construction,0.001612440343255,0.0254850503775138,6.885938547192255,74245.54848334163,-26.384101074660187,-1.7671339190295954
1996,Construction,0.0010549120325684,0.0222953634302689,8.348487636822416,103711.1687992126,-25.16371391308637,21.239647719866973
1997,Construction,0.0017795901814172,0.0211802759370277,11.01217912808545,97735.6313834726,-24.09757734800909,31.90627580873897
1998,Construction,0.0012781788114565,0.0261716352194073,14.433033026814652,128431.45064205458,-22.21462818446677,31.064277641512938
1999,Construction,-0.0001357556653079,0.0308567277644028,16.748672138320075,172648.10515873015,-19.910145827736677,16.044022813522794
2000,Construction,0.0005843426297113,0.0332621361696347,19.07831751264277,183425.7142857143,-16.045669259873183,13.909433267802696
2001,Construction,0.0008906791527565,0.0338932923006297,16.292563739707393,224754.35483870967,-18.918820928578715,-14.60167423615484
2002,Construction,-0.0003733866691612,0.0355651169179962,14.14553717530909,201915.4365079365,-19.424873219272797,-13.177954057443277
2003,Construction,0.0021566266877591,0.0295916866959911,14.11261956521443,270070.3571428572,-17.718923117084394,-0.2327066811723344
2004,Construction,0.0011213908721152,0.0221014907836457,18.971489368355464,318743.7301587302,-15.657161238563283,34.42925518319395
2005,Construction,0.0013067049906481,0.021658790033108,24.45099985523829,393944.88095238095,-15.433380330805193,28.88286934405202
2006,Construction,0.0014905662349006,0.0244264931785861,35.39118949597575,614905.7370517928,-14.727968026561388,44.74332217704247
2007,Construction,0.0006238217428216,0.0250859154934596,47.92182781211884,803707.529880478,-13.646454434872426,35.40609540000885
2008,Construction,-0.0002429329474414,0.0470080763528341,36.864876246358094,1095080.6719367588,-12.809478238566587,-23.072891979643096
2009,Construction,0.0006658172406449,0.0346359043695959,30.317948077406204,870981.9841269841,-11.70407339783005,-17.759257145475072
2010,Construction,0.0005995479863156,0.0223828222202422,31.132719433875312,735710.0793650794,-10.311548279170502,2.68742249438807
2011,Construction,7.637598165219397e-05,0.0287077808132707,32.14441642893685,669604.5238095238,-8.906376971435442,3.24962616006077
2012,Construction,0.0013725084329694,0.0216530173883209,37.67260537834167,505019.76,-7.8352359198147425,17.19797577170594
2013,Construction,0.001139804634518,0.0177759974707575,48.94076085961054,493965.3174603175,-6.894157807552169,29.91074115555341
2014,Construction,0.0002125933153125,0.0179003055945551,56.84343045439039,585170.6349206349,-5.949582336746016,16.147418748656396
2015,Construction,0.0006098974094473,0.0217610856585012,60.888035438552734,746702.8571428572,-4.967606103415275,7.115342884535503
2016,Construction,0.0016786840628553,0.0227272215480861,71.54840712925744,759455.1984126985,-4.201208462434029,17.508155114419786
2017,Construction,0.0006722933950719,0.0181043778697108,87.36871247462543,608120.2788844622,-3.638244010424473,22.11133130719101
2018,Construction,-0.0012561397583967,0.0205281191512572,85.4609405760746,620593.625498008,-3.150971943289661,-2.1835870582445627
2019,Construction,0.0009415699000665,0.022720199406953,82.83175103891463,578432.7777777778,-2.273725300442506,-3.076480927353653
2020,Construction,0.0015234506926036,0.0442948912909087,79.57903474397406,622823.3156854998,-1.4178762230784567,-3.926895488919979
2021,Construction,0.001558486372974,0.0218662438078224,133.6990289945451,420430.27777777775,-0.664548799195041,68.00785461232192
2022,Construction,0.0001389666319605,0.0222398760613349,138.94686671826017,439919.40546218486,-0.0676867683072423,3.9251128173332974
1977,Consumer products,-0.0001793266163149,0.0087644266928727,0.7041139496224267,1076253.9682539685,-72.58821380102644,-7.933979212852549
1978,Consumer products,0.0003204899443718,0.0098853539819699,0.7465394711683667,1192253.9682539685,-71.63377025684187,6.025377223202333
1979,Consumer products,0.0018966390921524,0.0208291276101737,132.39629136585435,641781.0494071146,10664.95795594393,17634.667285394622
1980,Consumer products,0.0014783408553562,0.0228540707521627,143.75212149318318,537803.5095194923,19955.90364539893,8.577151225444023
1981,Consumer products,0.0008793367377661,0.0229079434007602,169.76561542237582,446375.4648221344,25946.32408128372,18.096076537156502
1982,Consumer products,0.0004554648265432,0.0223861846763121,102.27929017804416,743042.3256916996,7984.843723946402,-39.75264665723155
1983,Consumer products,0.0008443469459705,0.0198130782310588,100.80696640057936,814770.852897474,3.691690634916138,-1.4395130968369418
1984,Consumer products,0.0005210397839981,0.0191855068608461,100.91979306060158,651393.490118577,-18.4688882277179,0.1119234751831399
1985,Consumer products,0.0019998984449406,0.0314804476291392,64.18089086890575,741432.8293650794,-12.677654838938944,-36.40406017245239
1986,Consumer products,0.0016388591082912,0.0317695977348933,35.64058259416294,893383.1894031669,41.60987596796352,-44.46854490231136
1987,Consumer products,0.0007898379554433,0.0382297966909227,43.6153526546624,1232666.0959909656,76.35725428437651,22.375532272599628
1988,Consumer products,0.0001841984117399,0.0240729488285535,28.825854718819773,794389.8673066065,60.708250034641175,-33.90892664090761
1989,Consumer products,0.0014872088487512,0.0268783404572922,30.55162793298225,1076659.2556689342,68.70045528724928,5.986893471143984
1990,Consumer products,-0.0008790756102325,0.0365658422352478,18.22760455141224,862176.131564088,35.47931873308948,-40.33835253755992
1991,Consumer products,0.0032958028570753,0.0449824214879288,17.241152484258105,826924.9949181253,74.58747928539938,-5.411857956276023
1992,Consumer products,0.0015770901622451,0.0362468661989727,23.10776639996409,557128.271394799,-11.843457234544818,34.02680836482625
1993,Consumer products,0.0019574910529599,0.0320788135226584,26.190773281835053,550941.9106191061,-12.683863792719483,13.341864499183064
1994,Consumer products,-0.0005307525639042,0.0398878457984806,22.630398780423352,423673.9955555556,-15.79509343655795,-13.594002983795228
1995,Consumer products,0.0026030010912149,0.0348958314714189,18.930186861900864,447399.9125450377,-18.89628100448545,-16.35062622813077
1996,Consumer products,0.0010383132172242,0.0254548697215778,20.864556778437244,491038.0667067308,-19.915158046716904,10.21844068760629
1997,Consumer products,0.0009357252020498,0.0236507605974655,22.894566281847467,530225.4491812536,-21.943552741920776,9.729463822151075
1998,Consumer products,0.0017368778015423,0.0415930806521085,30.211407755541693,601998.1782879819,-20.243360487698524,31.95885601683386
1999,Consumer products,-0.0008940854875219,0.0282514454674468,26.09835395331826,622252.5867346938,-20.412418476339457,-13.61424080434972
2000,Consumer products,0.0003780447991999,0.0337891512300997,20.36019097665608,1061590.2919501134,-16.73378039682367,-21.98668539374532
2001,Consumer products,0.0016220478255881,0.0325654544436489,31.6086927826864,1018145.9403801844,-11.29804730785769,55.24752601253719
2002,Consumer products,0.0012467285992935,0.0333418116303924,51.1038308131536,1360684.098356009,-8.559587359676224,61.67650830895997
2003,Consumer products,0.0022435269559554,0.0226293766719814,74.20976707950781,1162559.5151187906,-5.931485496385945,45.21370687617215
2004,Consumer products,0.0011152362628689,0.0196756834623043,97.21792427143237,1096578.0087048272,-5.758896659121461,31.004216961459782
2005,Consumer products,0.00019985128579,0.0195709063779108,127.70985851951298,1448617.400545635,-4.509305290631362,31.364518916231088
2006,Consumer products,0.0002714564296434,0.0179043915866359,93.8557762901384,1450858.003486056,-5.494822705884079,-26.508589565309048
2007,Consumer products,-0.0011191272772218,0.0276478815494514,60.18124519187616,2203637.875498008,-7.991918174565455,-35.87901824408062
2008,Consumer products,-0.0007137730136313,0.0496279773770576,31.046638052571904,3055850.076581028,-11.945484324047994,-48.41143955465568
2009,Consumer products,0.002590643246571,0.0475261417692879,20.464507876111877,2636639.805803572,-14.283402006823254,-34.08462506807047
2010,Consumer products,0.0009855345178315,0.0250096471388264,27.703913172322608,2198000.547123016,-12.379208629859926,35.375418456366894
2011,Consumer products,0.0001376081494234,0.0275307343056555,26.895868276911123,2008465.5302579368,-13.161689852153865,-2.916717542338953
2012,Consumer products,0.0014824848333978,0.0265312255497085,32.709970418214795,2363727.16425,-11.597450088427804,21.617082897058992
2013,Consumer products,0.0016246692663991,0.0212662889865438,44.78527554907108,2222935.0289305192,-9.614609018263916,36.91628263941218
2014,Consumer products,-0.0001356501946817,0.0213133813533915,44.45076932597016,1733959.297588286,-8.60268708008729,-0.7469111644393012
2015,Consumer products,0.000325684537662,0.0248698217992656,46.502225997951896,1528606.4271094403,-7.258849645716182,4.615120734891698
2016,Consumer products,0.0006363915143402,0.021929545032366,46.70413086846558,1676295.4749373433,-6.507444618534987,0.4341832378574217
2017,Consumer products,0.0012917889862897,0.0173415919253355,57.33813279528467,1340473.6917592788,-5.21405974562241,22.768868040319568
2018,Consumer products,-0.0011569066791799,0.0231611153799754,59.51243147592071,1578070.6416439505,-4.406189542613996,3.792063980176974
2019,Consumer products,0.0009962082794972,0.0252790914515995,55.08809849841453,1348427.2414369255,-3.426357758660744,-7.434300477701539
2020,Consumer products,0.002413863811493,0.0513075777821298,59.141399542724166,1471123.3201581028,-2.276269387947694,7.357852521314179
2021,Consumer products,0.0015580019133114,0.0256280088068893,87.81239708663028,1196048.95572264,-0.9715514779452308,48.47872685730743
2022,Consumer products,-0.0014338450382263,0.0305595745686702,71.83753668529067,1369307.1176470588,-0.3433121195361578,-18.192033165408077
1983,Distributors,0.0001754542541362,0.0144056642428284,2.4169196903470005,297571.0750988142,-62.147546580868905,20.85320273500124
1984,Distributors,0.0005321506523375,0.0184839291901411,2.5025475901577314,226242.60869565216,-70.9309911168063,3.542852505721328
1985,Distributors,0.0009556688170103,0.0132067207300803,2.915041471284533,243874.7857142857,-69.91575304247628,16.4829585159179
1986,Distributors,0.0007509807435261,0.0146275175181044,4.001271917885942,227133.7351778656,-68.69071982868363,37.26295002323772
1987,Distributors,0.0012317180172819,0.0259176559799775,5.137257521331546,267820.3675889328,-67.66030996958563,28.39061245419674
1988,Distributors,0.0002925804187292,0.0165779136831396,5.424295270867027,261147.628458498,-66.8306087642252,5.587373191700218
1989,Distributors,0.0008579939058177,0.0119337833513329,5.91914154991271,295733.03571428574,-65.82241646635644,9.122775482068946
1990,Distributors,-0.0001621676192765,0.0133972853539083,5.938430953873947,276956.32411067194,-64.69409822530129,0.3258817819878246
1991,Distributors,0.0012289941330581,0.0148916226418472,6.763683324745992,271116.1067193676,-63.35124341330576,13.896808387301183
1992,Distributors,0.0003737840985763,0.012037667842758,7.959003037355077,214307.7755905512,-62.17798370875973,17.67261498236945
1993,Distributors,0.0005971375094313,0.0127678287755764,9.386649259936668,209159.8814229249,-60.99335193429816,17.93750066284714
1994,Distributors,1.3566062453245526e-05,0.0110378686298101,9.619781009734623,210676.7857142857,-59.846762018154855,2.4836525083875127
1995,Distributors,0.0006883692093552,0.009602725613792,10.774475252817547,263415.4761904762,-58.45985449545596,12.003331904483527
1996,Distributors,0.0004933420466001,0.0101588423212243,12.568540513046145,286485.23622047243,-57.183351836815056,16.651068549806602
1997,Distributors,0.0007312977016692,0.0128075896559816,14.160970145063438,330784.9802371542,-55.78190055188436,12.669964586296633
1998,Distributors,0.0001319855098114,0.0122648050034538,15.389902724160088,275111.507936508,-54.53759750912993,8.678307817244146
1999,Distributors,-0.0009061443967223,0.0164752241521663,13.960911588063317,326016.2698412698,-53.20753834388661,-9.28525125667914
2000,Distributors,0.0005921332197155,0.0189095235467016,10.794031926563807,455136.50793650793,-51.11203090447943,-22.683903135717976
2001,Distributors,0.0016281612690836,0.0151233204439507,15.490905327181665,374170.96774193546,-48.63852606438272,43.5136141209568
2002,Distributors,-0.0004321918784791,0.0159746113511318,17.670792572082036,401425.79365079367,-46.98566567332371,14.072045492882568
2003,Distributors,0.0005005943096126,0.0103574198363491,17.402761758319915,453797.2222222223,-44.898422780756654,-1.516801313063798
2004,Distributors,0.0013056237237644,0.0109437745129319,21.37874966575986,500205.1587301588,-42.902390941626,22.846878918738867
2005,Distributors,0.0001429856469192,0.0092644715656851,25.576438843257844,385756.7460317461,-41.29612690290186,19.634867534938174
2006,Distributors,0.0004717533653123,0.0092248287692912,26.43622029065136,484590.0398406375,-39.524679183444704,3.3616151672348997
2007,Distributors,9.005954179409853e-05,0.0115853200944375,30.549805926136763,614221.513944223,-37.6767670953508,15.560415181364217
2008,Distributors,-0.0003985398038301,0.0221941666609942,26.15069554445772,1224711.0671936758,-35.562444824309736,-14.39979812740939
2009,Distributors,0.0003894263815965,0.0195055799671865,23.3037217079647,1153885.3174603174,-32.51670705299565,-10.886799670980052
2010,Distributors,0.0014458316435836,0.0138604916331545,30.40608691412305,923932.1428571428,-29.544866861672983,30.47738595217997
2011,Distributors,0.0009740430067251,0.0169884443863025,39.27619822063144,1047725.7936507936,-27.06450482555248,29.17215665258257
2012,Distributors,0.0003394654201469,0.0108783043119166,47.28618574523926,847040.8,-24.688415590013424,20.393999133042986
2013,Distributors,0.00123635352268,0.0107960546303114,60.26076083713107,776668.253968254,-22.31156551503241,27.438404869012057
2014,Distributors,0.0011355993494044,0.0101093486519643,70.87557391514854,632489.6825396825,-20.156656032054546,17.614800959295064
2015,Distributors,-0.0006722764243976,0.0121478615913282,73.99271283830915,758987.3015873015,-18.20555791132958,4.398043995936329
2016,Distributors,0.0006048617602048,0.0122127371973793,80.54968694656614,725047.619047619,-15.722295425159244,8.861648474202411
2017,Distributors,0.000172995878314,0.0123251749894394,78.82841087432496,842949.8007968127,-13.492402810717271,-2.136912181152262
2018,Distributors,0.0002348637746019,0.0122147102142143,85.80026974621047,893754.5816733068,-10.81415025686248,8.844347862093338
2019,Distributors,0.0005906870347334,0.011708237043303,93.17434970916264,785776.1904761905,-8.138360276263516,8.594471771200762
2020,Distributors,0.0004386032805108,0.0326556037223641,85.24929339141242,894714.2292490118,-5.081263646546135,-8.505620208230846
2021,Distributors,0.0015332661111391,0.0143324796495397,120.01018923804874,698883.7301587302,-2.025642954610481,40.77558236997416
2022,Distributors,0.0012169530924314,0.0156110568415873,145.22621904902098,824313.1470588235,0.0092595204764924,21.01157407639318
1997,Diversified Consumer Services,0.000877053868357,0.0204935181247834,71.90739933712523,261436.3978919631,-26.73066077967065,7.62756178276629
1998,Diversified Consumer Services,0.0010408071488944,0.0205383262442018,92.96170496309875,264187.585978836,-26.215649032970497,29.279748426534116
1999,Diversified Consumer Services,-0.0036460755638872,0.0348430442766854,89.46387306407645,667831.1415343916,-25.96472643647565,-3.762658936183205
2000,Diversified Consumer Services,-0.0022818219310173,0.0484485646281165,78.96045947942153,542394.9708994708,-25.58100537981993,-11.740396681833898
2001,Diversified Consumer Services,0.0036350337630116,0.0404375951523367,88.27408769438344,475592.06048387097,-24.85946410313359,11.79530650703622
2002,Diversified Consumer Services,0.0001298245318959,0.0343275766251264,97.92505705861188,343855.23412698414,-24.018776624845515,10.932958489065747
2003,Diversified Consumer Services,0.0010532247309176,0.0214060954177267,111.3288317220663,268387.09673202614,-23.522262539090764,13.687788464020766
2004,Diversified Consumer Services,0.0012596057604706,0.0195753265111076,115.1243489472166,325546.3521825397,-22.59356974190347,3.4092850580035305
2005,Diversified Consumer Services,-0.0002099821808127,0.0157296463163638,107.6055658033916,301757.50496031746,-22.15341477109347,-6.53101034888135
2006,Diversified Consumer Services,3.192355783917458e-05,0.015543919278312,97.23618971707812,251372.34462151397,-21.378975041465868,-9.636468159332567
2007,Diversified Consumer Services,0.0008821477434609,0.0203430041119934,101.93363838936703,391771.3625498008,-20.539124955321924,4.830967447363754
2008,Diversified Consumer Services,-0.0024153562656775,0.0378903518806436,77.51701684820323,548647.040513834,-19.91038338393942,-23.953448466047067
2009,Diversified Consumer Services,0.0022237479447682,0.0391887717032741,55.48803103242128,404982.7956349207,-18.006631187410015,-28.41825796640233
2010,Diversified Consumer Services,0.0006454321301985,0.0219394137633958,61.05275153380538,342127.96626984124,-16.473826148794473,10.028686183030477
2011,Diversified Consumer Services,1.6817377290639528e-05,0.0227841715842667,57.626135621752056,278571.21428571426,-14.724844814333684,-5.612549518191623
2012,Diversified Consumer Services,0.0010367869258112,0.0182940607931168,55.59357610797882,245750.706,-12.34344998212635,-3.527148735279773
2013,Diversified Consumer Services,0.0017897761588741,0.018637453971147,72.5632826285347,324900.0860128617,-8.32205691791096,30.524581630790927
2014,Diversified Consumer Services,0.0005457803464359,0.0157736985415755,97.67715105026488,369126.16349206347,-7.519272192847387,34.60960903642254
2015,Diversified Consumer Services,0.0001627350130628,0.0224560985584803,135.27085791145052,324946.54047619045,-6.371090881599599,38.48771842438345
2016,Diversified Consumer Services,0.0003031048548757,0.0268929259865944,114.92045743862788,336038.5714285714,-5.296617770031487,-15.044186742826891
2017,Diversified Consumer Services,0.0004239599198853,0.0148003659860362,136.74949361964525,300394.9003984064,-4.35710601934108,18.994908885282637
2018,Diversified Consumer Services,0.0004190392610876,0.0172594203234595,147.88402828524312,312508.92430278886,-3.4189236283977733,8.14228584755674
2019,Diversified Consumer Services,0.0015638025940261,0.0201749541106004,173.16584569991582,271474.20634920633,-2.6079336591285984,17.095705133152308
2020,Diversified Consumer Services,0.0008152637921326,0.0381570487137478,125.06892735194783,416816.12648221344,-1.6955813015108168,-27.77506046505068
2021,Diversified Consumer Services,0.0011249613989145,0.0200770197085756,171.84534425243498,310602.7777777777,-0.6401045797884755,37.40051017536664
2022,Diversified Consumer Services,-0.0012825784939502,0.0259880029043143,160.29584091450988,369761.6537815126,-0.0793852123572708,-6.720870669012291
1981,Electrical Equipment,0.000202973432207,0.0261823684619661,2.594240887571839,285773.0177514793,73.46196651119111,27.099459507878045
1982,Electrical Equipment,0.0014453114825829,0.0268369362796165,1.7942241013443945,545833.8886091881,-33.07545731736577,-30.83818430509148
1983,Electrical Equipment,0.0010083125070664,0.0223210171609528,4.245020763609897,557863.844367589,31.79811239971967,136.59367636568618
1984,Electrical Equipment,-4.551711368025636e-05,0.0188567112927937,3.1438097221138546,431105.91865357646,-15.29141723287484,-25.94124040419512
1985,Electrical Equipment,0.001650953364267,0.0197067636910417,3.1278156357204683,587286.3575837743,-32.563511733044884,-0.5087485505526068
1986,Electrical Equipment,-0.0002661343784727,0.0263958644252584,3.1911200147005987,680766.9701361441,-38.09807079696548,2.023916571590023
1987,Electrical Equipment,0.0004306379072903,0.0378138693150984,2.7134801178359127,800972.3706631532,-52.38373660263365,-14.96778230415442
1988,Electrical Equipment,0.000783761027926,0.0243132224783333,2.4374966789192416,508395.891523935,-53.8862623748602,-10.170829596377397
1989,Electrical Equipment,0.0002852764780063,0.0215859884556331,2.49386149730264,484642.8434744268,-59.9945279903665,2.312405956113528
1990,Electrical Equipment,-0.0001111604302449,0.0280302174176763,2.301518792587541,433872.7951807229,-62.26509699096623,-7.712645827490283
1991,Electrical Equipment,0.0021925101670663,0.0269678638707992,2.927897513313256,415263.9150197628,-58.58070022976136,27.215885559704358
1992,Electrical Equipment,0.0018270731445579,0.0271525340777644,4.212920947290781,519109.118503937,-50.66681532404091,43.88894857605084
1993,Electrical Equipment,0.0008529308725931,0.0224086358563682,5.410819480494548,564167.2786561265,-48.797643241884856,28.433919083483005
1994,Electrical Equipment,0.0014786583833102,0.0378523637587867,5.787816729130981,492446.2796453639,-47.87112115579458,6.967470454253166
1995,Electrical Equipment,0.0010474771050323,0.0298310146639706,6.979274389343431,587326.1370851371,-46.01623285289103,20.58561485224053
1996,Electrical Equipment,0.0018077528442997,0.0313781147732815,7.818199736044162,544860.5497494631,-47.9658333645364,12.020237347046802
1997,Electrical Equipment,0.0003719551551021,0.02960644841575,9.450658647503476,712981.370104204,-45.568151393443536,20.880240548641996
1998,Electrical Equipment,0.0004371349002867,0.0376036399665051,8.3929553284037,741661.7413419914,-44.57729753515779,-11.191847664280886
1999,Electrical Equipment,0.0013999843396285,0.0353190686886236,9.519442499312133,867889.9231868525,-42.52084753089777,13.42181778444762
2000,Electrical Equipment,0.0016256984123976,0.0533446240588245,16.09762656795127,1706075.9259259258,-31.69667268085517,69.10261886780107
2001,Electrical Equipment,0.0002887119792635,0.0397367908281359,10.831419734604737,1827751.108870968,-30.326486992679214,-32.71418187716575
2002,Electrical Equipment,0.0004846448389069,0.0369861404845226,9.83500412329243,1788590.6498015872,-23.90702718259236,-9.199307530562317
2003,Electrical Equipment,0.0024404328554992,0.0272900015964742,10.642591795396235,1720587.4917328043,-23.85759046496876,8.21136078826019
2004,Electrical Equipment,0.0008834718496652,0.0248034638045741,14.63997047615272,1688534.7797619049,-22.85336531042057,37.56019922220135
2005,Electrical Equipment,0.0006633566166605,0.0238715191584474,17.88468769760359,1640730.8733465609,-21.01466207634716,22.163413694967748
2006,Electrical Equipment,0.0004823684436732,0.0237372455824327,20.6046261462874,2053919.8738379811,-20.9669182613554,15.208196501235305
2007,Electrical Equipment,0.0007533115883739,0.0220058174334384,23.115136433882544,2239554.4737715805,-20.29218685168576,12.184206933778796
2008,Electrical Equipment,-0.0015295678406594,0.040107249751735,19.544003679739784,2901749.9588274043,-19.060509507017965,-15.449325875092546
2009,Electrical Equipment,0.0018129888583654,0.0343747939941692,14.888748743862072,2682971.378968254,-17.334526265459843,-23.819351511397656
2010,Electrical Equipment,0.0013474668803729,0.0269355241723243,19.89141135346627,2153150.0487601003,-16.431892140987944,33.60028902137637
2011,Electrical Equipment,9.90530952041088e-05,0.0269162254475937,23.73725336583197,2219793.362047124,-14.509611134706136,19.334183703840235
2012,Electrical Equipment,0.000900318328693,0.0199465410890797,24.86789077335596,1892995.25,-12.093858310306706,4.763134934353674
2014,Electrical Equipment,0.0001843120943867,0.0171152151446641,39.62126626992909,1425081.7046289493,-8.803842288496552,21.55605665193656
2015,Electrical Equipment,-0.0004530472350124,0.0184294178926848,38.115392863527845,1568863.025210084,-7.172154558783114,-3.800669559983594
2016,Electrical Equipment,0.0007850995732344,0.0195665178467415,37.15098059444534,1435995.4715219422,-6.060621314982682,-2.53024354893987
2017,Electrical Equipment,0.0011560156688234,0.016669594822734,49.17442856813891,1135094.7504101242,-5.112664840317355,32.36374324798108
2018,Electrical Equipment,0.0004204306784907,0.0240446135163528,58.88493229869604,1250553.784860558,-3.8918825474950354,19.747059626939432
2019,Electrical Equipment,0.0014191958711183,0.018283314387809,66.9403164297704,1071817.1101774042,-2.4021411675245337,13.679873299697665
2020,Electrical Equipment,0.0010487675731666,0.034784348339023,78.39586378363393,1190027.9934898862,-1.4478788282820847,17.113076192106092
2022,Electrical Equipment,-0.0005926609918176,0.0239857934563894,104.35120120145164,1068691.2048937222,-0.2817197238362033,-12.990574667065768
1981,Energy,-0.0007763997187375,0.031981844565606,46.8546355891845,165354.80048587912,2153.1180363228245,-20.02330935443566
1982,Energy,0.0002998383267435,0.0544471822914441,12.505620908497088,503622.4531504301,424.2951137757354,-73.30974672784826
1983,Energy,0.000586563134314,0.0282974353387418,7.2580257304140385,507366.9536671058,177.2926737467346,-41.96189230810211
1984,Energy,-0.0002302607314745,0.0276602424538458,4.100481091610716,600013.1072575465,42.2843537667421,-43.504180834905895
1985,Energy,0.0005655468715714,0.0320211033173866,3.042048087257301,729986.2179147113,11.237917700814537,-25.81241031738668
1986,Energy,0.0007552191312824,0.0511736695961741,2.3830793587778043,593265.0644268774,0.9829052271182944,-21.662008935355804
1987,Energy,0.0006479287080858,0.0408968992965244,4.558214272393957,717971.6401787449,31.006020075598997,91.27412839208596
1988,Energy,0.001497618153776,0.0345926345519967,5.582628940112024,536765.5366083193,-25.03304739072716,22.474034929034797
1989,Energy,0.0018473785261347,0.0277578809541319,5.710140246343912,615457.3945887053,-29.589309403750757,2.28407274779987
1990,Energy,-0.0002386521498387,0.029235616067906,7.988807055969857,526304.767829524,-12.539032197957686,39.905618974681566
1991,Energy,0.0003298119268582,0.0326846108285746,7.796446076569485,485375.5098814229,-43.12986617493921,-2.407881152375868
1992,Energy,0.0010961138985869,0.02886924447984,7.950767613200441,432249.3444991268,-46.35705442263943,1.97938310757686
1993,Energy,0.0063604743402135,0.4304356352373611,9.846561230786564,475126.2082587955,-44.43383473766813,23.8441583230101
1994,Energy,-0.0001052546167556,0.0198921717916158,8.418637702648601,445329.8362749319,-47.74054710050113,-14.50174832278881
1995,Energy,0.0009592022311632,0.0190565340156912,9.378104034580003,444876.9579831933,-43.4804140193833,11.396931021625337
1996,Energy,0.0014636787249657,0.0214213478717379,15.88648317054787,506241.4414204251,-35.0668720769535,69.399732738829
1997,Energy,0.0012471383193381,0.0234773129105979,30.422260639259257,580728.817053174,-27.58297235674476,91.49776771022192
1998,Energy,-0.0009423973008325,0.0314244056391733,49.13262613285234,718532.8511904762,-39.10570845223437,61.50221942891309
1999,Energy,0.001107183669416,0.0305800230108714,68.86998903712694,686379.0737662871,-38.07429071265497,40.17160175990935
2000,Energy,0.0019238101376979,0.0302468850068031,57.64783130680895,884216.4923260913,-27.586973186990782,-16.29469945794281
2001,Energy,0.0002441272081462,0.0303258571087364,69.58379924973056,1135251.2206331044,-25.732625384268182,20.70497306203403
2002,Energy,0.0003713051524477,0.0331642920027026,64.9274572794158,1158495.423635865,-23.210816466449387,-6.691704133031784
2003,Energy,0.0020775476309858,0.0206572203135188,69.11647887584184,1105379.2423280424,-22.039997450073727,6.451849143573485
2004,Energy,0.0018081583896237,0.0204170519444665,92.56513810129734,1353944.283324621,-20.315839972449965,33.92629313130631
2005,Energy,0.0016460872087661,0.0225957867134677,134.545520783755,1890529.464775692,-17.055778742981204,45.35226062809632
2006,Energy,0.0006695534323111,0.0217466737357549,129.67915790989238,2262846.653377992,-17.083056456373313,-3.6168895445311433
2007,Energy,0.000993509526001,0.0213298987292203,142.1005296393235,2287448.84182455,-15.826570122151807,9.578541324321456
2008,Energy,-0.0009954374425524,0.048411461389627,91.76764641406878,3155843.782221189,-22.142735185461163,-35.42061620249309
2009,Energy,0.0110042591553678,1.0271210510045643,64.0914042692157,2812804.3763098656,-19.575979167986794,-30.15904104151685
2010,Energy,0.0012124403634025,0.0237119490301447,72.5076529299803,2415243.489057615,-20.0308188411036,13.131634041613705
2011,Energy,-0.0002318895929179,0.0297371736064644,67.17186741737422,2250906.910615682,-21.481467203097505,-7.358927364203582
2012,Energy,3.542835926953432e-05,0.025432665156607,78.74373094747315,1850993.0348572875,-16.75323201854105,17.227247023217096
2013,Energy,0.0014108625432807,0.0253732473078006,113.81070135606086,1617042.6179416024,-13.712663998009273,44.533031374877964
2014,Energy,-0.0004124453517082,0.0288942896421956,129.1932864004333,1938364.84532686,-12.985724211757088,13.515939064682003
2015,Energy,-0.0008786578541222,0.0639973905469262,62.119035595157705,2547053.4695192087,-13.983818768718017,-51.91775259697289
2016,Energy,0.0104861716900319,0.7750455092915837,37.04880535915832,2615888.7494248906,-13.05789312176666,-40.35837001621716
2017,Energy,0.0445308975205988,1.759519322287034,38.15979769626984,2126885.9172949507,-11.777830794015134,2.9987264807632696
2018,Energy,0.0066745393288533,0.6951796274199799,39.43256644594479,2460509.815480933,-10.146264224239594,3.3353655588152176
2019,Energy,0.0043365673203767,0.3783089043324959,30.833722652714737,2604746.565589569,-8.671891932581936,-21.806452301342272
2020,Energy,0.0003940537291366,0.0635652534658843,19.98288756201915,4254252.399774712,-5.73420280432301,-35.191453243937865
2021,Energy,0.0025317546812799,0.0470285847760897,37.06367358550331,3332295.433410956,-1.883073366378913,85.47706616709927
2022,Energy,0.0034712193030474,0.1049614271993041,50.94321557908122,3810950.9982267474,-0.2951563471824499,37.44783139630985
1981,Financial Services,0.0009198553841087,0.0145044302617198,99.17319015108431,825785.8458498024,-0.5247128378151598,53.844502117944224
1982,Financial Services,0.0014384623604176,0.0157333713360658,108.85855160721324,1059531.9359683795,-0.5788933642810884,9.766108603921952
1983,Financial Services,0.0002129633984846,0.0170509946608914,165.9198120911588,960034.7940430924,-0.4042900313624262,52.41780240640694
1984,Financial Services,0.0009658778795461,0.0525148281866042,143.15893101517878,778758.014931928,-0.3968309025996939,-13.718000755373838
1985,Financial Services,0.0032431671067039,0.0378155499867707,221.0466283599516,990403.4166666666,-0.2472740567759506,54.40645357746809
1986,Financial Services,0.0009898212915608,0.0196074688102321,290.7602888035559,1081945.8549432738,-0.2793168511478395,31.53798859581918
1987,Financial Services,-0.0003339200854384,0.0301853659286316,351.62520179524137,1111438.2889328063,-0.2617020994361209,20.93302123276097
1988,Financial Services,0.000980451582629,0.0183205141558747,383.61146756251145,635016.1084070796,-1.1047596656413954,9.096693184664373
1989,Financial Services,0.0010843729978742,0.0169636013378391,623.2247425586544,659679.1904761905,-0.5920765511384134,62.46249011236786
1990,Financial Services,-0.0006363847140354,0.0237816340070965,628.2244604159893,806052.7387711103,-0.7572974587958309,0.8022335308461193
1991,Financial Services,0.0022637584391907,0.0223496042242824,725.0982199569199,1004226.0790294628,-0.5816962928209901,15.420246368118828
1992,Financial Services,0.0008824838580227,0.0206612987267905,747.9783578540704,785605.1661971831,-0.6388093537226122,3.1554536016527246
1993,Financial Services,0.0009173841523324,0.0193450316276065,1077.323501616468,854595.5553359684,-0.6406060128830585,44.03137340862106
1994,Financial Services,-0.0001805859621919,0.018263555370817,1183.3671507811991,776952.8316151203,-0.5196849527234708,9.843250333406628
1995,Financial Services,0.0014526985230035,0.0177539222435787,1600.345764091778,710581.7375992064,-0.3385615254539356,35.23662229725666
1996,Financial Services,0.0016630524469137,0.0212550129813311,1987.4440061619025,618267.1001669449,-0.3701372528212168,24.18841295148546
1997,Financial Services,0.0019125673375505,0.0208762027447104,2462.3675360137977,670122.9759704252,-0.3138763727978965,23.89619674211876
1998,Financial Services,0.0002260359363379,0.0263193848108359,3637.4963395767822,741461.8406084656,-0.2247021814719721,47.72353380947108
1999,Financial Services,0.0009482913318583,0.0243756590506008,3662.368972769846,752240.7186956522,-0.3117051481244823,0.6837844184870878
2000,Financial Services,0.0014588942380397,0.0275362225412494,3032.194072537815,740180.1213450292,-0.2073976945483098,-17.206756198445795
2001,Financial Services,0.0005600048772433,0.0241431538590783,3374.098521763241,897574.953364817,-0.2392407823752771,11.275810223428962
2002,Financial Services,-0.0006284094558247,0.028543058212291,3372.954571170192,978635.83044919,-0.2594220885159721,-0.0339038882732789
2003,Financial Services,0.0016026123687449,0.0185330415845809,3352.263781927709,923483.2092352092,-0.2972343791376535,-0.6134321944130106
2004,Financial Services,0.0008765016205482,0.014541062918622,3848.4000633614432,801740.6056071551,-0.2872030915389659,14.80003704089279
2005,Financial Services,0.0007151938030678,0.0145595832940504,3334.730904899564,876856.1154610796,-0.365139435081597,-13.347602900027166
2006,Financial Services,0.0011541810867906,0.0166771996045912,3213.8932300549477,1649055.141511972,-0.3295650102457803,-3.623610968641444
2007,Financial Services,8.329866984457807e-05,0.0226119854153226,3530.0200490598622,2839479.54754491,-0.4180849658999812,9.836257659359472
2008,Financial Services,-0.0009791208999772,0.0535074127807983,3434.9166394209874,4751462.1176145775,-0.4609834722549711,-2.6941322801892653
2009,Financial Services,0.0025933984274917,0.0459886713569042,2621.883513054743,4507646.030313051,-0.1742682818765813,-23.6696610635446
2010,Financial Services,0.0009704877602347,0.0223831690694785,3258.0980164064613,3123730.1603011787,-0.2002858626132645,24.265551851709372
2011,Financial Services,4.193113262162725e-05,0.0260747011475916,2962.009646262233,2500468.383112981,-0.2398591304268117,-9.087767422994864
2012,Financial Services,0.0010450361273374,0.0190301633906451,3094.7687127341374,1877796.747326072,-0.1591890083206133,4.482060571255508
2013,Financial Services,0.001516442000385,0.0172356484928593,3730.637157645722,1719018.436168324,-0.239204177586963,20.546557883151586
2014,Financial Services,0.0003182498779596,0.0155123259343655,3936.818581698071,1430087.1167721518,-0.2424242013027018,5.526708048511009
2015,Financial Services,-0.0001107332758506,0.0170311484660503,3962.6727704091454,1412844.5669920142,-0.3219651035422154,0.6567279689053684
2016,Financial Services,0.0007707168615417,0.0193240389494063,4039.44299343923,1554790.315329218,-0.0599827701950355,1.9373344073060568
2017,Financial Services,0.0009415416826115,0.0136177704069758,4911.151682229754,1235692.70326103,-0.1503436605432977,21.579923029148663
2018,Financial Services,-0.0004092106420277,0.0171395701162807,5615.46064139809,1256559.7560675216,-0.2347157159835124,14.341014180375833
2019,Financial Services,0.0011292661988105,0.0191669644561502,5520.708023234783,1171456.1200777832,-0.0426237663134145,-1.687352547087162
2020,Financial Services,0.0011082742121485,0.0437663314593956,5362.907145520324,1597317.2040899796,-0.0530117461510193,-2.858344926960976
2021,Financial Services,0.0011614550754428,0.0218727648596768,7094.649441608486,1253370.325001693,-0.065583619379842,32.29111094221908
2022,Financial Services,-0.0005794496178773,0.0405182736180091,7838.012794883492,1300523.6781134226,-0.2228276825037906,10.477802453710416
1975,Food Products,0.0012548496166529,0.0159264512242209,0.3969708773870713,149630.56653491437,4809.803588560538,11.400319854068908
1980,Food Products,0.0007916639332784,0.0233644393885645,0.2724273709990527,585894.7534013606,9757.542242294703,-34.04480912261432
1981,Food Products,0.0009288934777111,0.0181226402177468,0.3085279870217412,416316.7959486166,8862.120243201425,13.251464377569476
1982,Food Products,0.0016239298504317,0.0185346564605297,0.380523276284545,670884.1605731226,13633.990174772498,23.33509188511007
1983,Food Products,0.0008013216061251,0.0159189444357327,0.4954401172758282,753657.479743083,156.05562317645217,30.19968768095844
1984,Food Products,0.0009682311413682,0.0170278645596688,0.5853264593673877,671837.114624506,62.43386775374834,18.14272582240584
1985,Food Products,0.0039899779635004,0.047614938546024,0.8563196003808462,942563.3680555556,-53.076993654319935,46.297777364505954
1986,Food Products,0.001966442535927,0.0213972555583198,1.40655535609708,1015378.5291501976,-60.37814796682676,64.25588710938273
1987,Food Products,0.0007743166466671,0.0254527634580352,1.8331491284573032,1026911.6897233202,-58.10734798703309,30.32897144865585
1988,Food Products,0.0007072419472585,0.0171986993620513,1.8354462326795096,847943.8087944664,-60.49939111513001,0.1253091844273246
1989,Food Products,0.0015500577380564,0.0162124956375192,2.451217574873082,899787.998015873,-58.76271764703627,33.54886300835012
1990,Food Products,0.0004980151064724,0.0179633989287661,2.9068653442245345,769587.9935770751,-58.91511419187139,18.5886301576083
1991,Food Products,0.0017881624317522,0.016492523897698,4.259277420633808,729162.9031620553,-57.6816553969705,46.52475833104188
1992,Food Products,0.0004759168811252,0.0158798610158162,5.231693474891207,679897.4301181103,-56.07335455736276,22.83054044675723
1993,Food Products,-8.052598026135078e-05,0.0156640000786539,5.36168698748581,791410.814229249,-54.358905580477725,2.4847310573237635
1994,Food Products,0.0001642942701509,0.0150373039943385,5.0645259273649685,720116.3990453461,-52.305083813447816,-5.542305263519043
1995,Food Products,0.0013079935920563,0.014988980146071,6.3933110065508565,730832.9686948854,-47.9844056634613,26.2371068534986
1996,Food Products,0.0008086376619217,0.0155949272211631,8.065445139221945,883267.9173228346,-45.8527226521262,26.15443126351509
1997,Food Products,0.0012145420409407,0.0198316385056799,10.206023849846462,868422.0380667237,-44.49693360791759,26.54011866270054
1998,Food Products,0.0001768435626937,0.0215986647435521,11.686356149237564,883884.6414141414,-41.26836411921239,14.504495787684956
1999,Food Products,-0.0003253959844096,0.0319808369813555,10.428156952364276,959363.2247474748,-40.70429054354558,-10.766394424453472
2000,Food Products,0.0004282539924362,0.0495399347708313,8.329162452014698,1101858.003190358,-39.06224693056159,-20.128144502789567
2001,Food Products,0.0016122316642122,0.0256552055509914,9.63050584046144,792784.4712382191,-37.12834369645104,15.623940533564308
2002,Food Products,0.0005022631393507,0.0327818138608534,10.983546008566288,797336.800976801,-35.49474863205747,14.049523363769833
2003,Food Products,0.0013386782378924,0.0185941761254386,11.5885269282811,804060.0204517704,-34.15107227973751,5.50806560324848
2004,Food Products,0.0014049081951035,0.0161167416120912,14.704452032534922,797290.6651404152,-32.51626827308869,26.88801711846218
2005,Food Products,1.1357521663313356e-05,0.0162477167354939,17.58854823874083,909299.834409865,-30.27926051001565,19.61376187174189
2006,Food Products,0.0008345561653427,0.0176080970476145,18.34562099685571,956321.6354581672,-28.398695275837188,4.304350466216067
2007,Food Products,0.0008995460501875,0.0200549510615126,22.139114067374,1227945.265224815,-26.991289868748368,20.677921293416347
2008,Food Products,-0.0003433820954444,0.0339902549457601,21.914068033909277,1888176.1936758892,-25.744115187550463,-1.016508758118606
2009,Food Products,0.0010888244999602,0.0236194069874477,18.962046123956608,1695101.848639456,-23.8818073993628,-13.47089871850714
2010,Food Products,0.0009228612164126,0.0154897958093363,23.18310306158736,1537505.9889455782,-21.787343127931745,22.260556218655523
2011,Food Products,0.0003609102567366,0.0183583403565301,26.7042068699964,1416933.7743221691,-19.28523103842002,15.18823342610782
2012,Food Products,0.0005824902648436,0.0131319437886122,27.681459102204418,1168730.956314336,-17.24355970035758,3.659544119642111
2013,Food Products,0.0008780048779307,0.0132657136676396,34.61951677241023,1066524.064732143,-15.849077902607217,25.06391604788383
2014,Food Products,0.0003469950686643,0.013097419337361,37.6446278603777,1078469.531498016,-14.281063586369392,8.738166704794438
2015,Food Products,0.0003425025020558,0.0162394352149984,40.85467972109715,1231501.660218254,-12.851878012305882,8.527250880591497
2016,Food Products,0.000606843320762,0.0174707857886185,46.63825489060273,1494391.6086309524,-11.004827977617348,14.156457005631529
2017,Food Products,3.9396202310516425e-06,0.0155636432467591,47.404623001457686,1427913.3082669324,-9.653040032288205,1.6432178104703654
2018,Food Products,-0.0004445121594623,0.0177284543457743,43.77803855730718,1754035.6322211155,-8.031283935107206,-7.650275889840941
2019,Food Products,0.0009756216211602,0.0161510445932249,46.65009247736325,1485885.9174107143,-5.484124688660732,6.560490178874612
2020,Food Products,0.0002634256931168,0.0275527169127849,48.58325864121377,1444625.9881422925,-3.720904165699297,4.143970700140787
2021,Food Products,0.0006913050682072,0.0186446372792332,56.98342924411335,1487864.4717261903,-1.692286185160221,17.290257668664523
2022,Food Products,0.0002828275033856,0.0211459058400987,64.32085760175681,1490700.8219537814,-0.2763396266149854,12.876424699205804
1981,Health Care,0.00048912371859,0.0170321581451698,1.3872431457708307,816478.1822766571,-29.44901479696704,6.506524664759827
1982,Health Care,0.0015331987258758,0.019529668425333,1.534541812594072,1057903.7121212122,-26.106849337518568,10.618085753193164
1983,Health Care,0.0003984633147772,0.0221202875228572,2.113327549579846,1395159.5184956845,-34.37151802019313,37.71716953136413
1984,Health Care,-0.0003266723000287,0.0191882450187368,1.6141679067485488,1450737.8859023587,-37.30284266007756,-23.61960610084016
1985,Health Care,0.0023013643225908,0.0208806971474274,1.6895309800599954,1450007.398313492,-30.92360268499347,4.668849690070465
1986,Health Care,0.0001462215944424,0.0227480950372325,2.213799385103607,1760697.9268774705,-31.643679533414264,31.030410879177552
1987,Health Care,-0.0005304343629108,0.0325100624901219,2.3253609405410853,1821127.3824110671,-35.786226800339946,5.039370603685356
1988,Health Care,0.0011740648549784,0.0223348496992922,2.0644103588845595,1490146.7435770752,-45.63818944182333,-11.22193880128586
1989,Health Care,0.0016883304027998,0.0185051803789126,2.420961309512633,1905280.543154762,-49.07471580276604,17.271321522564207
1990,Health Care,0.0004178294402433,0.0240690725293688,4.965927198845288,1921280.6358303248,-30.966576810350187,105.1221215032546
1991,Health Care,0.0024629658838883,0.0245183602424051,7.848106264963347,2477430.31181379,-23.939544339133384,58.039092211989015
1992,Health Care,0.0001976616942067,0.0235084214765592,8.596475521080297,1289677.3433526012,-21.695687866772776,9.535666705456425
1993,Health Care,0.0010041168414276,0.0239705574006771,7.146027350400019,1450821.8084800574,-23.62515866764002,-16.87259118139155
1994,Health Care,0.000931967859765,0.022749960500982,7.409418531095483,1377517.298701299,-26.392718902480738,3.685840646561744
1995,Health Care,0.0012355934888937,0.0193965283696691,8.393817497796311,2083029.646825397,-26.30614102131313,13.285778938921467
1996,Health Care,0.0002105302551465,0.0222319052236806,8.42241025567469,1943987.1949270328,-29.000401420734207,0.3406406904353787
1997,Health Care,0.0008225267533395,0.0255752887477978,8.944316670973636,1928744.6135603527,-30.91188126636279,6.196639672679294
1998,Health Care,0.0007432442608479,0.0284177820910717,10.448185148911598,2011606.7643467644,-31.96759545439464,16.81367658659001
1999,Health Care,0.0004668652279077,0.0284977366111601,10.354277863243414,2076673.2475579972,-31.76607802394209,-0.8987904055085205
2000,Health Care,0.0027596701382101,0.0345747842465152,17.195148404958296,2399425.2059863945,-23.594285058708035,66.0680602941828
2001,Health Care,0.0006221582302373,0.0323743091619827,19.582334148697555,2002585.390372984,-22.460971284109718,13.882902825374298
2002,Health Care,-0.0002343251325909,0.0307235267480609,19.079582512822174,2478272.090525794,-21.81250572863673,-2.5673733889829298
2003,Health Care,0.0017355677558396,0.0227172745483171,21.529452332799096,2327632.271219043,-18.30170842537587,12.84026953069082
2004,Health Care,0.0006715240906537,0.0214103019013627,24.65658236902301,2065541.0873015872,-17.84177787883767,14.52489356387334
2005,Health Care,0.0002086034740664,0.020326142168314,25.723299322092902,1931923.3537462305,-18.676568136143555,4.326296877259228
2006,Health Care,0.0003681055658558,0.0198050216013405,27.809762123149284,2425462.274679061,-18.62902809542952,8.11117879915344
2007,Health Care,0.0003541271316022,0.0198251677925172,30.073695639848392,2712649.654271801,-18.13827359838292,8.14078706129806
2008,Health Care,-0.001047966440379,0.0506184772606878,25.519393345970148,3408564.013614405,-17.751374123542256,-15.143806562448814
2009,Health Care,0.0105085659651475,0.3786009655652282,22.622539225126783,3722790.9629709832,-15.235325872849566,-11.351579097395812
2010,Health Care,0.0003360699865156,0.0219022620410478,26.091096555808235,3504419.6823412697,-13.144892820176493,15.332307731525274
2011,Health Care,-0.0003273163008557,0.0288058649964457,28.66686301266863,3364398.795436508,-12.201054074681062,9.872204686188237
2012,Health Care,0.0010497993697057,0.0296488224992654,29.29821676903732,2656288.153665229,-10.934589346501692,2.2023817398146184
2013,Health Care,0.0012366802809824,0.0191872750562493,35.49544834990274,2439027.159027128,-9.157889056246091,21.152248376477047
2014,Health Care,0.00099405394102,0.0197500746162236,42.33522600172058,2023443.558080808,-7.928878624653677,19.269449942971573
2015,Health Care,0.0003072541245002,0.0201170807290264,52.4206384483827,2005425.612193362,-6.762898688788908,23.822743845166272
2016,Health Care,0.0001119639781825,0.0235677230007937,53.70821660787168,2239820.61525974,-5.851951302200617,2.456242803598885
2017,Health Care,0.0007983778247353,0.020785992537229,64.44228194227084,1896440.0948931547,-4.736844861119488,19.98589045093322
2018,Health Care,-6.585507715338211e-05,0.0263647107659781,81.10640217303389,1840928.9489315464,-3.515314943602394,25.858985325335347
2019,Health Care,0.0012752060408027,0.0262003600951721,90.74640317836946,1667336.6845238097,-2.4096224292202075,11.885622770899662
2020,Health Care,0.0023189279729569,0.0505843014078692,105.2596022693793,2053160.458677686,-1.5617135304010008,15.993139763879082
2021,Health Care,0.0005349052366995,0.0254333939720943,131.60728384203898,1564713.974025974,-0.7780380861122284,25.031143007011323
2022,Health Care,-0.0008598897440457,0.0336410654050867,129.32911831826382,1778651.8496944231,-0.167975130257421,-1.7310330076483529
1982,"Hotels, Restaurants & Leisure",0.0013763315199112,0.0223169782765737,5.846730726038515,1043.2648221343873,991.8221495077992,6.434062733342727
1983,"Hotels, Restaurants & Leisure",0.0046231819741706,0.042648710763836,14.418981084710524,2907.090909090909,9660.70940507762,146.61613062656275
1984,"Hotels, Restaurants & Leisure",2.8267923388968355e-05,0.0278611587614968,6.80101236884684,220961.52286282307,1068.479877473381,-52.83291982358976
1985,"Hotels, Restaurants & Leisure",-0.0006975440701154,0.0228060012476972,4.819515217982588,328148.49603174604,268.1520257687201,-29.135326380831582
1986,"Hotels, Restaurants & Leisure",0.0007260489325037,0.0361655424765762,3.634047464301935,500323.2391304348,176.53542727230754,-24.597240595017368
1987,"Hotels, Restaurants & Leisure",0.0007098057320805,0.0314260434428629,4.004090370408251,368273.30205278593,61.8896776683218,10.182665739546092
1988,"Hotels, Restaurants & Leisure",0.0014797038816077,0.0192289779590933,4.764329851154876,149788.52099031216,93.62503843481632,18.98657149112024
1989,"Hotels, Restaurants & Leisure",0.0016446082334025,0.0186702129317583,7.065951120877076,158301.74801587302,100.692081131151,48.30944417427956
1990,"Hotels, Restaurants & Leisure",1.9500391459271265e-05,0.0379389317448342,6.767467660512849,109911.28359683797,47.760124102005975,-4.2242502850370345
1991,"Hotels, Restaurants & Leisure",0.0023983385624035,0.0319592281779961,6.516342702531532,155280.6057312253,13.130267829202507,-3.710767019199712
1992,"Hotels, Restaurants & Leisure",0.0021410493863723,0.0283743630819031,10.048669472219435,163976.32874015748,-21.722631177080963,54.2071976711052
1993,"Hotels, Restaurants & Leisure",0.0019888086645181,0.0251311694039293,12.905577358012462,212508.38734177212,-24.09157939529488,28.430708102114764
1994,"Hotels, Restaurants & Leisure",-0.0004187179416473,0.0234520214762974,15.282131372936188,265969.6857142857,-22.616551826067376,18.414937580830014
1995,"Hotels, Restaurants & Leisure",0.0006060341936271,0.0210188509890557,17.638254438223463,429090.67696629214,-17.41145800435697,15.417503015710476
1996,"Hotels, Restaurants & Leisure",0.0006211865201325,0.0196819850067782,20.62202568937119,374240.505389981,-16.40108400854538,16.91647697677874
1997,"Hotels, Restaurants & Leisure",0.0011656566735425,0.0197667246828584,21.39557582223272,587484.9045783132,-16.932637885594666,3.7510870392341022
1998,"Hotels, Restaurants & Leisure",0.0010729406587398,0.0249760374540845,26.073710445478905,668507.6913580247,-16.494473641869266,21.86496246754437
1999,"Hotels, Restaurants & Leisure",0.0001857377243048,0.0260480485285686,27.3384341201244,829451.393738977,-16.557652995681803,4.850570375436525
2000,"Hotels, Restaurants & Leisure",0.0003134633866086,0.0290681167561023,19.78749020976724,904676.4982728844,-17.8452026535697,-27.62025022054483
2001,"Hotels, Restaurants & Leisure",0.0012297299226964,0.0303247187577139,19.760696371140018,992629.4971774194,-19.34432590066237,-0.1354079690914722
2002,"Hotels, Restaurants & Leisure",0.0003528386345179,0.0252792947891012,25.55402731687304,1154842.2206349203,-17.714614443098217,29.317443256676047
2003,"Hotels, Restaurants & Leisure",0.0015324706089654,0.0204585370294112,26.99368266680884,991524.4718253968,-17.793289749958063,5.633770881137057
2004,"Hotels, Restaurants & Leisure",0.0014700232178922,0.0159486010942091,36.49780969066167,948966.187712024,-18.01940362135506,35.208708426949855
2005,"Hotels, Restaurants & Leisure",0.0004222754056487,0.0165455420271955,38.97143687993761,1044790.7843915344,-19.771553692367227,6.777467498025902
2006,"Hotels, Restaurants & Leisure",0.0009073178285099,0.0188895450313994,41.241346209167446,1135366.3597166615,-19.437331147094906,5.824546157286736
2007,"Hotels, Restaurants & Leisure",0.000221670387459,0.0214938679254016,48.73048316354661,1262309.2270916337,-17.649867683303924,18.15929314333202
2008,"Hotels, Restaurants & Leisure",-0.0020006169733163,0.0510588195968762,30.48908926991932,2234032.9477044693,-17.65627581352407,-37.433230104463576
2009,"Hotels, Restaurants & Leisure",0.0025195231163134,0.0473466452814533,26.168562711758927,6176649.084554334,-13.762846643131546,-14.170730125491303
2010,"Hotels, Restaurants & Leisure",0.0021981157790502,0.0245985398191996,42.31483661546264,5813544.195639535,-11.821076672896556,61.701034487646254
2011,"Hotels, Restaurants & Leisure",0.0005235781852816,0.024941862486071,54.15539817051396,3941182.33769354,-10.584832159061689,27.98205665462634
2012,"Hotels, Restaurants & Leisure",0.0009648580596993,0.0190623827239445,58.51652472662926,2322314.24575,-9.691300373260942,8.052985858185057
2013,"Hotels, Restaurants & Leisure",0.001508347758161,0.0148982942047442,70.14163512971405,1814741.0825710755,-8.434645622693159,19.866371862296404
2014,"Hotels, Restaurants & Leisure",0.0004627318393805,0.015817533263464,88.10021213422326,1760676.2705909726,-7.057474718175503,25.60330532828059
2015,"Hotels, Restaurants & Leisure",0.0001287249113713,0.0191570134275167,95.88091802392056,1885351.6014109347,-6.469794962692689,8.831653978134767
2016,"Hotels, Restaurants & Leisure",0.0009222491950885,0.0189837783875092,87.31600640170159,1775759.1307319223,-6.166249001448855,-8.932863596573181
2017,"Hotels, Restaurants & Leisure",0.0009764771486207,0.0147693341948759,100.9953579548029,1510383.8802567509,-5.576624396266177,15.666487871844236
2018,"Hotels, Restaurants & Leisure",-0.0003389727834566,0.0196050056031988,111.53088272351404,1668750.4094732185,-4.3862083469595285,10.431692091656286
2019,"Hotels, Restaurants & Leisure",0.0010436334051799,0.0173850110001996,124.60282761142368,1371849.7574955907,-2.3865036632171743,11.720471109616426
2020,"Hotels, Restaurants & Leisure",0.0010091694231806,0.0501546530292592,137.47672815630716,3362724.1106719365,-1.0040873829928367,10.33194895466658
2021,"Hotels, Restaurants & Leisure",0.0008320622303773,0.0227187846633918,199.6121090569614,1864092.5925925928,-0.5792147030601009,45.197017512671714
2022,"Hotels, Restaurants & Leisure",-0.000305233415751,0.0296567016823235,178.9972819406,1943387.322595705,-0.2213717212974857,-10.327443166525908
1988,Industrial Conglomerates,0.0009317334438531,0.0160257982011252,3.496695076524033,1261288.8063241106,-55.63508227303152,-16.07273482214342
1989,Industrial Conglomerates,0.0006112229374419,0.0159617037085788,3.942213422722287,1347521.238095238,-52.98038922175946,12.741126590915975
1990,Industrial Conglomerates,-0.0006573160433439,0.0163459478609464,3.837025067551805,1060599.347826087,-50.59443157216915,-2.668256227940191
1991,Industrial Conglomerates,0.0023285190887662,0.0211751621049044,4.235713607237744,1491958.0671936758,-47.42744309089285,10.39056385264432
1992,Industrial Conglomerates,0.0014631707240918,0.0158968481029338,6.925502168850636,1570301.0511811024,-46.08716615143652,63.50260690469571
1993,Industrial Conglomerates,0.0012179803727038,0.0139447444374543,8.976460471926,1340790.442687747,-45.11827657177525,29.61457888642527
1994,Industrial Conglomerates,-0.0004151415810468,0.0156060410943918,9.538644851200164,1139851.853174603,-44.4508098250755,6.26287366866265
1995,Industrial Conglomerates,0.0015098542504817,0.014811201264016,11.373296987442744,1132474.4603174604,-43.20723762094969,19.23388662501404
1996,Industrial Conglomerates,0.0015092606397685,0.0139218904350666,16.473973841179074,1346205.724409449,-42.31382048234568,44.847829607966695
1997,Industrial Conglomerates,0.0008322453868774,0.0197631061371696,21.69678872753038,1387087.6877470356,-41.59916025302608,31.703430736888304
1998,Industrial Conglomerates,0.0008149692262853,0.0215236494399049,23.17280406043643,1532148.7936507936,-40.72766500196264,6.80292070610975
1999,Industrial Conglomerates,0.0013482037689919,0.0225038207323415,32.35353344962711,2113471.226190476,-39.871380020856805,39.61855183881347
2000,Industrial Conglomerates,-4.864212323110739e-05,0.0372066231397485,26.634692366161044,4749554.96031746,-39.22255085605288,-17.67609430472261
2001,Industrial Conglomerates,-0.0007744141311061,0.0312143397898499,23.121860592595997,6147245.375,-38.09253695028822,-13.188933160076775
2002,Industrial Conglomerates,-0.0007664492769907,0.0314883529367041,18.998167435328167,4181313.154761905,-36.82757329999415,-17.83460781952947
2003,Industrial Conglomerates,0.0015955229405245,0.0182768272787495,16.585417478803603,3814946.753968254,-34.79863182177185,-12.699908897728308
2004,Industrial Conglomerates,0.0004079694308352,0.0137349308415853,22.426335281795925,3508456.53968254,-33.139161558189976,35.21718889775971
2005,Industrial Conglomerates,0.0003662516669614,0.0124896681497928,24.034358539278543,3978549.01984127,-31.741318419971357,7.170245326653513
2006,Industrial Conglomerates,0.000932011996109,0.0118731780351881,27.128599789988,3852293.215139442,-30.182787600945776,12.874241039770771
2007,Industrial Conglomerates,0.0013939303410254,0.0135700249906041,36.998470496371446,5084514.45816733,-28.674723890654956,36.38179184620503
2008,Industrial Conglomerates,-0.0019650934670623,0.0289616760277853,33.41111901626285,6384808.490118577,-27.63863021074645,-9.69594535120153
2009,Industrial Conglomerates,0.0011416890014085,0.024433180051101,24.510430570632693,6527518.178571428,-24.811004263045263,-26.63989925419066
2010,Industrial Conglomerates,0.0014491841431793,0.0160640843477228,32.65157312817044,5564646.825396826,-22.370275752599795,33.21501241717109
2011,Industrial Conglomerates,0.000401075982206,0.0205687596457136,40.90430500393822,5084764.103174604,-20.52938837518577,25.27514323237203
2012,Industrial Conglomerates,0.0004791392841748,0.0127898662705557,31.38927001600728,2164618.9930715933,-16.03830769104496,-23.261695772645066
2013,Industrial Conglomerates,0.0015966082039198,0.0113737169810889,38.67919981858087,1566248.7023809524,-13.80238099920677,23.22427313172945
2014,Industrial Conglomerates,0.0003078408010534,0.010604167319954,46.47039229150803,1489911.0555555555,-12.546144111402832,20.143106655439126
2015,Industrial Conglomerates,3.634631663875373e-05,0.012152790540098,51.096990259866864,1623751.1666666667,-11.141335748137376,9.956012291302097
2016,Industrial Conglomerates,0.0002506579052655,0.0113468497023675,54.69891743432908,1761432.146825397,-9.800168377473256,7.049196354117315
2017,Industrial Conglomerates,0.0011056478257909,0.0093377646757206,67.84837976774847,1429019.3804780876,-7.961948876749686,24.03971221040433
2018,Industrial Conglomerates,-0.0008359509645351,0.0132526429106056,76.1156068209158,1568364.56374502,-6.640757393773263,12.184855528557703
2019,Industrial Conglomerates,0.0005019982068664,0.0129830997432139,84.75239212172372,1369887.6984126985,-4.949932696977944,11.346930887811846
2020,Industrial Conglomerates,0.0008206741314149,0.0360525840522806,82.84080747370663,1753753.557312253,-3.051679052489993,-2.255493444092538
2021,Industrial Conglomerates,0.0029536722028968,0.0228450035323947,120.17400939502411,1370742.857142857,-1.2342829177975598,45.06619751765084
2022,Industrial Conglomerates,0.0002226888742493,0.0174314266928553,116.89498842063072,1583621.142857143,-0.0484210120723264,-2.728560851801942
1981,Insurance,0.0004565242949754,0.0151392875377373,3.335356060792768,134413.82540834846,2699.875819978088,8.948611714749678
1982,Insurance,0.0006792515103083,0.0188790529500154,3.5818066699841964,160772.40172475745,2377.9774342210644,7.389034474863543
1983,Insurance,0.0007822712757556,0.0211256958110702,4.643408101725355,198705.94178943583,444.0192469884745,29.63871391042563
1984,Insurance,0.0006599503657069,0.019718741591289,4.078579856579418,264963.98560657987,28.06941861817791,-12.164087945146672
1985,Insurance,0.0018899558007081,0.0161449281044308,5.531458601663189,371678.05709677417,-34.99697781315725,35.62217232893063
1986,Insurance,0.000594146554472,0.0209766773095678,8.539662326685043,447542.75698324025,-31.10163699208784,54.3835530852089
1987,Insurance,-0.0004614566222038,0.0230512617033519,8.550776465623903,531220.3475625823,-38.14331215865582,0.1301472881911181
1988,Insurance,0.0007899465557837,0.0150019776883632,7.546471634028143,288080.4071146245,-40.08245875953416,-11.745188704596565
1989,Insurance,0.001471824676658,0.0142710487845695,10.354085574180834,296083.1753968254,-39.02117871728909,37.20432642312932
1990,Insurance,-6.755791240648477e-05,0.0216475728859789,10.73450255833024,287613.75044069503,-42.3030639468846,3.674076106711177
1991,Insurance,0.0016097514146614,0.0210988108026899,13.58587088472237,256907.7776415788,-40.19624260828792,26.56264983773653
1992,Insurance,0.0011530917316702,0.0183041846756916,14.846610770064297,227737.6493747105,-41.66210415699017,9.279787037867848
1993,Insurance,0.0004608551624265,0.0176899311490503,18.990360488366964,316320.0723758148,-41.21718167984946,27.91040852675848
1994,Insurance,-0.0001231316965269,0.0158305787192208,18.254700205024378,294357.3436948854,-40.82417824182871,-3.873861603592166
1995,Insurance,0.0014024159429726,0.0138849380493858,21.041613128660515,355860.2250313414,-40.01879108087096,15.266823844464316
1996,Insurance,0.0006943593032799,0.0136062796301922,24.29775142454213,376668.1494273443,-39.12853343268493,15.474756027362147
1997,Insurance,0.0014961875434771,0.0154414219872145,34.17469492542885,366903.3122529644,-38.541731082882606,40.64961949898967
1998,Insurance,0.0004114117388727,0.0213615358636036,45.58588393469049,424534.7732683983,-37.72914914729714,33.39075603794419
1999,Insurance,-0.0003768036095828,0.0230339699607163,53.73095222974703,509061.167468377,-36.78215864131396,17.86752299621024
2000,Insurance,0.0022217211606267,0.0276304885568838,62.08256389673188,600474.3457943925,-35.813657799344526,15.543390393072464
2001,Insurance,0.0003711359227626,0.0231524154646525,68.65296955813321,680964.6037344398,-33.630989431814825,10.583334915630328
2002,Insurance,-0.0002829901390028,0.0248446202222643,58.1425645440952,789240.7526927438,-32.149089572596885,-15.309468886321254
2003,Insurance,0.0012719943124154,0.020171455720844,55.6037973918193,858582.9698668536,-30.30458439119891,-4.366451965410823
2004,Insurance,0.0007609923605126,0.0152984910905707,65.98319780889014,943492.4125196438,-29.254777680212637,18.666711454850947
2005,Insurance,0.0006278723167658,0.0137031267533723,67.54834468577492,873662.3714721587,-27.431901108223123,2.372038532321485
2006,Insurance,0.0004826514187737,0.0137714564333593,68.35888135394609,952642.7536105578,-27.54164966618721,1.1999356489661883
2007,Insurance,-0.000297361321425,0.0198474968486922,70.21230269542968,1276623.0934172317,-26.661325206624152,2.7113102273968126
2008,Insurance,-0.0003185869520503,0.0602233054792725,43.801899185634525,2260854.4512224067,-24.035960480514643,-37.61506530324106
2009,Insurance,0.0013986704723289,0.0516211681939968,22.83190922025699,3946900.792950513,-19.346164228215727,-47.87461355615136
2010,Insurance,0.0008676687625768,0.0218963743743377,28.593525656423317,2340855.743347339,-18.027085602025483,25.234930555235778
2011,Insurance,-4.228027792995821e-05,0.0254109776825279,31.98068225539588,2248893.648109244,-15.64457588597674,11.84588651176588
2012,Insurance,0.0010348788350805,0.0187252407057083,36.3673489926934,2244346.3373480025,-13.371135500185508,13.71661399299069
2013,Insurance,0.0016026016775311,0.0142291483640183,45.24851776561499,1802477.256122449,-12.784676239030206,24.420720835895725
2014,Insurance,0.0004066825566152,0.0140539962887723,50.401030158210176,1463462.3886784045,-12.194763406990573,11.387140722012012
2015,Insurance,9.181197020451789e-05,0.0153370401598822,56.18350031995584,1391792.6515652558,-10.82870666901574,11.472920580381674
2016,Insurance,0.0010026670017631,0.017741417793481,60.891000049967296,1414027.529982363,-9.141005066480467,8.378793957661967
2017,Insurance,0.0005435480626894,0.0132347983843875,72.63933914316708,1106928.8052235502,-8.455114429588603,19.294048518761507
2018,Insurance,-0.0003001703566699,0.0167826483168208,75.61748489807432,1200367.815294378,-7.291133577326021,4.099907557029847
2019,Insurance,0.0008726502727939,0.0142123997630719,85.43111513084159,1033651.924754265,-5.23577320693228,12.977990799343786
2020,Insurance,0.0004942954392494,0.0359076473757557,78.6858394361498,1467466.538678713,-3.422118206984558,-7.895572572547005
2021,Insurance,0.0009209210349013,0.0175184764875385,99.09428536964924,1225026.9160997733,-1.851404347087855,25.93661843063897
2022,Insurance,0.0001235105163291,0.0212995719686516,105.84546576683977,1223964.1276110443,-0.3242619293200934,6.812885699722004
1981,Leisure Products,0.0013480108477009,0.0231039528704743,0.1724168964525456,10254.545454545454,-34.71060834051406,7.132867870893045
1982,Leisure Products,0.0007099292568914,0.0198275646171601,0.1932713764576101,16357.312252964426,5.297783566676413,12.095380693042612
1983,Leisure Products,0.0019924220949212,0.0222731291701492,0.2739192713272901,9132.01581027668,-27.6695883670665,41.72780074724021
1984,Leisure Products,-0.001097396347948,0.0170864136072923,0.2611290813081349,5113.04347826087,-51.46691822151836,-4.66932828682689
1985,Leisure Products,0.00398346949562,0.0241015258182986,0.4008426565736059,8088.888888888889,-56.64706031907782,53.50364446792797
1986,Leisure Products,0.0024626343579674,0.0412736904936826,0.7700284940923156,7566.798418972332,-35.75689727770624,92.10243257903288
1987,Leisure Products,0.0029476402230123,0.0601600271780442,0.6913773248727411,44837.80487804878,-49.76210513936688,-10.214059586494384
1988,Leisure Products,0.0065763895463012,0.0663806970020267,0.5783391430073973,51333.59683794466,-59.92267678497546,-16.349709167298798
1989,Leisure Products,0.0052839904919038,0.0443607871754051,0.986224531033446,97482.53968253967,-24.685930802192978,70.5270243174309
1990,Leisure Products,0.0021125110006925,0.0452896500421844,1.0497428787202232,128919.3675889328,-71.36180549525335,6.440556454240465
1991,Leisure Products,0.0017420471264127,0.0130829862409291,1.326813438664312,72977.86561264822,-69.64312445560222,26.394135703199503
1992,Leisure Products,0.0013584909304716,0.0143037305297226,1.9596981223173968,62442.51968503937,-67.1543847972325,47.69959854267098
1993,Leisure Products,0.0016134047635028,0.0154004702449988,3.0458995650408296,74620.1581027668,-64.59912165509512,55.4269777754836
1994,Leisure Products,0.0014598909661581,0.0163387015911736,3.762919035695848,100790.07936507936,-62.61635610653943,23.540483044305734
1995,Leisure Products,0.000157756313183,0.0162541262335042,4.553296914649388,163084.52380952382,-59.67574690816563,21.004381743424386
1996,Leisure Products,0.0006083620611217,0.0208274123644965,5.607346463860489,220690.35433070865,-58.0230144524448,23.149150362232973
1997,Leisure Products,0.0007088158818368,0.0189427373382153,5.601459596939238,163420.5533596838,-56.26316037997042,-0.1049848972092704
1998,Leisure Products,0.003130197801299,0.0570785248129106,1455322.065917254,123851.26984126984,-0.0003690177850995,25981022.25450085
1999,Leisure Products,0.0012250082571761,0.0852912304210288,2467104.5093488377,108222.0925925926,-0.0001280100009475,69.52292328460518
2000,Leisure Products,0.0039412803768523,0.1115976627032857,1092557.843018,94076.58730158732,-0.0002444313917381,-55.71497523198288
2001,Leisure Products,0.0001917758234438,0.0886692948369264,61953.31291863231,146518.87697160884,-0.0042501798421803,-94.32951643571592
2002,Leisure Products,0.0121282649714032,0.1727858937835263,3044.8421308468023,279762.4513888889,-0.1089918687857027,-95.08526342272316
2003,Leisure Products,0.0101577056979741,0.1889478822069524,2405.9464282480467,335973.6345580933,-0.1280854182297376,-20.982884338278385
2004,Leisure Products,0.0078482009696962,0.1681284286576113,1437.6579958230382,189638.0732217573,1.715767520927013,-40.24563560752653
2005,Leisure Products,0.0041148250484423,0.1230673053533705,240.63091956443597,302769.3736040609,-1.2008257587178015,-83.2622974126278
2006,Leisure Products,0.005200501246174,0.0738592095501945,485.382018311753,295456.8939237899,2.94699251560247,101.7122401353654
2007,Leisure Products,0.0004833956218861,0.0561472938440716,733.339093065209,400139.2314507198,0.594982251758131,51.08493215630359
2008,Leisure Products,0.0013310424597807,0.1065269797899725,90.83989927897196,448138.2047904192,-3.716864914710012,-87.6128382984085
2009,Leisure Products,0.0137743592800678,0.2739260356073702,83.30273438138622,311154.0248015873,-2.63269945430219,-8.29719644936957
2010,Leisure Products,0.0113901823057765,0.2799940171051862,176.5153911804396,273518.7281746032,1.9580505622962183,111.89627506378888
2011,Leisure Products,0.0100474672106278,0.2005614791284551,50.22420745354796,288685.7390873016,-9.025352944515634,-71.54683956017908
2012,Leisure Products,0.0062345132343281,0.139012588856964,28.370568508028985,358796.261,-20.09001525992359,-43.512162866345406
2013,Leisure Products,0.0119747803262597,0.2420058012908667,34.311491373065294,295962.02876984124,-19.788460534604248,20.940443485843453
2014,Leisure Products,0.005144159972711,0.1381771472055815,42.066201803442375,437568.8621031746,-17.999657654485986,22.600913338510757
2015,Leisure Products,0.0019943547641964,0.066010742023826,40.5654203062586,393169.1388888889,-16.40110944371926,-3.5676658049526133
2016,Leisure Products,0.0043539338354376,0.072795880866377,33.24450502977134,462918.2380952381,-15.172519110679383,-18.047182110320104
2017,Leisure Products,0.0045733267205098,0.0884603948722995,35.98425919795965,296516.4153386454,-12.448679735940178,8.241224123309365
2018,Leisure Products,0.0012931513317246,0.0737985068797322,41.16878812858998,253070.4093625498,-10.697528088246507,14.40776896950624
2019,Leisure Products,0.0034309539707578,0.0707532136317261,35.37684267034776,224100.87797619047,-8.477799025167993,-14.068778124221629
2020,Leisure Products,0.0034994167949006,0.0794109865598994,38.74372197431535,343885.8199802176,-5.801497732521789,9.517184264693146
2021,Leisure Products,0.0018181531841047,0.050552025035529,52.57127974727487,316847.6369047619,-1.987280409469066,35.6898022913914
2022,Leisure Products,-3.468039648866828e-05,0.0476345849312511,45.53421002328435,224473.8392857143,-0.0161946207512212,-13.385768346937176
1987,Life Sciences Tools & Services,0.0003293537068037,0.0282641903052946,3.898217062469528,103434.1442687747,343.66412796609274,22.557160268244125
1988,Life Sciences Tools & Services,0.000812612196571,0.0204648922792571,3.0675342120671933,60216.86166007905,-28.56360498285328,-21.309302101204576
1989,Life Sciences Tools & Services,0.0014772627053024,0.0175162417512425,4.683269712186995,106055.53373015871,-26.76080308382781,52.672126483993374
1990,Life Sciences Tools & Services,-0.000800262787856,0.0163218915412528,4.7435414776971685,100549.0019762846,-25.34568963309156,1.2869590951239074
1991,Life Sciences Tools & Services,0.0019461565616801,0.0152080835458293,5.694998337581695,149187.90118577075,-23.337208297361496,20.057943297386903
1992,Life Sciences Tools & Services,0.000506886478563,0.0122527665655751,6.765154314792063,139391.72244094487,-23.830847153339167,18.791155216821267
1993,Life Sciences Tools & Services,0.0008559065649586,0.0121578079371914,8.883486442415139,171787.78656126483,-22.67268212515927,31.312399230736343
1994,Life Sciences Tools & Services,0.0004856252040527,0.0133399747807911,9.634546904809891,195190.57539682536,-22.26849341906285,8.454568679350217
1995,Life Sciences Tools & Services,0.0009360227694362,0.0126737785530488,13.1569535424785,216387.05357142855,-20.89963335980513,36.56016907147035
1996,Life Sciences Tools & Services,0.0008841064128772,0.0166846762694625,17.915042926946025,253735.3346456693,-19.70137004281819,36.16406616551142
1997,Life Sciences Tools & Services,0.0004108465200616,0.0169234481389132,17.538626128976997,298097.03557312256,-19.86143379752248,-2.101121384436422
1998,Life Sciences Tools & Services,-0.0012447197532764,0.0221307547760503,14.410613761061716,414904.5634920635,-20.31905419829181,-17.834990864804613
1999,Life Sciences Tools & Services,-0.000360492996917,0.0161181836432289,9.7073066300816,300225.3968253968,-21.44060789914293,-32.63779884024589
2000,Life Sciences Tools & Services,0.0015589733879027,0.0304706832194185,14.28835752512674,401269.8113207547,-13.052211548156942,47.19178109455302
2001,Life Sciences Tools & Services,0.0006795784095546,0.0267020173549442,18.05889751449708,420220.4301075269,-8.714054684111067,26.38889727345968
2002,Life Sciences Tools & Services,0.0001146926223157,0.0214056481853175,19.22148234661294,431713.09523809527,-3.751190896444416,6.437739796588238
2003,Life Sciences Tools & Services,0.0008293443585323,0.0201139761547389,18.8329092358786,419587.962962963,-3.6713237783147794,-2.0215564217544117
2004,Life Sciences Tools & Services,0.0012973044896466,0.0159196951755414,26.500758011505088,483945.6349206349,-3.4711472471091263,40.71515812872111
2005,Life Sciences Tools & Services,4.670771809655389e-05,0.0164312655135073,28.320344268960294,581870.2380952381,-3.712587165773284,6.866166834417542
2006,Life Sciences Tools & Services,0.0016838945964261,0.0169677417332688,31.79033088050832,876655.6440903054,-4.240916042530984,12.252628635419535
2007,Life Sciences Tools & Services,0.0007086495634513,0.0157754767259976,40.71993557802076,1326106.6401062417,-4.085121669486364,28.089058686040502
2008,Life Sciences Tools & Services,-0.0015753437267139,0.02834527799542,40.99704411849674,1675832.674571805,-3.909721124394729,0.6805230326188294
2009,Life Sciences Tools & Services,0.0010725495721395,0.0211015724315577,28.85550744823678,1893145.3703703703,-3.951403822673971,-29.615639203564022
2010,Life Sciences Tools & Services,0.0005021563833826,0.0169522315604856,33.11918725412359,1690402.5132275133,-3.738413477730496,14.775965432371365
2011,Life Sciences Tools & Services,-0.0005135209610437,0.0197249445993649,35.736218959566145,1441322.2222222222,-3.5688276653463338,7.901859684424228
2012,Life Sciences Tools & Services,0.0015398049587587,0.0162738497108543,37.35101695760091,982581.2,-3.029574084453112,4.51865934631146
2013,Life Sciences Tools & Services,0.0020639707052448,0.0118242111949778,54.85104352456552,892791.798941799,-2.4601057008101384,46.85287842853061
2014,Life Sciences Tools & Services,0.0006163218018295,0.0136195788135449,73.0091046429185,932391.0052910052,-2.154913329860172,33.10431297486753
2015,Life Sciences Tools & Services,0.0007655039465126,0.0149642534375154,85.38755003106657,842220.5026455027,-1.643344217402206,16.954659899871416
2016,Life Sciences Tools & Services,0.0004976688357332,0.0146398466779651,97.94207531056075,857865.3439153439,-1.3286967405506798,14.702992737145504
2017,Life Sciences Tools & Services,0.0011696284611046,0.0127026905414332,119.324800448272,761547.1447543161,-0.9752365485785764,21.83201149241487
2018,Life Sciences Tools & Services,0.0003983976748397,0.0163136810193047,145.43359238218025,750920.0531208499,-0.7639062897323894,21.88044047492588
2019,Life Sciences Tools & Services,0.0011920554471589,0.0234412782850125,158.09600167026906,738754.1760722348,-0.4200795584177323,8.70666060067724
2020,Life Sciences Tools & Services,0.0026628889673911,0.0319984339085553,208.82218695252308,922904.0513833992,-0.1881411433132466,32.085685119381104
2021,Life Sciences Tools & Services,0.0008118282267188,0.023679459191475,323.3616055023102,775341.0714285715,-0.0474906476112723,54.85021501849721
2022,Life Sciences Tools & Services,-0.0021293805134665,0.0371753680635726,282.74494351609417,964933.6439075632,-0.0952158111713567,-12.56075591383896
2000,Logistics & Transportation,-0.0002690380411232,0.0255755083507266,34.3737345725771,1121580.9523809524,-42.00370846934752,-11.32340775095322
2001,Logistics & Transportation,-0.0001540696601151,0.0138058505472862,32.93289230715844,1165285.4838709678,-41.21965298528709,-4.1916954422757
2002,Logistics & Transportation,0.0007154776284053,0.0131192824813081,36.33345183115157,3068396.031746032,-40.444093106415394,10.325723875925627
2003,Logistics & Transportation,0.0007558218058567,0.0084816952168179,38.58005358680846,2492528.571428572,-39.69013426975143,6.1832874181546815
2004,Logistics & Transportation,0.0006319197589746,0.0076672520658,45.4712885296534,2126917.0634920634,-38.79760814153625,17.86217047972487
2005,Logistics & Transportation,-0.0003666874372959,0.0121980179373007,45.52514480409168,3013129.365079365,-37.94735482601618,0.1184401766032294
2006,Logistics & Transportation,0.0001444332966792,0.0121552486101235,48.36962354135704,3188802.7888446217,-36.70339896305535,6.24814868685426
2007,Logistics & Transportation,-9.436487573002408e-05,0.0097786843886537,47.42167613420828,3965875.298804781,-35.3099805549812,-1.9597990179481937
2008,Logistics & Transportation,-0.0005625115608658,0.0247998893910679,42.69385955267744,6143126.0869565215,-33.6391651307294,-9.969737400573177
2009,Logistics & Transportation,0.0005114321772488,0.0207910409864021,35.82444279534476,5178601.587301588,-31.31602710371878,-16.089940870435736
2010,Logistics & Transportation,0.0011532371027187,0.0144571861798598,45.8969478304424,4908235.714285715,-29.10603801240315,28.11629225509273
2011,Logistics & Transportation,0.0002427909387113,0.013686731277263,51.56195925152491,4761595.238095238,-27.123153782791405,12.342893566715652
2012,Logistics & Transportation,0.0001918946829592,0.009016931865041,56.80844934082031,3801039.2,-24.89596813571788,10.175117791204258
2013,Logistics & Transportation,0.0015560303765972,0.0088316390134666,68.62847820160881,3358180.9523809524,-22.47736868778933,20.80681482762301
2014,Logistics & Transportation,0.000366546695266,0.0085648763719619,80.0978272453187,3077502.380952381,-20.50616810692834,16.712229885116425
2015,Logistics & Transportation,-0.0003827992898748,0.0122728679940527,82.29502317640517,3223053.9682539683,-18.28454046382398,2.743140490386886
2016,Logistics & Transportation,0.0008464844677949,0.0082412680311466,89.16733877999442,2681655.5555555555,-15.690114988861694,8.350827715131647
2017,Logistics & Transportation,0.0003234864990076,0.0098326789557709,97.02823368391668,2715122.709163347,-13.248933677924596,8.815890449885133
2018,Logistics & Transportation,-0.0005432647676139,0.015916836895183,101.45625265660988,3478465.737051793,-10.66513609416895,4.563639679475262
2019,Logistics & Transportation,0.0009773970686302,0.0152616200139608,102.50758864387632,3136346.4285714286,-7.405863209757471,1.0362456327110747
2020,Logistics & Transportation,0.0018988897360939,0.0259492122608368,124.5338234882581,4481176.679841897,-3.996485982297992,21.487418771407786
2021,Logistics & Transportation,0.0011606236142083,0.0155032942491122,187.7239799499512,3134459.9206349207,-1.6696567370745268,50.7413606132884
2022,Logistics & Transportation,-0.0004797559378051,0.0201372600591033,189.68550116274537,3211476.3529411764,-0.078022212423118,1.0448964555924922
1981,Machinery,1.5124379668739906e-05,0.019274967234876,1.2996845917353308,155960.45542380324,61.0788764185206,15.07005679976736
1982,Machinery,0.0004783821974321,0.0213445156636775,1.0990563447623594,211606.7114624506,28.933000362483902,-15.436687350820543
1983,Machinery,0.0013839396529291,0.0208328113055911,1.5819138469837923,237427.5928853755,42.08068814928591,43.93382600651268
1984,Machinery,-0.0003444553621256,0.0189550976968753,1.540528203567288,228437.66842336408,51.31353091155234,-2.6161755581957657
1985,Machinery,0.0009572261717334,0.0161348123712687,1.7167871739958434,273411.73412698414,15.055509142579677,11.441463390310249
1986,Machinery,0.0007281694236724,0.0183500541985506,2.276408327813388,355343.0067539046,-13.075345070049012,32.59700225480013
1987,Machinery,0.0010122721987442,0.0291063110493001,3.019050326613569,471712.3245059289,-15.824916382712672,32.62340897836764
1988,Machinery,0.001283968997766,0.0187280181522336,3.3665833611851155,452026.190513834,-41.10968537503884,11.51133624729499
1989,Machinery,0.0010166684023218,0.0145493590347567,4.318766559459387,431356.2547619048,-40.030899814939794,28.28336910508229
1990,Machinery,0.0001981154877451,0.0187863262712807,4.691687879708445,477229.7134387352,-43.8711327647199,8.634903394633554
1991,Machinery,0.0011739324593364,0.0191960557949367,5.260984178801221,380122.95327102806,-44.51984652578119,12.134146893167872
1992,Machinery,0.0010747404903388,0.0193935408916778,6.485099855380186,293975.2969160105,-44.15099783759053,23.26780759979201
1993,Machinery,0.0014385662104084,0.0176176897858766,7.587366202577244,382568.7435014093,-42.38930438097871,16.996906320302728
1994,Machinery,0.0003755897682317,0.0188343857765264,9.496203463357997,397476.6052406722,-38.829028015623926,25.15810110934631
1995,Machinery,0.0006640800652734,0.0206699499850482,9.97316827022592,318784.2264331974,-38.02778508941383,5.022689422234228
1996,Machinery,0.0006562844954398,0.0210904583608232,11.22787664645024,267098.30152848543,-36.87634342239179,12.580840333057974
1997,Machinery,0.001173641320732,0.0227971535742507,13.915038803404803,282949.9511741456,-34.9420883276503,23.932950472911752
1998,Machinery,-0.0009855485157051,0.0291432970136609,12.7834906696675,339321.67763772176,-34.81001154637998,-8.131835992152837
1999,Machinery,0.0004634461330844,0.0361910303371148,10.397659750857036,346088.05438842205,-34.670159261390886,-18.66337591555905
2000,Machinery,-0.000154361624083,0.0356509739652715,8.545109169858566,386750.766573296,-34.349344154826575,-17.816995606590915
2001,Machinery,0.0009944432784777,0.0325422010439411,9.54007507091038,377443.4542220114,-33.12567769894012,11.643688585763057
2002,Machinery,0.0003105357106964,0.0308123338146771,9.823898011132998,512771.4971827812,-32.147676487213694,2.9750598198964973
2003,Machinery,0.0027011526761054,0.0299822166394962,10.34608968939284,582993.0720899471,-30.39819336750394,5.315524221322976
2004,Machinery,0.0012414386189954,0.0224782855349263,15.235653597421326,658964.563712522,-27.788298686880854,47.26001856567543
2005,Machinery,0.0002275500006195,0.0219258073762362,16.963756555760348,699899.0778218695,-24.42266636430867,11.342493102045248
2006,Machinery,0.0006809853661845,0.022897799666713,19.34190528305192,894927.7841965471,-22.83344409328765,14.01899820640866
2007,Machinery,0.0001876497074117,0.0244006096301373,21.995792942693036,1026885.4309428952,-21.989800747948824,13.72092159900371
2008,Machinery,-0.0010877780571068,0.0430756286047534,18.96054443490573,1281653.9457619677,-20.56587486748329,-13.799222950021472
2009,Machinery,0.0021352975569889,0.0504906208105969,13.62696290520764,1158903.2072310406,-19.63178932598142,-28.12989652279787
2010,Machinery,0.0023054717763174,0.0286645623788845,19.66053190361075,1012955.863095238,-19.048013947025527,44.27669643172904
2011,Machinery,0.0002711594421183,0.0305783085709001,24.518657484897098,1037483.3345864662,-17.720625556284585,24.710041442948597
2012,Machinery,0.000953273727468,0.0228556937412398,26.258890736804837,820110.9938032533,-14.832107212646406,7.097587838892383
2013,Machinery,0.0015015782100013,0.0180807685348965,34.045449155618634,721210.5109599396,-12.952211317687592,29.65303636341368
2014,Machinery,0.0004000225039082,0.0186214657430816,41.86581468437985,829881.7815570673,-11.986295949293163,22.97036967559169
2015,Machinery,-0.0005030528940642,0.0199335000831838,41.72521038368085,792870.644935752,-10.61659875142151,-0.3358451322612255
2016,Machinery,0.0013966689563098,0.0219607589352333,42.00472803329394,770784.4115646258,-8.891045815112774,0.6699011150400613
2017,Machinery,0.0011695744441656,0.0176393829357131,52.62608715027176,607186.779455081,-7.834901898515424,25.286103765650083
2018,Machinery,-0.0008020520721418,0.020796577654085,59.16434155085605,687215.0905469033,-6.3926958392630935,12.423979730650617
2019,Machinery,0.00111474899401,0.0213893311432085,56.80858586911343,609865.3318903319,-4.439376886880124,-3.981715371103512
2020,Machinery,0.0011675660426287,0.0364921262462047,59.379594655633184,709544.1609773625,-2.6536238809479302,4.525739810604224
2021,Machinery,0.0008329593031985,0.0210534008836439,83.49096624426339,561034.108946609,-1.283699399248656,40.60548363198168
2022,Machinery,-0.0001617780007637,0.0244656391709006,76.67569004114208,611111.7154316272,-0.2210742426065194,-8.162890561336134
1981,Media,0.0003924195570244,0.0155525104064519,4.8349098602508604,174788.668972332,611.0030084372789,20.78655566922976
1982,Media,0.0012335403479788,0.0177721502765161,4.952413270750594,178340.74703557312,773.7417938805244,2.4303123304482366
1983,Media,0.0006502182307728,0.0185176666987692,8.106477924177181,559662.40513834,1478.5115725337594,63.68742835043233
1984,Media,0.0007762450439055,0.0193095864736051,8.494510557428885,572684.581027668,1506.5514205880152,4.786698204585438
1985,Media,0.0020752801852462,0.0166321392234426,13.720701355427977,848655.2152777778,5736.409638938215,61.5243310684748
1986,Media,0.0009668890726251,0.0196661636346863,17.58742091766459,867592.5128458499,593182.332289219,28.181646565078267
1987,Media,0.0009143317716275,0.0258400293964737,19.2077970802784,1123326.501976285,307.8557266723657,9.21326765419208
1988,Media,0.0005070176212291,0.0155968865701925,20.0890870629092,932247.5296442688,-41.28612939892107,4.588188738914067
1989,Media,0.0012853785055267,0.0151953925482882,23.267817520137346,953293.373015873,-39.98369324995824,15.823170297753798
1990,Media,-0.0001735403340497,0.0203485347746783,20.305608621404577,752018.2411067194,-39.43666598281103,-12.730927153649452
1991,Media,0.0012429099023566,0.0186754729845514,21.93112956170037,732436.3833992095,-37.95962549770688,8.005280563628592
1992,Media,0.0010709016758325,0.016163610003105,25.47077681194609,916863.6811023622,-36.48329706172421,16.13983101183818
1993,Media,0.0010775208763209,0.0225672927757005,23.726011994318352,1306552.3675631622,-34.500149651455864,-6.850065196321098
1994,Media,-0.0004348234525616,0.0200413959052501,23.718624888431457,893967.0171957671,-32.607352163955795,-0.0311350507985253
1995,Media,0.0011889996160541,0.0233905157075671,26.45976957797058,1268987.2255291005,-31.063779276569495,11.556929216735876
1996,Media,0.0005359222279006,0.0181233164831873,31.39970892863324,1038683.2677165356,-29.747843664267094,18.66962346783045
1997,Media,0.0019648735458533,0.0192897722233133,37.98031129628145,876397.4110671937,-28.37654365801242,20.957526652890056
1998,Media,0.001024044473711,0.0248982358049028,45.56644850243967,921346.5476190476,-27.41694181781893,19.97386789955289
1999,Media,0.0019464924780201,0.0253581948929758,49.74186091574411,975555.925925926,-26.59093507628732,9.163348363831524
2000,Media,-0.0002846523066872,0.0308312133989934,44.966272268018095,1009992.1026592456,-25.79690776599719,-9.60074383991224
2001,Media,-6.911204911200403e-05,0.0273958123986555,49.15366226819254,1092336.094470046,-23.789704961480787,9.31229072140074
2002,Media,-0.0007614621208171,0.0325033816586907,50.36152277592899,2290023.429705216,-22.233921761205817,2.457315390145532
2003,Media,0.0012374076472847,0.0219883501374817,52.53230594047884,4691249.608843537,-20.215923410908072,4.310400172385975
2004,Media,0.0001403508687363,0.015205729544914,65.04781850449352,4373508.044217687,-18.781604756222983,23.8244111693769
2005,Media,-0.0003829621846065,0.0148482080188576,60.83153396673219,5022807.769621682,-17.82538130769339,-6.481823118280394
2006,Media,0.0010530327582712,0.0163908092279545,43.750518682943394,5086932.878486056,-16.073755947385933,-28.07921183301104
2007,Media,-0.0008230519609098,0.0230387380387581,38.94119710466301,7041234.910358566,-15.521009666933857,-10.992604712033616
2008,Media,-0.0028588545092825,0.0761524024088619,16.535731158178784,7730033.809288537,-16.556895673691415,-57.536664541320135
2009,Media,0.0053114822489341,0.0733060568717645,8.887602851160668,7659797.415674604,-17.128458564648124,-46.25213263240104
2010,Media,0.0009552374486837,0.0321994743852463,13.225563527986644,7319412.341269841,-14.607077285211645,48.80911928079081
2011,Media,-0.0004440037341415,0.0403551489559046,12.21658435579212,6321403.268849206,-16.75809009942739,-7.629007036709035
2012,Media,0.0014635445863026,0.0287063274672101,13.159545330162056,4544189.157740993,-15.862958460220804,7.718695724659419
2013,Media,0.003415808029211,0.0272044501076762,20.82449014797432,3392475.7171394327,-13.360964046103078,58.246273906165925
2014,Media,0.0005817925715086,0.0210177630307653,26.482143821729537,3563131.924410541,-12.345553093955264,27.16826982823184
2015,Media,-0.0001535070998296,0.0218873053128701,24.273372731196183,3088890.882936508,-12.466908074546414,-8.340605297675996
2016,Media,0.0005723442385693,0.0218508952430887,23.816987818195702,2574894.050925926,-11.82553185988398,-1.8801874714918896
2017,Media,-1.3374133654822596e-05,0.0226301060252416,24.534517084450084,2844369.046063378,-9.973779448461045,3.012678478620212
2018,Media,-0.000727997232135,0.0268906771586242,23.56328320601668,2930420.9289295194,-7.175965249261021,-3.958642736232909
2019,Media,0.0017848577375668,0.027281477143495,25.77696932146068,2452767.338435374,-4.336605764962254,9.394642062778225
2020,Media,0.0011429443226437,0.0468527654190376,31.786624334301543,3321130.9807031457,-2.5323042430561307,23.31404804767918
2021,Media,0.0027937850984248,0.0627358241145969,54.06119658448228,9352239.42395149,-0.92491617375518,70.07529964779499
2022,Media,-0.0014650976875719,0.0363343299985009,36.45509989081216,5336401.037834997,-0.3344661938371088,-32.566975586929146
1990,Metals & Mining,-0.0009011199082016,0.0391245531079989,7.4779555019405155,69169.44532279315,-35.320297857916145,-12.865649840250905
1991,Metals & Mining,0.0025157978229169,0.0985431090339419,6.773380377404089,75076.6662601626,-38.241703289897536,-9.422028846702691
1992,Metals & Mining,0.0016032997425011,0.0403036363202114,7.964596317696759,71007.92007874016,-35.11108931830014,17.586727363880982
1993,Metals & Mining,0.0022496193676365,0.0465889579572495,9.32431725554551,177208.39169960475,-34.579958304403426,17.072063461993036
1994,Metals & Mining,0.0006098045663739,0.0362417719332248,9.87179866002834,152064.89502361062,-32.57426158651821,5.87154415147364
1995,Metals & Mining,0.0013017872063466,0.0302256089802409,26.67536599590888,141280.7140115163,-12.881275755491233,170.2178895110519
1996,Metals & Mining,0.0001281079325624,0.0353657194360775,20.21827806625565,153481.33156572704,-16.33426041061858,-24.20618307783869
1997,Metals & Mining,0.0021197220063557,0.114097507188298,10.211229128610627,196332.26640316207,-26.821340664818145,-49.49506038472588
1998,Metals & Mining,-0.00019424302512,0.0452117037295258,7.898740339992342,221770.21627188465,-28.82498058068092,-22.646527264175987
1999,Metals & Mining,0.0024306128620967,0.0698226404150172,6.595503402580641,286968.99677579367,-29.82224133818268,-16.499300917808934
2000,Metals & Mining,-0.0001171074231939,0.0434179408625324,6.401853530447364,315202.6351686508,-28.38220332992256,-2.9360893371309094
2001,Metals & Mining,0.0005378369418916,0.0693668420008875,6.297215461417856,399469.42086693546,-26.262052388274427,-1.634496455313239
2002,Metals & Mining,0.0020795310893808,0.0513379122732839,7.5225030779894,892294.4208829365,-24.60349349083834,19.45760986071872
2003,Metals & Mining,0.0037568873156935,0.0446933156204333,8.654512857537974,959357.4784366576,-21.584139387293288,15.04831261366708
2004,Metals & Mining,0.0011457009369477,0.0361672822405237,12.01204626580876,1161020.788220551,-23.507335301728844,38.795174997590046
2005,Metals & Mining,0.0019015938984469,0.0389370949623555,13.730883780428044,1480685.071219716,-25.110986909657,14.309281504449434
2006,Metals & Mining,0.0021992830129879,0.0380414181508539,22.966693135653195,2175308.810100167,-21.50150104882408,67.26303639966602
2007,Metals & Mining,0.0015235204635809,0.036063976425582,25.97117289794424,2042456.851176917,-21.755101081328498,13.081899708177524
2008,Metals & Mining,-0.0008518950538705,0.0583653502287032,24.19011275855337,2724920.252023339,-23.23437477797209,-6.85783482474851
2009,Metals & Mining,0.0028992459912376,0.0419913793750254,19.68023359905069,3127826.484315949,-21.40222507469956,-18.6434813451129
2010,Metals & Mining,0.0023379686491613,0.0294549887927968,28.720257175792888,2715320.813130387,-19.62076106608572,45.93453391314548
2011,Metals & Mining,-0.0008127151060595,0.033193508451463,33.050259320042336,2346922.773418169,-17.575672871739467,15.076474133731033
2012,Metals & Mining,0.0003812592768646,0.0268825313053291,26.629545189401377,1933274.8078260869,-17.288872862459925,-19.4271217918926
2013,Metals & Mining,-0.0006017421614348,0.0293921493956224,22.07024144739664,1974744.1020168068,-17.372152891592044,-17.121222723020256
2014,Metals & Mining,-0.0002625307892246,0.034593957675813,22.261983841294136,1925723.023418442,-15.707007341159663,0.8687824931798094
2015,Metals & Mining,-0.0017861679063449,0.0416191937198108,16.246857438830155,1992180.9857142856,-15.259111722595136,-27.019723153811743
2016,Metals & Mining,0.0039462411108722,0.0663240835359344,17.6229923269231,2880317.651904762,-12.181543898907249,8.470160418863326
2017,Metals & Mining,0.0015421473727121,0.0577156278606974,19.76967092771588,2325778.936414343,-11.469983846036332,12.181124300401835
2018,Metals & Mining,0.0003135742109385,0.0533601098967695,21.411043254338296,1912297.4916334664,-10.409583062635177,8.302476721154273
2019,Metals & Mining,0.0135007053377012,0.8842093179727094,21.43180307588768,2526871.726825397,-7.418902410771155,0.0969584774678455
2020,Metals & Mining,0.003402918779905,0.0776804855348142,22.7949820425622,2905248.53770751,-4.910023558785981,6.360542609726538
2021,Metals & Mining,0.001113829688785,0.0611830150715327,30.781457572784525,2997517.1271428573,-2.687933449391942,35.03611240101083
2022,Metals & Mining,0.0028462577693575,0.1437660323461642,30.49171574205885,3048253.033311236,-0.6186767484847188,-0.9412869096291576
1998,Packaging,-4.410980482459269e-05,0.0237945164150814,18.997804595364464,417024.4556878307,-40.02101656385925,0.4098340929669541
1999,Packaging,8.827754606113054e-05,0.0286482900792274,17.12328408824073,566175.3445767196,-41.74579609920673,-9.867037518541087
2000,Packaging,-0.0006993001241296,0.044739528310209,12.301575639403564,777527.932416953,-42.96485921961968,-28.15878323334269
2001,Packaging,0.0013304225043206,0.0415853984124526,11.569154096638552,672860.1532258064,-44.258276416019896,-5.953883992055198
2002,Packaging,0.0013066648351296,0.0362588451761106,13.856495064537542,879121.810090703,-41.96963240957889,19.77103035185246
2003,Packaging,0.0004878372544334,0.0223441535863992,12.865529156461054,775833.5328798186,-40.996302991218094,-7.151634691608511
2004,Packaging,0.0010920706516681,0.0201731999114583,15.355255455657195,702012.3253968254,-39.04793174950241,19.351915252905115
2005,Packaging,-0.000276031811999,0.020309089126137,15.424243761703812,839858.0572562359,-36.43854721516017,0.4492813958441699
2006,Packaging,0.0009495292253839,0.0188410221029378,17.35511524438451,824512.9567444507,-34.627931579799615,12.518419136209303
2007,Packaging,0.0002010377452276,0.0220538756785881,19.96929670506468,1109242.126351736,-32.48854617686916,15.062887361269617
2008,Packaging,-0.0014395329261361,0.0466864963189238,15.679559607952749,1671561.7396950875,-29.659810802866037,-21.48166337787928
2009,Packaging,0.0028168523551181,0.0422150101841672,12.899558565784204,2013974.689342404,-25.31689909282711,-17.73009645474044
2010,Packaging,0.0008125661367182,0.0220488916856618,16.74058849335798,1682450.455782313,-24.417455561713428,29.77644473634953
2011,Packaging,0.000381933816064,0.0245194464266419,19.09801983387292,1623108.183106576,-22.27839517732491,14.08212943917877
2012,Packaging,0.001078104543795,0.015038356534639,20.34134260259853,1214640.73355445,-20.218045187538934,6.510218229642906
2013,Packaging,0.0015377241000513,0.0154633323624639,26.839021512440272,1229772.933531746,-17.655431349135235,31.94321553293973
2014,Packaging,0.0006562651357547,0.0143685135434098,32.20911687872712,1488156.7703373015,-16.153748337971017,20.00853631641426
2015,Packaging,-0.0001009110968958,0.0162102496819262,35.892209496289965,1376055.763888889,-13.845077566943498,11.434938223951695
2016,Packaging,0.00092367301861,0.0167174986305701,38.69889454236106,1512835.5124007936,-11.355243498797533,7.81976112772107
2017,Packaging,0.0010154555390756,0.0123528694989524,50.06505970223491,1277656.657370518,-9.62356373472875,29.370774783843203
2018,Packaging,-0.0008075857015759,0.0178323571464152,51.75766772435481,1583954.017430279,-8.394750986272125,3.3808169453642734
2019,Packaging,0.0012257755291924,0.0152750023581195,53.64378748905091,1466262.664186508,-5.847692945191923,3.644135927339276
2020,Packaging,0.0011924586803415,0.032262286733771,56.420865035104185,1376938.336462451,-3.6357059830439664,5.176885667553033
2021,Packaging,0.0005801292309849,0.0154483659042643,81.56104021791428,1187537.466765873,-1.778516083892138,44.55829446636146
2022,Packaging,-0.0001150254629865,0.0207627637358255,77.24370300869982,1300697.4343487397,-0.4521992595955142,-5.293381739221847
1993,Pharmaceuticals,0.0015011728401944,0.0421124099265562,5.867984620298547,1780307.6525336092,-43.35625547063881,2.243076236185804
1994,Pharmaceuticals,-4.117675195900467e-05,0.0230531659957265,5.105410721671346,1607720.138888889,-46.32918370065603,-12.99549927225957
1995,Pharmaceuticals,0.0016262038129228,0.0189655775396944,5.783512127746473,1598934.424603175,-48.924537829330816,13.282014769090678
1996,Pharmaceuticals,0.000740701279736,0.0202609057139392,7.325206122797452,1790327.2637795275,-49.63719742676944,26.656708951204266
1997,Pharmaceuticals,0.001505667431291,0.0248851612217824,10.24238537158817,1842865.513833992,-49.821108695913615,39.823852051233
1998,Pharmaceuticals,0.001011258598658,0.0332153396803152,12.630096074711116,1613246.130952381,-51.49781119452969,23.31205687443014
1999,Pharmaceuticals,0.0010275386210926,0.0261717769223012,13.9522887977461,1478887.1527777778,-50.27766787580683,10.468588007674562
2000,Pharmaceuticals,0.0019298461516439,0.0319742790343684,15.03158608086348,2169487.996031746,-48.41342283427071,7.735628890449364
2001,Pharmaceuticals,0.001238308894687,0.0279341915636306,18.34377206253664,2436600.5547850206,-42.70923797445986,22.034840261400348
2002,Pharmaceuticals,-5.485729803346153e-05,0.0248259695500347,17.008158821855694,2337689.50617284,-40.54350667887068,-7.281017427209835
2003,Pharmaceuticals,0.0014365759660587,0.0188294287454793,19.811293006337507,2396015.476190476,-36.69568868776331,16.48111482166872
2004,Pharmaceuticals,-0.0001425090692079,0.018431519604043,20.541657058781627,2422299.4268077603,-36.71893925948865,3.6866046663914354
2005,Pharmaceuticals,6.55085329448351e-05,0.0186073524535523,19.09588500848985,2198862.8158844765,-35.67806317885383,-7.038244510433511
2006,Pharmaceuticals,0.0005748047781962,0.0188258529025798,19.11624513071372,2439057.2111553783,-35.808212976867274,0.1066204693566996
2007,Pharmaceuticals,0.0004412254512892,0.0192001068015796,19.906604553453,2790822.272385252,-33.172128863566854,4.134490938648971
2008,Pharmaceuticals,-0.0004963310967397,0.036103828038337,19.37399402197599,3379162.9177146964,-30.09522432478809,-2.6755468520352266
2009,Pharmaceuticals,0.0021482490496485,0.0533487590924919,17.975770794338995,3132704.4733044733,-27.79343776907504,-7.217010731246143
2010,Pharmaceuticals,0.001407218039666,0.0201491294756069,24.529292377386604,3189119.227994228,-23.33858671448962,36.45752751315384
2011,Pharmaceuticals,0.0009402302668804,0.0210123711328982,30.601266762222902,3340429.761904762,-19.493415951829554,24.753972888488285
2012,Pharmaceuticals,0.0009908702474339,0.015851066273916,37.42412712686712,2941777.4545454546,-16.685619567432223,22.29600629823272
2013,Pharmaceuticals,0.0015365861470954,0.0136117731284282,48.37946394201997,2619636.3997114,-14.057417982954496,29.27345981381062
2014,Pharmaceuticals,0.0008727756214872,0.0172121186832174,68.72063070217425,2787801.443001443,-11.633987971105588,42.04504370807418
2015,Pharmaceuticals,0.0004349300917539,0.0173989567659861,77.98435278750773,2677832.1789321788,-10.156223288359152,13.48026348227387
2016,Pharmaceuticals,-0.000682034703672,0.017873014441982,67.67307468375775,3163816.0894660894,-9.520198984801551,-13.222239763720578
2017,Pharmaceuticals,0.0003063604541311,0.0182646963921196,64.67003341862707,3574721.405287939,-8.128295475624176,-4.437571780452054
2018,Pharmaceuticals,-0.0002031552666269,0.0192777173405264,66.11262735237638,3317269.4675842086,-6.767048311317319,2.230699224184707
2019,Pharmaceuticals,0.0007116700153558,0.017609808071429,64.79303334732937,3765544.696969697,-4.0234933392046415,-1.99597876819152
2020,Pharmaceuticals,0.0005448908220378,0.0254617961131899,70.87774615693854,3508600.503054258,-2.693909022152786,9.390998530646776
2021,Pharmaceuticals,0.0017009443862154,0.0589988702172507,84.32119879392604,3197697.301038062,-1.0447784117100176,18.96709950006144
2022,Pharmaceuticals,0.0002189069840234,0.0244553268813615,88.42179467798282,3100413.6449579834,0.0086492593311214,4.863066396954685
1981,Professional Services,0.0002851631364611,0.0202959655832606,8.270522383847844,274565.60869565216,458.99030073912775,0.6653082125954057
1983,Professional Services,0.0026057104719726,0.0371261563268169,5.94743565310956,173728.30434782608,1311.3206164010558,6.038900463978236
1984,Professional Services,6.818809883774627e-05,0.0239009679905169,4.8516861877069175,67100.99011857707,628.1947607895902,-18.42389778239535
1985,Professional Services,-6.915752908232758e-05,0.0239806223830753,4.887188703886101,65704.58928571429,648.7784684976519,0.7317562349588691
1986,Professional Services,9.653639136233468e-05,0.0301215853908834,3.416696326122453,117049.80039525693,341.53581728605843,-30.088716987628683
1987,Professional Services,0.0020285721874792,0.0447135846877916,3.574495553558052,95335.74110671936,258.4953249271716,4.618473881601348
1988,Professional Services,0.0014376924446243,0.0300369956084311,3.883873677863436,118518.38624338624,22.98794044627438,8.65515482310304
1989,Professional Services,0.0003324098049747,0.0235196879237493,7.335334156556104,177282.07407407407,20.34435049171752,88.86644533174824
1990,Professional Services,-6.769225407373383e-05,0.0328186504998769,6.228590736433137,87575.9117259552,16.541387055373452,-15.087839169995998
1991,Professional Services,-8.142248707449836e-05,0.0244676884792854,5.93000965105058,67407.24374176549,-3.961785258625963,-4.793718162216942
1992,Professional Services,0.0014085012521038,0.0344809199489107,5.255982226821694,63342.74934383202,-27.463177838989644,-11.366379886236322
1993,Professional Services,0.0013440138714949,0.029246513876043,6.434684396810996,164810.39920948618,-26.77066027680033,22.42591620600029
1994,Professional Services,0.003781128352765,0.0339484501898232,10.408600006469342,214556.49338624335,-26.171309152301887,61.75773922381962
1995,Professional Services,0.0007250908294803,0.0282145341543643,15.142605413204778,297664.75132275134,-25.631027208402323,45.48167288389477
1996,Professional Services,0.002052991393864,0.034146196771972,20.19574307082281,211792.42764578832,-23.56981869131777,33.37033172119479
1997,Professional Services,0.002561284356568,0.0322429743493021,26.28982734774412,186637.4229249012,-22.75917068998518,30.17509311517017
1998,Professional Services,-0.0014875982248216,0.0429010671763508,28.336593160080533,261241.20039682536,-22.47223514343591,7.785390848190721
1999,Professional Services,0.0017239176716068,0.0392649860021697,16.915194394427978,319760.9099756691,-20.485758307461623,-40.306181837492616
2000,Professional Services,0.0008659150355408,0.03631262411145,21.49366666475932,268847.1388888889,-19.552258129945603,27.067216394743475
2001,Professional Services,0.0004408629773162,0.0372946297811055,16.765000390814198,270431.49596774194,-18.38890737542911,-22.00027732680049
2002,Professional Services,-0.0002135517938625,0.0396607021573983,16.26704385891546,355812.20556745183,-21.226944833379,-2.970214854105069
2003,Professional Services,0.0022735741635856,0.033074711138156,16.287758199941543,390986.50793650793,-23.277622494207357,0.127339307656249
2004,Professional Services,0.0012747096008334,0.0292195914789442,20.390422151202248,428412.67195767193,-23.04164264281148,25.188634929977223
2005,Professional Services,0.0002772696156529,0.0240360736113084,21.968114229737136,398383.5317460318,-21.954576813443644,7.737417434694294
2006,Professional Services,0.0008383783443611,0.0198987685153647,26.40823714796016,440699.1462829736,-21.605241482080764,20.21167075056745
2007,Professional Services,7.364367886623108e-05,0.0232283916351023,27.78601487725328,557087.3471861472,-22.061510654273345,5.217227191552776
2008,Professional Services,-0.0014857427508394,0.0374188137807812,22.336060550184587,683828.4,-20.912373562986996,-19.614019322829336
2009,Professional Services,0.0022995519350041,0.0366527284813183,19.210216709697555,689606.8832880962,-21.16970374470305,-13.994606763640782
2010,Professional Services,0.0003508935862806,0.0301978901341643,19.93523518729431,667537.5278372591,-20.66981572214094,3.774129613180044
2011,Professional Services,-2.242540015211376e-05,0.0271814492322258,19.405514525909904,637956.3455687831,-20.99933645861343,-2.657207985798049
2012,Professional Services,0.0006361635875426,0.0265618991070162,18.21614334567388,587044.4246666667,-18.04917490332189,-6.129037076795873
2013,Professional Services,0.001619250473843,0.0317787052165655,23.44444957198132,571629.3786375661,-15.123958420934557,28.70149914333595
2014,Professional Services,0.0014421971560756,0.0348467783831376,27.31945943501364,514296.1310452418,-13.189307887172877,16.528474473819088
2015,Professional Services,0.000658093204113,0.026273472071547,33.540571734291,515929.4810744811,-11.119403489816248,22.7717254584626
2016,Professional Services,0.0005618534163065,0.0206534799013055,34.146526476911866,708893.5897435897,-8.870668023558705,1.8066321213044525
2017,Professional Services,0.0008230698492042,0.0173496182967193,43.10952717827538,598525.0689549494,-6.161726452049873,26.248645546491623
2018,Professional Services,-0.00020269064318,0.0231474868942542,55.45900026130925,696716.8863009501,-4.575841397287625,28.646737487896324
2019,Professional Services,0.001558214435663,0.0255247779132538,68.82113346320114,595951.0683760684,-2.859829120742316,24.09371452592506
2020,Professional Services,0.001539429563439,0.0525455706658608,78.66863105093958,731173.6611062335,-1.6942504033157773,14.308827960533277
2021,Professional Services,0.0007196364242799,0.0232416890120104,101.11096333893111,844489.5975056689,-0.8735493328682411,28.527676137467893
2022,Professional Services,-0.0002811821738268,0.0230021672133404,94.41850317930546,649774.6416566627,-0.1769008575644352,-6.618926314836959
1981,Real Estate,6.419927448028666e-05,0.0194386085720556,4.311046852994028,34692.96179183136,-40.24969388059488,137.88923534721124
1982,Real Estate,0.0009767766650582,0.0223971835414044,4.141038821816866,50545.60200471698,-48.7190618601716,-3.9435440387081577
1983,Real Estate,0.0008860757193761,0.0203946994863332,5.002961292571913,38122.84532374101,33.81312164673355,20.814160596950934
1984,Real Estate,0.0006175110434694,0.0155809863571066,5.390640516997326,37832.34239130434,20.16589455788249,7.74899508019411
1985,Real Estate,0.001045524011662,0.0185249671576625,5.947647052477101,27270.83408439164,22.781010361285123,10.3328451178198
1986,Real Estate,0.0006722423242271,0.023077261841197,8.388021234848106,38694.72751322751,17.500912090432646,41.03091795527154
1987,Real Estate,-0.0008540104857783,0.0275290298924151,6.203229352429371,44464.89196310935,-34.90098012913869,-26.046570713745908
1988,Real Estate,0.000788648362333,0.021851743856623,4.764918661260079,24389.20754138565,-74.99330694282452,-23.18648254728817
1989,Real Estate,-0.0003099451833533,0.0268127745743989,5.67822896668253,31881.753663003663,-65.48294492442362,19.167385014310568
1990,Real Estate,-0.0004509991645862,0.0551872267535155,4.486856724456401,37679.96837944664,-68.26075473588378,-20.98140545611321
1991,Real Estate,0.0015094934889825,0.0276673096461399,3.798746095077916,39381.86593989393,-77.74179973524372,-15.336140011510002
1992,Real Estate,0.0013974679013073,0.0337730296955248,4.125254642953741,31545.56975293237,-80.77092611569866,8.595166397114218
1993,Real Estate,0.00179718035924,0.0262667255808176,4.880349385027502,71667.70767405063,-81.00599773103953,18.304197132739965
1994,Real Estate,8.075561967253388e-05,0.0190220844619363,4.941737293874895,64037.38337837838,-77.165547840721,1.257858895015307
1995,Real Estate,0.0008360217450999,0.0173175545572637,5.030558490575471,53240.1329136477,-74.34704135645167,1.7973678368266688
1996,Real Estate,0.0014503269959677,0.0169285225651422,6.056128739379767,66587.49909788002,-73.54324998487807,20.386806966376717
1997,Real Estate,0.0010350304342141,0.018759825588933,9.00429711182398,102836.97537562605,-72.44797493390229,48.68074143262267
1998,Real Estate,-0.0002529533975843,0.0221913978137108,9.6557955550598,115206.9750564844,-67.99504739322767,7.235416991963817
1999,Real Estate,1.928331630382835e-05,0.0222056777246225,8.852377420427308,138364.4807760141,-62.35370438450314,-8.32057938728299
2000,Real Estate,0.0006376498338354,0.0303073376119401,9.5405784803487,160948.4594356261,-58.3804917053268,7.77419474155423
2001,Real Estate,0.0008455326914608,0.0233412955110006,10.111059791463893,218352.93369175628,-59.18421313796868,5.9795253745907
2002,Real Estate,0.0003792166713148,0.0247333527242152,10.84237321442292,277896.68421516754,-58.186968127849184,7.232806827790994
2003,Real Estate,0.0016574926856147,0.0162239938203524,14.2781254627467,308745.54116720625,-57.68860916320197,31.68819390715509
2004,Real Estate,0.0010747120356103,0.0153062978453611,20.541583327361085,360513.3511399568,-57.23031692845303,43.86750824508776
2005,Real Estate,0.0003967941801153,0.0145287079191401,23.935523812108823,382334.3535533981,-54.71540220987503,16.5222925159185
2006,Real Estate,0.0012299191245854,0.0140524155286657,29.05752578973406,444829.1923194381,-52.021369938877285,21.399163928194653
2007,Real Estate,-0.0003381572946015,0.0199709229685224,31.56685521487612,729225.3365744203,-49.66214245673598,8.635729839147555
2008,Real Estate,-0.0009411417944226,0.0513358171177417,23.069604430234797,1275142.949310034,-45.38870622943477,-26.918268312761583
2009,Real Estate,0.0019901289257916,0.0473594483142848,17.56110440771478,1783148.0255614757,-38.64229443609992,-23.87773938291125
2010,Real Estate,0.0010440259181964,0.0266897857915705,27.48326330821979,1036445.3794258372,-34.67386902381417,56.50076823269783
2011,Real Estate,0.0004943739209616,0.0573499682721355,28.127839918646067,968431.5054147594,-35.11979906409277,2.345342338708001
2012,Real Estate,0.0015273012343236,0.0368151046731491,31.740849211190127,823775.9248238482,-31.770135175309765,12.84495824419485
2013,Real Estate,0.0008791114926416,0.0384949426751411,34.62787993549698,834870.032355915,-30.232362857846955,9.095631642045166
2014,Real Estate,0.0009776105520477,0.0243448391032168,41.46383858375899,730909.0178654077,-25.73131768160047,19.741198886549466
2015,Real Estate,-4.728584795809502e-05,0.0169893503031153,39.41308113736629,821056.4096805941,-24.13896807464647,-4.945893859416972
2016,Real Estate,0.0008583130993962,0.0208563353117369,39.358179130772335,903173.8653468878,-20.60922403087555,-0.1392989459580884
2017,Real Estate,0.0005966501775444,0.0149913478632172,44.93217800198942,862900.5561126282,-17.046587217297663,14.16223767033733
2018,Real Estate,-0.0002656027224191,0.0170957383295694,46.74845916850591,934594.4604950984,-13.191321631633542,4.042272703620276
2019,Real Estate,0.0009586966239315,0.0169137058331661,50.2529260625321,949394.2980649188,-9.605556346328935,7.496432944226572
2020,Real Estate,0.0005007251315733,0.0568212153867798,40.76964745417991,1531101.7809210818,-6.618661105888514,-18.87109736963713
2021,Real Estate,0.0012028812271005,0.021877451117404,50.58264389666893,1058372.1165109037,-3.166712643335823,24.069367912777807
2022,Real Estate,-0.0009206401821823,0.0242582808998186,48.31313967443469,1255854.665203791,-1.0763593053653524,-4.486725183583562
1977,Retail,-0.0008615949329753,0.0155259923580322,1.3501901063654158,138647.61904761905,-75.64711128021044,0.0769481374794045
1978,Retail,0.0004902904077728,0.0141841113611206,1.274718319612836,127593.6507936508,-73.75378902244884,-5.589715581292676
1979,Retail,0.0015267372864592,0.0231968806094837,1.7744549277271675,324064.82213438733,-71.91839576433959,39.20368919355566
1980,Retail,0.0005830773966778,0.0155732126495518,0.9685539739839064,157508.05676442763,-45.645092888944426,-45.41681736461515
1981,Retail,0.0004239659208847,0.0182675394758788,1.0621266255736823,208960.371541502,-25.67741186243182,9.661067333696248
1982,Retail,0.0028248170280048,0.0186682814366743,1.2896078282429766,285340.3280632411,8.668977186425622,21.41752190294879
1983,Retail,0.0014855581950252,0.0243714966640156,2.456744285652289,572302.9833992094,35.3261520319869,90.50320817294316
1984,Retail,0.0003875622066195,0.016912517586335,2.6139605404831205,618998.5375494071,36.18828555897743,6.399373990569357
1985,Retail,0.0022048741355091,0.016656349158262,4.106185395897381,644446.9444444445,61.34314516511549,57.08673992218958
1986,Retail,0.0003861983911225,0.0206516313797788,5.767638943506324,1096594.743083004,36.324548598569926,40.46221462062949
1987,Retail,-0.0001764933096791,0.025084436586184,6.726479735369739,940206.9960474308,38.40400005444787,16.62449403048982
1988,Retail,0.0006942979418202,0.0197691165632768,10.0148652280557,567416.6473988439,-26.44448933059008,48.88716865368223
1989,Retail,0.0011109206440634,0.0185920266257846,14.934481730793046,456144.7321428572,-19.14655547190064,49.12314235598001
1990,Retail,-3.635219752743234e-06,0.024151647256526,16.056136720795404,1065204.7957839265,-15.189992908891677,7.510504952372377
1991,Retail,-0.0001632596118327,0.0301632239340931,14.188852345283795,734144.8616600791,-23.19557885381375,-11.629723936600268
1992,Retail,0.0018103318773314,0.0578598495093006,10.178487301185688,1050923.5695538055,-42.514976893099984,-28.264196049873647
1993,Retail,0.0017724502165936,0.037630944325962,10.695227981399013,936675.2140974968,-42.114111844067374,5.076792502881333
1994,Retail,-0.0003015413340236,0.033708001888221,8.313787375356203,1127391.3585351447,-41.70505583095,-22.26638469216905
1995,Retail,0.0005934642278627,0.0479061669714405,7.200301118820162,1287527.738095238,-41.48571380240903,-13.39324914462746
1996,Retail,0.0012435922070725,0.0372500996618529,8.597954618590801,1292013.2124079915,-40.11694223783957,19.41104235373503
1997,Retail,0.0009125380373236,0.0292385837190232,8.892540938477303,907922.8357419808,-35.32325199929643,3.4262372035499755
1998,Retail,0.0017078338618866,0.0350503931798867,9.895809834511434,982199.9236874236,-33.88990459606943,11.282139750327923
1999,Retail,0.0002937612262803,0.0350454171879211,11.3285327994052,1065458.9590964592,-33.73118741051392,14.478076972509868
2000,Retail,0.0001728069701325,0.0388179231862924,8.226423208239023,1412177.2130647132,-35.25273933414689,-27.38315407736696
2001,Retail,0.0032822306644238,0.0380140761135747,11.62831260426428,1744461.1059765865,-31.79631623555113,41.3532018705062
2002,Retail,-0.0004435402194549,0.0341322840749749,13.959339861076137,1585021.4474728764,-27.758382807066788,20.04613511987141
2003,Retail,0.0022606459067575,0.0260195613736646,13.766413464610066,1456262.3635912698,-26.63490088070147,-1.3820595987065198
2004,Retail,0.0009151494902991,0.0211030006709483,17.135047966703063,1408798.4375,-26.48751108186687,24.46995007634265
2005,Retail,0.0003557120152844,0.018844880472965,19.829895410036283,1355437.0659722222,-25.705976668971186,15.7271076717723
2006,Retail,0.0010653601520196,0.0187033594109556,23.124537076964323,1502513.9940239044,-24.270628716835947,16.614518628578146
2007,Retail,-0.0010521730513875,0.0225920556871415,24.003306846387943,1725563.1819303876,-23.22219888731229,3.800161562148685
2008,Retail,-0.0014251380292463,0.0557714083627618,15.394149528883467,2313142.46686817,-21.720440347401983,-35.866546941218616
2009,Retail,0.0038448432476201,0.0464508810887387,14.277413061627753,2359148.390085708,-18.40348494426136,-7.254291412204528
2010,Retail,0.0015899742550388,0.02614357751615,20.222100563150235,2049974.184303351,-16.38839582472095,41.63700717953969
2011,Retail,0.0006609673435219,0.027282496233808,26.14102749870778,2093365.8950617283,-15.603684605973973,29.26959500114108
2012,Retail,0.0015512203033082,0.02158362044367,32.52236427550048,1984466.522022131,-13.537054923999058,24.41119338980897
2013,Retail,0.0014699376380045,0.0187639835864888,43.53680144850959,1412426.4105156723,-11.199816274114378,33.86727077928475
2014,Retail,0.0007348825656199,0.020682875876625,50.91208299781635,1418422.268041237,-9.790876654542735,16.94033852723289
2015,Retail,-0.0003771962087441,0.022865204831552,56.41921636294493,1416386.8867243868,-8.938866649657404,10.816947649470144
2016,Retail,0.0004280626636566,0.0255693789907359,49.393797343857536,1519581.5295815296,-8.064227288487086,-12.452174049871346
2017,Retail,0.0003221582146756,0.0259611689211985,49.58408777552297,1589519.5762404923,-6.475012370419288,0.3852516751055024
2018,Retail,0.0001836012563297,0.0259270248347271,56.338047180604086,1483535.9290112278,-5.066664150858851,13.621223477293045
2019,Retail,0.0012228046685148,0.0255644812900929,62.84219471235124,1325691.0714285714,-3.4117160726175344,11.5448579729728
2020,Retail,0.0020788867734775,0.0461376424918185,71.29715665801155,1480842.2206252243,-2.119625712661237,13.454275402635709
2021,Retail,0.0019279127250876,0.0272122525170503,120.85597236744768,1021374.2424242424,-1.2615543632400057,69.51022738137105
2022,Retail,-0.0002613165640476,0.0321707595569752,120.31014570732714,1238328.9216959511,-0.1767409394294298,-0.4516339982446493
1984,Road & Rail,-0.0001610039867847,0.0139059450197919,2.664582294123603,580873.1225296443,-65.73882373920232,-33.75104130122618
1985,Road & Rail,0.0011644101925689,0.0132787083131741,3.2567836441217906,670001.6534391535,-64.49910702813413,22.22492250677384
1986,Road & Rail,0.0007982640862747,0.0171764775576461,4.687667382132552,1764800.8563899868,-63.94688160645686,43.93548649120063
1987,Road & Rail,0.0003946261057443,0.0279539558913108,5.802465387012648,2240962.977602108,-63.16723475992767,23.781508242868178
1988,Road & Rail,0.0007052035556871,0.0174390740054787,4.835257638113301,1388865.2173913044,-61.7898849945391,-16.66891027155796
1989,Road & Rail,0.0005262248234676,0.015812736777795,5.263777583443298,2247033.8624338624,-60.02128974404162,8.862401497538475
1990,Road & Rail,-0.0004037280699241,0.0167526523804578,4.6670713413688345,1344968.906455863,-57.675494662418,-11.336083879215286
1991,Road & Rail,0.0010088539744071,0.0166571576949933,5.385328675054593,877322.3978919631,-55.49809805668728,15.389894028812856
1992,Road & Rail,0.0004261535883192,0.0168841992900243,6.939902840636846,792905.3805774278,-54.619408927418576,28.866839136173876
1993,Road & Rail,0.0008618775124423,0.0146451132231898,8.135786831693059,1101526.350461133,-53.46503254410625,17.23199904260433
1994,Road & Rail,-0.0003277871951343,0.0149144551149955,7.875497942695286,1258642.7534246575,-48.35883856124224,-3.199308123263689
1995,Road & Rail,0.0007676455340358,0.0164172873406885,6.9186646945419765,1351501.0029761903,-45.47658274769981,-12.149495246085296
1996,Road & Rail,0.0010807194459527,0.0160224555636842,8.411540808242101,1815713.4721153849,-43.60872259332155,21.57751791148126
1997,Road & Rail,0.0009020023738577,0.0196548403526227,8.726444079376492,1536325.8529644269,-41.93780391800734,3.743704968129391
1998,Road & Rail,0.0002831331012442,0.0243700761218271,8.72307383550538,1966535.1492063487,-40.46094073713551,-0.0386210447285928
1999,Road & Rail,-0.0002307902027142,0.0250661991647451,7.713943052575702,1538375.9166666667,-38.69341464444,-11.568522770290334
2000,Road & Rail,0.0002000971883413,0.0261911703962412,5.9073352586655385,1535450.704761905,-36.36298289281189,-23.420030217969177
2001,Road & Rail,0.0021791193256293,0.0261142580320903,7.281520056916821,2239512.7717741937,-33.211981943393646,23.262346524779943
2002,Road & Rail,0.0004287574921184,0.0248965155790297,9.240629079417577,1133264.9206349207,-32.01301530922526,26.905220437314732
2003,Road & Rail,0.0015295666241971,0.0209194089478071,9.455616274837292,873971.2295454545,-30.066967172616334,2.3265428530030885
2004,Road & Rail,0.0015693403773317,0.026619934886064,11.859452416893667,808051.5013227513,-29.28247422842053,25.42231063725924
2005,Road & Rail,0.0003786421748977,0.0269628699769649,14.125737483342172,1138428.6693121693,-28.012219485681676,19.1095253539717
2006,Road & Rail,0.0009955549381769,0.0224345048542337,18.39185554556954,1308118.8067729084,-27.263594845999183,30.20102891801724
2007,Road & Rail,0.0002596665582492,0.0194142344806426,19.80540412134067,1727733.0152722443,-26.13092750998176,7.685731177415866
2008,Road & Rail,-0.0001143944946369,0.034147838160418,20.99100393637995,2450445.255599473,-25.54186308456782,5.986243995707108
2009,Road & Rail,0.0014078673646152,0.0302674889259784,15.929812516997416,2423072.75,-22.64384740608987,-24.111240390036212
2010,Road & Rail,0.0011761912532212,0.0198900833857441,51.34943361564349,1436182.0740740742,-9.120165158702452,222.34800981400545
2011,Road & Rail,0.0005528438701999,0.0247938275610587,73.92598921979636,1563808.5124716554,-6.768685758065375,43.96651338579707
2012,Road & Rail,0.0007240595212459,0.0188096608858572,83.94668149757385,1401748.0674285714,-5.389703390994306,13.555033058785336
2013,Road & Rail,0.0015527927022075,0.0174016302148705,116.8618048816362,1208551.927392739,-4.422399616311,39.20955873045872
2014,Road & Rail,0.0011472023878079,0.0225193729430089,114.538303867219,1394459.5853174604,-5.544398347215164,-1.9882467302046012
2015,Road & Rail,-0.0011567046514966,0.023994432540813,103.25814343066445,1843453.6572420637,-5.439548487281197,-9.848373911343511
2016,Road & Rail,0.0011771493910699,0.0253051447308549,63.004901786645256,1698141.4479166667,-6.166963951428863,-38.98311581696057
2017,Road & Rail,0.0015353621361942,0.0383444442939885,68.39820683999841,1613634.704681275,-5.914152233350631,8.56013564090079
2018,Road & Rail,-0.0016302927825662,0.0306009881679382,59.53060366100524,1874859.297310757,-6.226879411712039,-12.96467201214332
2019,Road & Rail,0.0012960054722722,0.0261950073599777,56.83300174985613,1522040.3373015872,-4.87620989196713,-4.531453983753464
2020,Road & Rail,0.0006560735438756,0.0379366607213994,60.08126200623663,1441828.2682806323,-2.716731061107084,5.715447286556041
2021,Road & Rail,0.0036718745845684,0.1169411780550272,78.31459582085485,1478819.6991604478,-1.1872128568717644,30.34778765586772
2022,Road & Rail,-0.0001761843712242,0.0293435638222959,73.18476666178658,1683145.5443925234,-0.1022737595242199,-6.550284918539051
1995,Semiconductors,0.0027029370508636,0.0299106004416886,3.917171716690064,968642.8571428572,-38.71391752381838,73.74065115326853
1996,Semiconductors,0.0026052193895416,0.0292649384241226,4.491225619015731,1468892.125984252,-38.697734401811545,14.65480565684092
1997,Semiconductors,-0.0012821582974829,0.0388052547204471,6.8384629714144,1754247.311897106,-39.40629327920711,52.26273519772706
1998,Semiconductors,0.0014765401924986,0.0388279689824282,4.632428336238104,1661898.1865079366,-40.90207332858464,-32.25921737673782
1999,Semiconductors,0.0060499579851303,0.0361249272619965,10.02976177751072,2402956.744047619,-41.01976708944166,116.51196844322205
2000,Semiconductors,-0.0019936184129971,0.0508057846817878,18.04605110038614,2328986.7433489827,-40.95191056047334,79.92502215605941
2001,Semiconductors,0.0018689450185993,0.0454795990025185,8.113479692669165,2499181.4546370967,-41.5962123653712,-55.040137880937536
2002,Semiconductors,-0.0017912139541087,0.0423148677513247,6.487171489154062,3117612.693452381,-42.185698403624485,-20.04452177263145
2003,Semiconductors,0.0022941035725821,0.0303846855188384,5.51897871784038,3570376.614087302,-41.44407459906863,-14.924729104701628
2004,Semiconductors,-0.0005712372853065,0.0243322409749435,5.537521448991601,2998800.5009920634,-41.586100407217,0.3359812041180854
2005,Semiconductors,0.0005159794797689,0.0193036932548844,4.79785223624536,3135386.882936508,-41.362726975751166,-13.357405827853484
2006,Semiconductors,0.0007968179786117,0.0217881598378023,5.238043625041308,3844615.0537848608,-40.71109606100714,9.17475918642352
2007,Semiconductors,-0.0003243796423203,0.0219380771687626,5.746918058727842,5403656.243027888,-39.5661791745872,9.714971277707177
2008,Semiconductors,-0.0013431466648072,0.0450322010152567,4.0997450489536105,6660346.052371541,-38.0210244883298,-28.661849585147134
2009,Semiconductors,0.003016213338485,0.0354041551861885,3.742163867113136,6858342.192460317,-35.13461009621751,-8.72203460387716
2010,Semiconductors,0.0006463628913367,0.0232405554480772,4.437558008919632,5238668.154761905,-33.378336010718016,18.582674797267828
2011,Semiconductors,-0.0006484988845074,0.0268464489740754,5.115386943968516,5470580.357142857,-30.794194415575284,15.274818575586524
2012,Semiconductors,0.0008064896029275,0.0220199569826326,5.005983094930649,4057638.9,-27.292091986049943,-2.1387208873194563
2013,Semiconductors,0.000617509664651,0.0186543102329926,6.216327304168353,3573888.78968254,-23.871071437410865,24.177952387881007
2014,Semiconductors,0.0008057955900482,0.0166087065226656,7.202186874453983,3430380.1587301586,-21.409424993079863,15.85919662924702
2015,Semiconductors,3.195732974883847e-05,0.0202750268994411,7.91232082318692,4033227.48015873,-18.766079836645822,9.85997671418064
2016,Semiconductors,0.0009273077201035,0.0197558186890639,8.758008986356712,2655438.6904761903,-15.115579718711723,10.688244095101872
2017,Semiconductors,0.0017783588792757,0.015949712832031,13.644107907773014,3209003.784860558,-11.158095213761484,55.7900651738072
2018,Semiconductors,-0.0009773251136992,0.0223416160351795,15.752769518064788,3397583.266932271,-8.683129591208367,15.454741523192396
2019,Semiconductors,0.0022053445984592,0.0203021893270522,16.24828574629057,2885440.376984127,-5.778373862631303,3.145581655705288
2020,Semiconductors,0.0028045746148024,0.033833991373331,26.08480657006912,3782181.225296443,-2.762744421212365,60.53882223251888
2021,Semiconductors,0.0013774929013992,0.0248322535702999,44.0376480164982,5541244.444444444,-1.3624416769600074,68.82489773579145
2022,Semiconductors,-0.000884575986954,0.0284357708008496,35.92522370715101,8389148.656512605,-0.2931284730272241,-18.42156580730189
1979,Technology,-0.0003219840320676,0.011216783381548,4.894602609717327,1734721.1185770752,-71.55282104529329,12.18173074817761
1980,Technology,0.0005942586958343,0.0180459633845467,4.555215252246781,2271030.529644269,-69.86433626730002,-6.9339103607053865
1981,Technology,-0.0003593891792462,0.0136840343258207,4.41906829408035,2178747.7154150195,-68.13044304748483,-2.9888150312826545
1982,Technology,0.0024246088591684,0.0164722575906818,5.61754855808062,3558270.3754940717,-66.03207584722246,27.12065494904703
1983,Technology,0.0011558582376911,0.0129511506820579,9.730417423097512,3671220.1818181816,-64.60451396531634,73.21465622403376
1984,Technology,0.0002488465324532,0.0119006222633991,10.126473415510455,4790311.245059288,-63.42516393279081,4.070287791280269
1985,Technology,0.0011206030661832,0.0103702845936116,11.816752638135638,5074876.547619048,-62.06449343343792,16.691686762700854
1986,Technology,-0.0008082253778132,0.0130297386730333,13.182962485452885,6730529.588932807,-60.877356498389446,11.56163532532739
1987,Technology,0.0002762466846104,0.0237437060046209,14.036006467615662,8625375.52964427,-59.52341112155233,6.470806414750041
1988,Technology,0.0004602400316108,0.0135524536143973,11.709519013114598,6053409.569169961,-57.95997068301988,-16.575138091228535
1989,Technology,-0.0007916954275897,0.010721454175936,11.666894553199649,6678874.369047619,-56.29309102238621,-0.3640154635490278
1990,Technology,0.0009925619205721,0.0126616450122816,11.936530211226271,6665216.19367589,-54.04146346405033,2.311117639720828
1991,Technology,-0.0006392492713067,0.0151095348327571,12.12354540165234,7239975.363636363,-51.99909030958027,1.5667466769378358
1992,Technology,-0.0002164112635119,0.0211367345271986,8.43735473192655,6647980.9046153845,-47.88314767994869,-30.40522015303701
1993,Technology,0.0005050228666458,0.0246523576699746,4.578239129937214,4862589.877470356,-37.50601587208977,-45.73845387093453
1994,Technology,0.0016908901299864,0.0245405898514838,5.699413736661275,5061168.277777778,-37.35090466716277,24.489210259741
1995,Technology,0.0018136537481903,0.0216383615050728,8.827546951882347,5740946.701906413,-35.27020419230721,54.88517520845113
1996,Technology,0.0008256074833091,0.0270000978189182,10.94853793291908,4784342.837270341,-32.80575890840255,24.02695780150408
1997,Technology,0.0027152452582177,0.0271872406602709,15.85807394447377,4023960.976284585,-33.29924301379836,44.84193270037582
1998,Technology,0.0020209409481579,0.0312922620133808,27.067110306371458,3054476.388888889,-30.94922631353736,70.68346636007344
1999,Technology,0.0010347951384632,0.0325280923647592,32.89623846074261,3638896.937830688,-34.68696398117558,21.535834776566464
2000,Technology,0.0008769327440508,0.0423555091699994,39.75699898800247,2887479.332506204,-31.50736010473044,20.85575995397553
2001,Technology,0.0007451815004543,0.0440078459252231,26.72601032347208,3042954.22983871,-32.533654044261965,-32.776590276501416
2002,Technology,-0.0013125097585359,0.0361975023474082,20.453849948469607,3043861.083333333,-32.88860184735582,-23.468375186153235
2003,Technology,0.0012630813876291,0.0290865446873829,19.05335837703139,2912543.893849206,-34.779703472799405,-6.847080500573455
2004,Technology,0.0008431262179387,0.0233105062571204,22.481190674598256,2384291.5069444445,-33.456654824832896,17.99069869855112
2005,Technology,0.0003936383941861,0.0209258976928893,21.11664243377381,2026908.9788273613,-30.673828457406948,-6.069732962882002
2006,Technology,0.0013087486168769,0.0225605541764297,23.760679835247327,1882245.4940239044,-28.44026409955242,12.52110703567466
2007,Technology,0.0006004549566725,0.0239251413770677,27.97631244659424,2366085.643223443,-27.440464278174737,17.742053849373928
2008,Technology,-0.001022547343697,0.0440934011392306,25.85494121536121,2746416.1040843213,-27.007374482591217,-7.58274070352426
2009,Technology,0.0027063852189281,0.0392942292401235,24.34814812921027,2264222.2003968256,-26.67680510832929,-5.827872798471933
2010,Technology,0.0008983320823826,0.0234521618305204,31.69206613176084,1806275.1884920637,-25.41217205605262,30.16212142121859
2011,Technology,-0.0003163297674883,0.030124931507463,31.8148458923202,1507015.1623637406,-25.025334049525217,0.3874148187401172
2012,Technology,0.0007363817103406,0.0262865503453395,32.40151328051224,1020401.0977605511,-20.667449623381263,1.844005123198356
2013,Technology,0.0018484332636442,0.0378473916909256,40.48832086972815,1077712.7237172588,-13.85085927482104,24.95811698424495
2014,Technology,-7.711240050655922e-05,0.0249751809840859,37.57897730381274,1067947.8134011875,-10.934950127583104,-7.185636508059368
2015,Technology,0.0007197517415393,0.0286818726320259,37.51603614864723,928768.4828042327,-8.211821931774852,-0.1674903355050161
2016,Technology,0.0008360863315439,0.0467130212523986,37.48297479653327,1002329.4894179894,-7.198720177520575,-0.0881259202943574
2017,Technology,0.0030501304916937,0.127336912465256,43.57013232845709,967506.4818061088,-5.884062990251879,16.239793039283555
2018,Technology,-0.0001822519661732,0.0402847282741724,53.323831265112,1149143.5428950863,-3.9726728321742586,22.38620452911601
2019,Technology,0.0009220942998819,0.0298095891552255,62.80767014509156,903711.2373015872,-2.412753036607799,17.785366608090136
2020,Technology,0.0041246405508518,0.0818346637735755,79.15676591314886,1956951.315491508,-1.1925415426829826,26.03041273508375
2021,Technology,0.0012441527626795,0.0481131800432699,118.83160140815458,2122459.9467787114,-0.3908831356678237,50.12185002421285
2022,Technology,-0.0015609101397481,0.0386628217183264,88.4505582443145,1789659.445478406,-0.1665592938883306,-25.56646784510577
1984,Telecommunication,0.0005516769566779,0.0133413957866158,0.8493952561214037,1741566.5138339922,-74.6788779127299,-39.08546890759798
1985,Telecommunication,0.0015080833155908,0.0125775805784217,1.0293439952903007,1255053.0727513228,-79.29355507173139,21.18551261877746
1986,Telecommunication,0.0018126125853954,0.0159268281287433,1.6753096391934024,1430285.213438735,-75.9278947855848,62.75507962922766
1987,Telecommunication,0.0011971789359286,0.0235466321442661,2.2436515063400795,1530884.6930171277,-70.62239451298738,33.92458646750889
1988,Telecommunication,0.0020371928302041,0.0156377377367161,3.0008898723738,1288432.003952569,-60.769698674848094,33.750266647646775
1989,Telecommunication,0.0024646652574224,0.015306282918924,5.477286547382988,1149646.5555555555,-44.54419266382816,82.52207779455362
1990,Telecommunication,1.4187633733683165e-06,0.020632920089222,5.210653885551121,983969.490118577,-51.4327963494901,-4.86796992498525
1991,Telecommunication,0.0006675666970199,0.0157665068128606,5.366843220273497,978061.997364954,-55.50998087277914,2.9974997025897343
1992,Telecommunication,0.0009332223816773,0.0129247535514483,5.81834727463134,1054494.1351706036,-64.71217020960847,8.412842258038511
1993,Telecommunication,0.0010618912063141,0.013968572465826,7.544670525275672,1026430.4558629775,-63.32906771881858,29.67033711052791
1994,Telecommunication,-3.757157259536653e-05,0.0141619341558837,7.526533682986456,1073751.429312581,-62.48397864202442,-0.2403927676954853
1995,Telecommunication,0.0011070459254683,0.0193710363442104,7.64118436391537,838623.4028846154,-63.43767781946818,1.523286625131015
1996,Telecommunication,-0.0001482145885197,0.0187449043561784,7.616716364838531,759223.598664238,-58.36034976717763,-0.3202121282714465
1997,Telecommunication,0.0001836754591955,0.0288787114404218,8.072517342939074,971073.7623490668,-58.20125448110285,5.984218871595148
1998,Telecommunication,0.001408776643862,0.0371040043524833,9.396063671447337,1259955.9018554688,-63.6677056937766,16.39570746374366
1999,Telecommunication,0.0028011646204392,0.0332462221497259,12.666216537908271,1300172.5908289242,-62.32041310117928,34.80343451054129
2000,Telecommunication,-0.0014505392407942,0.0354437973796293,16.50635948925649,1874217.2377563836,-60.33985907087922,30.317995431825985
2001,Telecommunication,-0.0001782798953247,0.0347360833668087,10.84562876568206,1694916.3318548386,-57.03042487608818,-34.2942411211802
2002,Telecommunication,-0.0007664830377325,0.0374018453029326,8.073670027913556,2054018.6694444444,-53.49787468596826,-25.5583036968736
2003,Telecommunication,0.0020202446487667,0.0243651491830805,7.417097330907408,2266096.562215478,-53.91853098769974,-8.132270636973537
2004,Telecommunication,0.0014505274537021,0.0202818396656831,9.63204488885007,1970159.267676768,-52.09247252480904,29.86272741376692
2005,Telecommunication,0.000269801857559,0.0158589883887305,10.884579923761873,2559241.37950938,-50.47899891934803,13.003833031983891
2006,Telecommunication,0.0014688752947409,0.0169330027386647,12.555801541509078,3720195.753350236,-47.898205852314575,15.35402954870866
2007,Telecommunication,0.0010978425094684,0.0205038215325304,17.511784489972573,4475015.097428468,-45.98623270745016,39.47165724210575
2008,Telecommunication,-0.0009749993071803,0.0361908976058546,14.61836735610263,6100264.300395257,-45.86811450906073,-16.522685826374484
2009,Telecommunication,0.00104976027803,0.0224235864602341,12.42163328123299,5662544.893578644,-43.56372765445897,-15.027218986616742
2010,Telecommunication,0.0006263275755978,0.0156059298769952,14.505384603276053,5614380.866883117,-40.46420563217642,16.77517984041006
2011,Telecommunication,-0.0001353641161881,0.0177061030763475,15.823014422584578,5543339.432539683,-38.36850711872684,9.083728941671332
2012,Telecommunication,0.000316318688619,0.0150400744379859,15.78326512666182,5135922.3283636365,-35.258249347745846,-0.2512119047684225
2013,Telecommunication,0.0005912568386649,0.0165188580476175,18.614551311447507,4573674.143217893,-31.482922083948573,17.93853275646333
2014,Telecommunication,0.0004648895049094,0.0156154812940234,19.83740370201342,5442209.930735931,-28.076316372909265,6.569335838967505
2015,Telecommunication,-0.000304675317661,0.0168396878132191,19.8720244256965,5309419.719336219,-24.48941669131302,0.1745224536594314
2016,Telecommunication,0.0006722696196023,0.0154448269088779,21.396246510666685,4606362.5717893215,-21.57066438445881,7.670190275124722
2017,Telecommunication,0.0009832946725432,0.0136168532088238,24.17826454158453,4846676.680188337,-18.76426665865181,13.002364828480184
2018,Telecommunication,-0.0003664665911063,0.0183385353892162,24.766496189173388,6353307.528793915,-15.02497594575544,2.4328944146390308
2019,Telecommunication,0.0003092516751291,0.0169857846257633,25.49676513052606,5195404.997835497,-11.038945080400692,2.9486162910355773
2020,Telecommunication,-0.0002477017112007,0.0258664925422007,23.052538733837032,6749003.505210205,-7.463421847321926,-9.58641766583429
2021,Telecommunication,-4.738310743215112e-06,0.0179431210421142,25.35337968693151,7378106.253607504,-3.114440077049152,9.980857117993924
2022,Telecommunication,-0.0004728412228552,0.0197217162001603,22.750140710310504,7257343.006111535,-0.3590602264935523,-10.267818368857762
2007,"Textiles, Apparel & Luxury Goods",-9.490573868870471e-05,0.0274640347628287,29.16626615321652,956451.0624169988,-15.972923115798762,30.55412593784148
2008,"Textiles, Apparel & Luxury Goods",-0.001408869634433,0.0429318064840207,22.184123019770045,1321673.9130434785,-13.451823625775384,-23.93910518668317
2009,"Textiles, Apparel & Luxury Goods",0.0027544068822711,0.0412824585195732,17.583230054094678,1116511.7063492064,-12.69387617473181,-20.73957560357533
2010,"Textiles, Apparel & Luxury Goods",0.0015786999395368,0.0301790741841807,29.15274548025989,1374204.365079365,-11.092686122720703,65.79857847830965
2011,"Textiles, Apparel & Luxury Goods",0.0007874170691076,0.0304021005560286,44.113524737181486,1148360.3835978836,-10.361441649758682,51.318594562738326
2012,"Textiles, Apparel & Luxury Goods",0.0007965296987769,0.0268741339420656,45.8398566904068,1188998.3333333333,-11.969993152372822,3.9133847578728176
2013,"Textiles, Apparel & Luxury Goods",0.0021505789446507,0.019470994266745,58.36607250373602,808319.5383615084,-10.146133823858532,27.32603615654554
2014,"Textiles, Apparel & Luxury Goods",6.9446951116584295e-06,0.0223551426558801,94.39782751120136,780291.9614512472,-5.368818512387447,61.734075057318535
2015,"Textiles, Apparel & Luxury Goods",-0.0011037469507417,0.0314550665490684,65.00946510135452,983805.0850340136,-6.172220743189017,-31.13245631247137
2016,"Textiles, Apparel & Luxury Goods",0.0004205177321368,0.0285045638907018,46.64856618331944,900056.1678004535,-5.872539583854682,-28.24342407587741
2017,"Textiles, Apparel & Luxury Goods",0.0006748846894953,0.0377009531204924,40.22561761596085,875057.4274331246,-5.225049412471118,-13.76880168646063
2018,"Textiles, Apparel & Luxury Goods",0.0005837103920891,0.027274226175244,58.81069285366165,829717.7575412635,-4.125708575456056,46.20208797074268
2019,"Textiles, Apparel & Luxury Goods",0.0011904262963859,0.0261958047947354,61.87927595612143,693131.0090702948,-2.52448336610862,5.217729894962009
2020,"Textiles, Apparel & Luxury Goods",0.0004188331504461,0.0468913545862392,58.24653721986552,670406.5499717674,-1.0894178685543292,-5.87068720524766
2021,"Textiles, Apparel & Luxury Goods",0.0015843840040694,0.0270779970414098,98.56446969482091,507331.91609977325,-0.5352446705140637,69.21944960052424
2022,"Textiles, Apparel & Luxury Goods",-0.0003522776648201,0.0305972025294309,86.18461105746238,583004.2178871549,0.0573249890828206,-12.560163592103258
1978,Trading Companies & Distributors,0.0002267248135799,0.0143832781179932,2.154029681569054,87206.3492063492,6875.941908503152,10.100258018135944
1979,Trading Companies & Distributors,0.0006329788409567,0.0127281928733815,2.3526255245736465,75607.90513833992,6642.249998919732,9.219735675133766
1980,Trading Companies & Distributors,-6.1183061274018335e-06,0.0172904620026738,1.696430442091652,100298.97136563876,4898.537861507041,-27.89203277903367
1984,Trading Companies & Distributors,-0.000304095474759,0.0128377131892109,2.552587269087554,103607.3695652174,288.611907127033,-0.2199208785866546
1985,Trading Companies & Distributors,0.0009386309515115,0.0138800926463556,2.8959250961031238,117218.51785714286,-47.99503178858065,13.450581344405844
1986,Trading Companies & Distributors,0.0001857387310078,0.0163712553864827,3.655261586070532,113398.51778656126,-46.84103051699759,26.220860856836502
1987,Trading Companies & Distributors,0.0010445663075307,0.0179535941885723,4.548607858508943,191250.89920948615,-45.59244354772743,24.44000932362198
1988,Trading Companies & Distributors,0.0008427208738154,0.0163512245884088,5.197500372592639,160206.081027668,-45.35287704113344,14.265738754987044
1989,Trading Companies & Distributors,0.0007185428990976,0.0132456113349776,5.636136538925625,143030.83531746033,-44.774019085132366,8.439367674622854
1990,Trading Companies & Distributors,-0.0005952165418904,0.0158230141664749,5.918466323684798,134068.12252964426,-42.92390896860544,5.009278657627969
1991,Trading Companies & Distributors,0.0013437455603247,0.0146746533495885,7.452482981408537,126774.66798418971,-41.14456329564191,25.91915833980232
1992,Trading Companies & Distributors,0.0006897170401144,0.0149566794201464,8.998004385570841,109931.14566929132,-40.0415726219934,20.738341946138817
1993,Trading Companies & Distributors,0.0005246939623003,0.012919900280124,10.205182877925074,113305.44071146243,-39.26587940853815,13.41606917073812
1994,Trading Companies & Distributors,0.0004885829704732,0.0135797936806337,11.327965515946586,127140.83134920636,-38.80992502800406,11.002082485461507
1995,Trading Companies & Distributors,0.0011817347504412,0.011164392447994,11.398572918505984,164931.76653696498,-37.82770184954238,0.6233017081487713
1996,Trading Companies & Distributors,0.0007618208121463,0.0167344738820878,12.220553904693585,133311.05249343833,-38.70008167706612,7.2112622524270975
1997,Trading Companies & Distributors,0.0014385119819885,0.0189502839270998,15.019711968799433,127863.84375,-37.71841327007504,22.90532889045864
1998,Trading Companies & Distributors,0.0004005375423772,0.0333595666917103,19.618050978533805,168945.75892857142,-27.80951056858184,30.615360795776493
1999,Trading Companies & Distributors,-0.000726200100212,0.0361062028152626,17.03962803864255,225901.75064047825,-23.64296960002473,-13.143114689183854
2000,Trading Companies & Distributors,0.0004493762505455,0.0337393460242556,13.299783322735438,224263.3134920635,-25.048731221944347,-21.947924610947343
2001,Trading Companies & Distributors,0.0008024958484034,0.0296964087046608,14.124723780539728,182633.60887096773,-24.03201444053608,6.202660883911459
2002,Trading Companies & Distributors,0.0001732267485272,0.0361839371908808,14.797239922152626,255224.78174603172,-25.42804225597688,4.761269332144069
2003,Trading Companies & Distributors,0.001647775920682,0.0247712485009419,14.165287471006788,247161.72619047615,-26.18951688335138,-4.270745453006796
2004,Trading Companies & Distributors,0.002182048195356,0.0221738305170296,21.55435375706567,362339.8468185389,-23.2527304151083,52.16319330746142
2005,Trading Companies & Distributors,0.0007973510626176,0.0233780201714007,40.03657267333338,377181.4616402117,-17.945691737293593,85.7470334048364
2006,Trading Companies & Distributors,0.0006209006184122,0.0232992095534123,49.92391793461928,554598.6692759296,-15.329874186670276,24.695783382755508
2007,Trading Companies & Distributors,-0.0004331648010274,0.0251148200091925,44.27918977362905,652175.0882185544,-14.457441103918148,-11.306661004415975
2008,Trading Companies & Distributors,-0.0013250427889713,0.0547164725633056,30.572776572169857,685492.4562394128,-16.47291379137073,-30.954525752461247
2009,Trading Companies & Distributors,0.0024581267025036,0.0461522305249625,25.05286015938469,582460.6575963718,-17.38729486886912,-18.055005242179742
2010,Trading Companies & Distributors,0.0023303120695459,0.0293793175359283,34.75999383131663,587169.574829932,-16.066188326427053,38.746608611455045
2011,Trading Companies & Distributors,0.0002261936022827,0.028310751567243,43.904359053051664,673320.7709750567,-15.462638116573816,26.307154328366188
2012,Trading Companies & Distributors,0.0013520395694064,0.0241731472388107,54.4639340776716,731926.7085714285,-14.575160557763784,24.0513134740455
2013,Trading Companies & Distributors,0.0012815949914127,0.0209244313404193,62.69979078511157,546048.4738955824,-13.545007440034835,15.121670600758907
2014,Trading Companies & Distributors,8.816053000586249e-05,0.0184791141317186,72.24814841340459,601092.2271825396,-11.673571872467914,15.228691369988322
2015,Trading Companies & Distributors,-0.0010220773050053,0.0229969649222012,63.38340907011713,867954.6527777778,-10.672374661228217,-12.26984986876527
2016,Trading Companies & Distributors,0.001380008503606,0.0263304734932898,60.591393570223495,886705.8234126985,-9.62401137790212,-4.404962656402722
2017,Trading Companies & Distributors,0.0010836883202086,0.017719876784283,72.01313741083639,675183.0179282868,-7.945655301717504,18.85043925813565
2018,Trading Companies & Distributors,-9.877979464484642e-05,0.0288252054606694,92.9379163776261,682481.1752988048,-6.588207078416376,29.056891171694723
2019,Trading Companies & Distributors,0.0010714429762644,0.0238259983844942,84.61047695506187,560353.4722222222,-5.066138960834369,-8.960217473273346
2020,Trading Companies & Distributors,0.0020675612015638,0.0470405573994976,91.2211227839879,702436.1166007905,-3.0314650053947774,7.81303458723801
2021,Trading Companies & Distributors,0.0020610715695586,0.0260563073437495,149.41464047867154,446634.2261904762,-1.206128731367052,63.79390640968783
2022,Trading Companies & Distributors,0.000411363935617,0.0288878101312125,165.7912523606244,490254.094012605,-0.1987963373681475,10.960513527648974
2007,Transportation Infrastructure,0.0016691839493324,0.0177671423194842,29.87781754147959,136768.52589641433,-40.87994089250349,43.30354840336423
2008,Transportation Infrastructure,-0.0013665710295314,0.0295466571653346,29.1924157726906,133277.86561264822,-39.44927137749428,-2.294015511131098
2009,Transportation Infrastructure,0.0023585328189784,0.0316286120621509,26.38680164019267,115507.53968253967,-31.38519969139678,-9.610763817369904
2010,Transportation Infrastructure,0.0007262870348357,0.0216275921681542,36.86106721181718,118463.09523809524,-27.188757190458418,39.6950934578975
2011,Transportation Infrastructure,0.0003293044147944,0.0199724805405645,42.68982305980864,82331.74603174604,-24.21593940174204,15.812770190557137
2012,Transportation Infrastructure,0.0031231695269517,0.0159908722608618,64.69672117614746,62421.2,-20.84072013716176,51.55068945942236
2013,Transportation Infrastructure,0.0007211134097841,0.0167372524045499,91.51974370577358,61067.0189274448,-17.828534308316645,41.45963202153016
2014,Transportation Infrastructure,-8.651229009676584e-05,0.0130208359069101,84.75309334860907,23965.265873015876,-14.26502001627784,-7.393650903261473
2015,Transportation Infrastructure,0.0003742849028673,0.0121603686994503,90.19756155165416,28998.531746031746,-13.033868700095988,6.423916801066731
2016,Transportation Infrastructure,-0.0001016166065939,0.0150828410671005,90.71077852400522,29505.92063492064,-11.41831893233388,0.568992069765839
2017,Transportation Infrastructure,0.002173549894723,0.037727197049866,113.72888169155652,29233.34262948207,-9.595696443318523,25.37526801344772
2018,Transportation Infrastructure,-0.0006903313505635,0.0191518926117597,124.68357569477948,25096.812749003984,-7.4338349250348035,9.632288509556552
2019,Transportation Infrastructure,0.0009853439209918,0.0127534221490258,113.95640174926274,32078.14484126984,-4.897341815762717,-8.603518054195403
2020,Transportation Infrastructure,-0.0002136350873762,0.0389537860651165,87.39921046622656,37766.29446640316,-4.009988854963941,-23.304694493135823
2021,Transportation Infrastructure,0.000870144197562,0.0193558559565653,118.70604406084333,19192.73214285714,-3.627306761539787,35.82049932443563
2022,Transportation Infrastructure,-0.0001213342069152,0.0211711899295456,134.29352350335373,27091.13052631579,-1.0303958511830662,13.13115904571882
1974,Unknown,-0.0012651615126181,0.0296231485228192,5.457269669862802,35471.172867773326,-33.1680577554466,2.7274639682659974
1975,Unknown,0.0013350182016557,0.0253508010958677,5.2590119130259305,46946.77835951134,-35.06814497157276,-3.632911122785976
1976,Unknown,0.0017229653044795,0.0246320154829318,6.568601757443831,45822.68564787914,-33.7191525338345,24.90182311955229
1977,Unknown,-0.0001906311176057,0.0158110714188576,7.979603078972009,54338.33848899465,-33.37388081670171,21.48099966525097
1978,Unknown,0.000518269465614,0.016864643783999,8.533969404224752,54027.214577259474,-31.570826822345158,6.947291986409931
1979,Unknown,0.000809223219255,0.0157592064604871,11.260497098569877,68363.75326215895,-28.079438753711237,31.94911494521355
1980,Unknown,0.0018232957160713,0.0282023668230225,9.941880228329977,48456.42069260368,-24.35185761392362,-11.71011242840575
1981,Unknown,0.0005795755778171,0.023713330107274,10.267611181906515,45724.75495349777,-24.18240014548049,3.276351616551887
1982,Unknown,0.00113469823659,0.0243826858088332,9.723840324818992,55128.32108239096,-25.49614518551772,-5.295982166190227
1983,Unknown,0.0011089447156624,0.0204217768072821,13.818539138207903,68205.0170229612,-26.589612468625017,42.10989358738912
1984,Unknown,0.0007769713062953,0.0195679078730683,16.684256522299062,63646.74465558195,-25.403366966637957,20.7382079641655
1985,Unknown,0.0017576183631691,0.019584622613659,21.90275878790352,83750.68134920635,-24.74173344699325,31.27800306012893
1986,Unknown,0.0009450593747414,0.0222314341154882,26.40218628517545,101263.98545732874,-24.070577445567984,20.54274322628653
1987,Unknown,0.0005544960643942,0.0298292969099305,28.79334427382434,87864.39494584837,-22.267233153282856,9.056666606399569
1988,Unknown,0.0004567126313089,0.0177288413830702,25.67006128207657,78415.52680280792,-23.28201928069495,-10.84723942465794
1989,Unknown,0.0006877587510696,0.0255390456122199,33.98289601055173,71678.54924350556,-26.580909350024072,32.38338481988497
1990,Unknown,-0.0002011103328918,0.0408037782253592,23.290039156863617,213954.47634140815,-28.20207627302217,-31.46540792276199
1991,Unknown,0.0026415030415625,0.0360541640632537,22.170811708436187,222417.07730328196,-28.876533622906518,-4.805605696448955
1992,Unknown,0.0015385329370781,0.029813991269383,27.672383738833595,216895.1751199452,-31.522321027982887,24.814481773366985
1993,Unknown,0.0010433967042613,0.0245978294713874,35.04502650117838,286025.3412125863,-29.496764068841745,26.642600911892167
1994,Unknown,2.8019251314958296e-05,0.0233665648242709,33.40401016280387,342734.368988509,-27.260640947197142,-4.682594085980584
1995,Unknown,0.0012338442809777,0.0227229871094947,34.18169083891631,277279.856457417,-24.974641105183736,2.328105734377983
1996,Unknown,0.0011193306058493,0.0218199843970384,43.259918199274765,249834.9849228612,-23.037695240301662,26.55874281684969
1997,Unknown,0.0012059733203971,0.0265964858834756,60.38064764943747,231972.6892382104,-20.429002696652333,39.576425852903554
1998,Unknown,-8.607179939245757e-05,0.0296649875900592,86.48103993270553,220484.38457350276,-19.2218635233111,43.22641988672213
1999,Unknown,0.0004312953475584,0.027549003457643,78.23388589972207,213564.54,-18.909552204837865,-9.536372411109896
2000,Unknown,0.001330462406806,0.0308392426869724,66.81423293101288,284015.1996542783,-16.40615218361765,-14.596811646741624
2001,Unknown,0.0007579821050392,0.0292069623047267,120.51886610333248,386328.1320896645,-14.186763181989908,80.37903125786205
2002,Unknown,2.829052018011465e-05,0.0273025210214742,137.03005733317792,397337.3254135128,-13.453592137307217,13.70008842905044
2003,Unknown,0.0019392482590944,0.021814807989602,225.9578586734797,416129.4567875504,-11.198681901452831,64.89656581262369
2004,Unknown,0.0010305647050458,0.0229881905398579,281.64471332560925,430501.6820214669,-9.696686362346709,24.64479659129706
2005,Unknown,0.0002934292563479,0.0194772794980282,165.33398968073783,458337.27332378906,-11.365233502532597,-41.29696676053162
2006,Unknown,0.0008095742875671,0.0203815150451357,89.17999581130638,442579.1890744248,-14.000452924121667,-46.06070053501149
2007,Unknown,0.0004634115399154,0.0272271901031776,54.28981941423922,514797.9587256748,-21.43406744814537,-39.12332141267463
2008,Unknown,-0.0012048717717845,0.0508932873337232,33.042846698444414,697272.6501267487,-24.026749197352924,-39.13620075557318
2009,Unknown,0.0030027794266599,0.0592619717092545,18.9474969554863,582236.7895521787,-28.19496217949174,-42.657794806830886
2010,Unknown,0.0010239185534498,0.0274262974944977,230.6669238324876,512386.7760110612,-3.780365883316052,1117.4005061164414
2011,Unknown,3.609220665077458e-05,0.0286940936290742,213.39131649569367,545448.8848001747,-3.820918427250004,-7.489416796202475
2012,Unknown,0.0008458891718801,0.0290641611722656,220.9984630586753,570096.0952185652,-3.1781365817169367,3.56488103073076
2013,Unknown,0.0035930033776574,0.47517743550345,200.6160471187897,530831.6603351955,-3.4434458770239247,-9.222876782846225
2014,Unknown,0.0023608981140193,0.2676842896865617,266.09776766759745,543638.8338203068,-2.713456772132799,32.64032039771691
2015,Unknown,0.0001230670167292,0.050017355050039,268.552213330258,546838.0440076906,-2.215365870905215,0.9223849129492034
2016,Unknown,0.0013785866417111,0.0784591074051498,277.3761745535492,619902.4105271474,-1.5893425422270946,3.2857525595738624
2017,Unknown,0.0022964030113279,0.4586196085759346,341.4404127671525,585773.2253582957,-1.113340748146484,23.09651804691513
2018,Unknown,-0.0009081051247784,0.0929088828864396,400.25191145424105,648793.4946837075,-0.823754118469867,17.224527761801724
2019,Unknown,0.0008069770680745,0.1206059649543185,513.6421771408427,753944.1128205128,-0.4321631572467644,28.329724966114256
2020,Unknown,0.0012787283097816,0.1547984905989706,524.8225263513629,632853.8309925408,-0.1382559576636185,2.176680519647922
2021,Unknown,0.0039551276870938,0.4997445324213926,878.4132628866199,572777.0427554231,-0.0287179074969487,67.37339172414485
2022,Unknown,-0.0001356225833788,0.0289801134651004,196.31321800959813,731415.4180442701,-0.0376664606566554,-77.65138274842545
1974,Utilities,-0.0011676701680218,0.0207426216836986,0.9054202878368712,63533.24851778656,-65.74693041905473,-31.18642592427785
1975,Utilities,0.0014240457066973,0.0164480413669786,0.9247039411772132,71935.6939229249,-64.1548246754973,2.1298013308727937
1976,Utilities,0.0010299626085598,0.0111051740894789,1.1325244679727238,111971.40884387352,-63.195939603535415,22.474277175778056
1977,Utilities,0.0002919970538609,0.0100872228625319,1.3084040101204577,106274.70362103176,-62.986378553479206,15.5298668701231
1978,Utilities,-0.0001065202192149,0.0097026757725045,1.3178053859776968,106999.25620039682,-60.98961679328638,0.7185376828960921
1979,Utilities,0.0001360948380361,0.0106181923589686,1.30563198936424,124249.7435770751,-58.405986470214245,-0.9237628517070662
1980,Utilities,0.0002314078306309,0.0144231135119674,1.0900447748079831,175148.74760790984,-67.7774508076924,-16.51209654117266
1981,Utilities,0.0004115566131943,0.0134635907741337,1.079148148371917,179069.8423132931,-67.52967821259902,-0.9996494353166184
1982,Utilities,0.001002291312697,0.0134842858905794,1.2220263340482722,260267.7834408155,-66.67703536932267,13.23990463143656
1983,Utilities,0.0008207464889576,0.0132102623745508,1.440255635833511,337003.40124740126,-66.02303507670781,17.857986829326244
1984,Utilities,0.00093334610662,0.0163013740543567,1.305717945623068,314186.91363636364,-73.30363262824658,-9.341236851510926
1985,Utilities,0.0012967298286637,0.014119268556717,1.7224556720091238,358567.035515873,-75.88350549905374,31.916366607582702
1986,Utilities,0.001184828797999,0.0153973803069699,2.371909812516846,490415.5863636364,-73.84301043802304,37.705129430133866
1987,Utilities,-3.962498372375016e-05,0.0193092412903647,2.6011304265307813,577831.3169960474,-72.77991046164503,9.663968368624776
1988,Utilities,0.0006951493677373,0.013908326675299,2.681427089628494,766160.6488142293,-74.94557387050192,3.0869910358477304
1989,Utilities,0.0010521986551445,0.0200257782114792,3.081650612763469,384171.8174603175,-72.98438217225463,14.925765637372756
1990,Utilities,6.179445034610493e-05,0.0195182375161494,3.3385238689867403,338248.4551383399,-74.4914504860709,8.33557364223454
1991,Utilities,0.0010661749007843,0.0179393717399097,3.621459405353889,360822.97351778654,-74.11156816508611,8.474869357546977
1992,Utilities,0.000570554587537,0.0166491224067064,4.164972933000467,360506.3324803149,-72.9227357393573,15.008135307082515
1993,Utilities,0.0006263691227013,0.0124993525244539,5.089428688768342,390561.4458498024,-71.14733997143793,22.195960709446737
1994,Utilities,-0.0003138692871326,0.0133814755745821,4.684672226408824,457180.39705014747,-68.96209780699607,-7.952886013566884
1995,Utilities,0.0011153783195144,0.0108614102970483,5.675734732318311,391544.7857412297,-65.35848374286563,21.155428982258083
1996,Utilities,0.0003420631925008,0.0120512370226379,6.368849973270881,421908.1317014308,-65.5005075078443,12.211903368314392
1997,Utilities,0.0009478454509892,0.0149910960531998,7.005081340688511,468243.0281835367,-63.71893273178644,9.989737081071135
1998,Utilities,0.0005683892801552,0.0197553808496778,8.421381092828122,553570.2808692789,-62.24060446883675,20.218177109709437
1999,Utilities,-0.0003172709182672,0.0180879182035254,8.322839754961786,563282.6915873016,-59.874599403988846,-1.1701327464001987
2000,Utilities,0.001192260208054,0.0215226014040946,8.006723828713099,779365.8879365079,-57.82565596157624,-3.7981738872267634
2001,Utilities,9.273537429162336e-05,0.0211112741313714,9.13126651066817,928312.2064096462,-56.80801951214285,14.044979020286942
2002,Utilities,-0.0002533451070487,0.0266240673484826,8.408025538322203,1061415.188235294,-54.86584062812685,-7.920489140263232
2003,Utilities,0.0011840690790914,0.0173628078114602,8.678198895463693,1016779.9629629628,-52.29472366681631,3.213279454374751
2004,Utilities,0.0007446367351073,0.0177855995849453,10.39245271190852,958337.7671957673,-49.91798223549721,19.75356680682796
2005,Utilities,0.0006172242210597,0.0195209815923656,12.506149242344902,1083637.6313633705,-47.11372104461597,20.33876495790388
2006,Utilities,0.0009952633560664,0.0148873247663955,13.949710891604523,1282406.8333333333,-44.55374348744822,11.54281482881898
2007,Utilities,0.0006120936010524,0.0167912279882275,16.885459579892792,1438574.2999038328,-42.9015840917174,21.04522961873796
2008,Utilities,-0.0005489774441088,0.0312090177109809,15.248663467489214,1701907.3431069958,-40.89351565261751,-9.693524210337012
2009,Utilities,0.0010615375954868,0.0196767939903542,13.312558159323872,1641215.676803743,-38.30043197504169,-12.696885286328197
2010,Utilities,0.000619734005766,0.013962129882644,15.682051791257155,1518239.635040885,-35.48339472616456,17.798935438067808
2011,Utilities,0.0004869964267947,0.0155980633605359,17.99142314754186,1490780.906122937,-32.70098977168724,14.726206666223309
2012,Utilities,0.000137955622242,0.01322502108772,19.12198014348364,1344851.4526910223,-29.87946113902077,6.283866410513772
2013,Utilities,0.0007250550559312,0.0149294881793599,22.10055320073688,1335952.124829932,-26.856292971454565,15.576697783928362
2014,Utilities,0.0007708040113258,0.0174210545801794,25.548783614332716,1427261.568253968,-23.688878448677727,15.602461993941684
2015,Utilities,1.010208449603027e-05,0.0179077536449599,27.6298204332928,1496597.353174603,-20.70902949422832,8.145345979573904
2016,Utilities,0.0010373224997201,0.0175938896803779,32.40327507157445,1419317.7772108845,-17.17801908820969,17.276459142419288
2017,Utilities,0.0006119195535444,0.0133421492918921,38.16179156992744,1153368.5192942517,-14.06710370089195,17.771402691960002
2018,Utilities,5.162644042724481e-05,0.0156344646608243,39.2336285308877,1463638.7402390435,-11.430617052446149,2.8086652037712545
2019,Utilities,0.0010116198626435,0.0156872749581142,46.30099982107037,1362914.690249433,-8.762582302311483,18.013555092460276
2020,Utilities,0.0003044762503192,0.0313129345712139,45.65914080925138,1588230.2035008469,-6.11512317658825,-1.3862746253848537
2021,Utilities,0.0006703842271496,0.0151576683248839,51.29707538911274,1311542.4335600906,-2.985893211404994,12.347877073321987
2022,Utilities,0.0002728630476687,0.0183401624917845,55.86974021787045,1425072.5556489374,-0.7792126863422791,8.914084855855542
