Year,sector,avg_return,volatility,avg_adj_close,avg_volume,avg_range_pct,sector_growth_yoy
1981,Aerospace & Defense,-0.000541731248719,0.0207969707752754,1.8371061418105448,990952.172985782,-57.44856834409888,3.62171293679574
1982,Aerospace & Defense,0.001617430517637,0.0221572616745683,2.0953702213186207,1209104.6277997366,-61.11935688995709,14.058201299874028
1983,Aerospace & Defense,0.0015379031558171,0.0179314691994062,3.464810914672882,1176965.9308300395,-60.72658871486591,65.35554812325573
1984,Aerospace & Defense,0.0007285013839212,0.0175848724890831,3.8286647406334304,1275522.850461133,-60.664084594057336,10.501404980563
1985,Aerospace & Defense,0.0010541663817139,0.0152071139926283,5.165746945710409,1291611.3743386243,-61.41118814534361,34.92293777740816
1986,Aerospace & Defense,0.0004337838753926,0.0174859070462944,5.961878774351439,1386338.956521739,-60.069755077057216,15.411746587821762
1987,Aerospace & Defense,-0.0007170461700601,0.0253945247282719,6.413630468257959,1784578.8768115942,-59.13742577272784,7.577337799117911
1988,Aerospace & Defense,0.0008387805797389,0.0169998562586945,5.610122651764841,1223437.6403162056,-57.2620300987201,-12.528127719078952
1989,Aerospace & Defense,0.0003383087472768,0.0148121725056449,6.660334087947689,1212162.5112433862,-55.39055916712614,18.719937180918333
1990,Aerospace & Defense,-3.343993981469963e-05,0.0198633608598013,7.1752491134742815,1149771.4690382082,-52.87319473418746,7.731069023374748
1991,Aerospace & Defense,0.0017835514969334,0.0210303302238484,8.540212054065721,1309724.8695652173,-51.36353135209952,19.023213257198247
1992,Aerospace & Defense,0.0010191236599777,0.0142013608478735,9.498790491753676,1059747.498031496,-50.59564543636677,11.224293162973709
1993,Aerospace & Defense,0.0009007492996151,0.0132009165542691,12.00062093747306,903935.2944664032,-48.69705092249168,26.33841064176892
1994,Aerospace & Defense,0.0002310480110395,0.0134262648567814,13.345221776180166,913662.3075396824,-46.38004649469606,11.204427218498855
1995,Aerospace & Defense,0.001798934882166,0.012233917328659,17.279847530145492,1043868.9424603176,-44.70428774386172,29.483404771797986
1996,Aerospace & Defense,0.0011725983037955,0.0127087938092226,24.754277496513108,1143986.1030183728,-43.61297189121237,43.25518470766672
1997,Aerospace & Defense,0.0010030110482618,0.0172248053897207,33.688079874191985,1490374.9822134387,-42.75678608189434,36.0899338667319
1998,Aerospace & Defense,0.0001844298426476,0.0214361790413654,39.95263522957999,1712954.003968254,-42.28212836063535,18.595762592534104
1999,Aerospace & Defense,3.2322108441126785e-05,0.0214515455813222,45.620537170026665,1680745.7645502645,-41.7314346270055,14.186553422264115
2000,Aerospace & Defense,0.0011441007871048,0.0250017235150037,54.414771431968326,1983448.4113756611,-41.825443549909295,19.276919579367856
2001,Aerospace & Defense,0.0001578448249116,0.0238043588725753,52.360578867696944,2472238.6532258065,-40.73611137360162,-3.775064215494539
2002,Aerospace & Defense,6.234019729904249e-05,0.0240577423200194,45.978741853956194,3135562.412037037,-39.28654604589536,-12.188247631612658
2003,Aerospace & Defense,0.000740179341613,0.0171220321768923,40.96261200261495,2775597.771825397,-37.74936445919586,-10.909671837637813
2004,Aerospace & Defense,0.0007834824119458,0.0111548731356793,51.12313242185684,2161899.183862434,-35.842253951450225,24.80437628975727
2005,Aerospace & Defense,0.0005456652485307,0.0106185852038474,58.80438690841513,2205381.0145502645,-34.27741939365743,15.025007511617773
2006,Aerospace & Defense,0.0009675678911526,0.0116742673157223,66.90163232415796,2356759.565737052,-32.39558685965428,13.769798209704788
2007,Aerospace & Defense,0.000740153098735,0.0137948233249396,79.90930300151526,3011550.012616202,-30.821322136946765,19.4429795290066
2008,Aerospace & Defense,-0.0022704005084371,0.031935668249208,66.10327593171392,4897649.587615283,-29.663820935825196,-17.277121125107975
2009,Aerospace & Defense,0.0012274325652772,0.035049618625295,40.87031002271743,6318401.527777778,-27.464405041565428,-38.17203542992736
2010,Aerospace & Defense,0.0007426601597284,0.0184288101164658,51.76171098436628,4518967.697751323,-24.69535714674913,26.648686921129183
2011,Aerospace & Defense,0.0001415566922827,0.0195908715820949,53.118493474436086,3906969.0385964913,-22.112913337316225,2.6212087356996205
2012,Aerospace & Defense,0.0008386296969174,0.0135789095829863,58.97360724857875,2716137.490285714,-19.45701542998756,11.022740652387863
2013,Aerospace & Defense,0.0020619261329572,0.0128086840270568,77.77340052944191,2626000.3696145127,-16.888060277296983,31.878316687701403
2014,Aerospace & Defense,0.0007742641355929,0.0125703850381011,106.91844129238,2186296.6156462585,-15.029552676484691,37.47430427952669
2015,Aerospace & Defense,0.000629862977908,0.0138805000564589,127.65418918116563,2417849.964852608,-12.940197256267952,19.39398633027347
2016,Aerospace & Defense,0.0008414590330761,0.013205629675046,147.05048894774075,2262635.680272109,-10.941262087465912,15.194409122796635
2017,Aerospace & Defense,0.0007757912253954,0.0104124538269414,184.94822199804645,2011404.3084803645,-9.094786356440588,25.77191910172696
2018,Aerospace & Defense,-0.000813991683282,0.0185082868545728,208.0901343031369,3248214.0682982355,-7.50707261312546,12.512643838952345
2019,Aerospace & Defense,0.0010700801926046,0.0166257464604734,209.76266899671143,2780344.6394557822,-5.537738445608692,0.8037549205182515
2020,Aerospace & Defense,7.104697526408589e-05,0.03617079969136,183.1172723937075,6684596.076792773,-4.579382572460918,-12.702639955168404
2021,Aerospace & Defense,0.0008542785957449,0.016504708676301,206.98292783706907,3637054.0674603176,-2.421646100878569,13.032989805598303
2022,Aerospace & Defense,0.0007066054313375,0.0208887488283477,233.8770992856066,2996024.62304922,-0.7370430508447368,12.993424979333469
1987,Airlines,-0.0011173087918057,0.0307532261538799,2.57418954926046,2039629.027667984,-14.168049713735972,7.859362316665197
1988,Airlines,0.0018499226977902,0.021020598716679,2.318923742521421,1624000.2351778655,-13.292118791382162,-9.916356268805991
1989,Airlines,0.0006083190971996,0.0191467110197726,3.2385077805273115,2105577.0257936507,-12.738275291800733,39.65563943064399
1990,Airlines,0.0001300002367897,0.022241405773894,2.6940237188292118,1379869.1166007903,-11.930853078493922,-16.812806965356252
1991,Airlines,0.002043478034998,0.0232110425449361,3.1999950446630185,1512558.9644268774,-10.925641460929402,18.781249856764283
1992,Airlines,0.0007764656476934,0.0208999225247278,3.4014419472123696,1279653.653543307,-10.15696510053144,6.295225453093312
1993,Airlines,0.0011778905249574,0.0206655328497728,4.318536769731242,1356188.9229249011,-9.689116843273004,26.961942515893057
1994,Airlines,-0.0012160690369683,0.022410591237516,4.28729487837307,2164872.359126984,-9.762435728236309,-0.7234369654357753
1995,Airlines,0.0010808713389593,0.0240298132178553,3.882928528009899,2175835.66468254,-9.493291240855756,-9.431736370711665
1996,Airlines,0.0006781639212428,0.0228007971249127,4.975844379015795,2463260.228346457,-9.639626951799398,28.14668987909605
1997,Airlines,0.0024877312870526,0.0222470913501968,5.678761381876798,2159511.9960474307,-9.351929139819823,14.126587355210615
1998,Airlines,0.001405955722213,0.0316274713479719,9.176411302316756,2432766.4305555555,-9.596580472287044,61.59177477684412
1999,Airlines,3.248048540941622e-05,0.0270401997523318,10.624739153044564,2189742.013888889,-9.451951580986622,15.783161881182783
2000,Airlines,0.0015140506936665,0.0279862352924758,9.974895071415672,1874890.476190476,-8.816270574824467,-6.116329749541894
2001,Airlines,6.290421859123073e-05,0.0303740642131443,11.50155719057206,1965945.463709677,-8.888532724821895,15.30504439621858
2002,Airlines,-0.0006262048459978,0.0325109218126148,10.30601025053433,1903809.325396825,-8.882643896217148,-10.394652830294426
2003,Airlines,0.0010588543179918,0.0245634999261561,9.985286814825876,1948704.5634920637,-8.617343000752026,-3.112003849324973
2004,Airlines,0.0006399104651857,0.0207342247563623,9.6452795248183,2624131.547619048,-8.737873907205925,-3.4050828615432627
2005,Airlines,0.0014559250191843,0.018802173805507,12.305747185822336,2500506.6549912435,-7.765854981442296,27.58310585150361
2006,Airlines,0.0010226450441899,0.026342285390958,23.981810165836905,2837513.659531091,-6.602322741637688,94.88300713236468
2007,Airlines,-0.0017746801213131,0.0273576553522989,22.38268798854164,3999429.351535836,-7.393871161489597,-6.668062861965607
2008,Airlines,0.0012371074824986,0.0785604019511558,9.631575855530295,9266995.652173912,-6.207482638307876,-56.96863638334687
2009,Airlines,0.001547807193105,0.0535570025314467,5.950377682655577,8928184.682539683,-7.073863004638041,-38.22010258851915
2010,Airlines,0.0020797970887169,0.0298564002436332,12.532720113557485,7670048.412698412,-5.935310380667128,110.6205821201637
2011,Airlines,-0.0007070628885528,0.0308430301763372,12.140951001454914,8072604.206349206,-6.019125125880859,-3.1259703284905127
2012,Airlines,0.0018187878559509,0.0245281746727062,12.967305811691284,6836000.24,-5.97648440956609,6.806343342768972
2013,Airlines,0.0026908317876443,0.0210391338081071,21.41717745917184,6991520.0,-6.172187501602195,65.1628932809017
2014,Airlines,0.0028140662142121,0.0221367230359675,37.62781813031151,8084289.444444444,-5.869531455617116,75.68990219202539
2015,Airlines,0.0002183329401107,0.0212264475079956,49.83045187904721,7495284.285714285,-5.481744615158526,32.42982015719305
2016,Airlines,0.0007045088767473,0.0211481801321497,47.21746467257303,6675777.777777778,-4.634240310692759,-5.243755791772964
2017,Airlines,0.0003795831843302,0.0168794490614814,59.19574862780324,4914361.752988048,-3.676263242924107,25.36833359921584
2018,Airlines,-0.0004642166891303,0.0204861925081713,57.59958521322425,4984787.569721116,-2.470396192649708,-2.696415623721493
2019,Airlines,0.0004745729195025,0.0164125043418926,57.29551163325234,4225026.111111111,-1.0363975671111398,-0.5279093223437004
2020,Airlines,-0.0001351370535728,0.0550014728358102,35.01341941743029,29347853.833992094,-0.5172792656181938,-38.88976916455405
2021,Airlines,0.0003450649645455,0.0253893193225161,45.00167456808544,14727973.253968254,-0.1124091566183851,28.52693429217834
2022,Airlines,-7.883946243487789e-05,0.0301821964632595,36.13632773872183,13742667.920168066,-0.0551526222959891,-19.7000376418232
1994,Auto Components,-0.0001308451224073,0.0206990396317384,2.374908409894459,327580.9523809524,-28.47935689260199,7.9752088947181
1995,Auto Components,0.0011714908615339,0.0157436859245854,2.5759924319055347,420736.50793650793,-26.66653850321702,8.467022188026707
1996,Auto Components,0.0009076045608551,0.0149381464018413,3.3820569806211576,508711.81102362205,-25.28491971247164,31.29141758073233
1997,Auto Components,0.0013541187476871,0.0152068448310646,4.632639138594918,702535.9683794467,-24.1382772750284,36.97696890204598
1998,Auto Components,0.0006557890984854,0.02544286329262,4.904237699887109,742393.6507936508,-23.378191203564523,5.862717841100129
1999,Auto Components,-0.0010449281385548,0.0188993771891558,4.648278137048085,863492.0634920635,-22.610672793111245,-5.21915083448985
2000,Auto Components,0.0002731773426925,0.0228358154180925,3.579737789101071,1114063.492063492,-21.34277581958857,-22.987874572961697
2001,Auto Components,0.0014086753521683,0.0234903449483273,4.547575858331496,1373632.258064516,-20.010315315940048,27.036563185636695
2002,Auto Components,0.0002202567313156,0.0253322599304823,5.628178316449362,2561314.285714286,-19.24420328270514,23.762164541755197
2003,Auto Components,0.0022768960770681,0.0175996090518544,6.585544168003022,2070768.253968254,-18.0192344387536,17.010226004310947
2004,Auto Components,0.0011329472700726,0.0161584554747061,9.298519155335804,1788496.825396825,-17.23011490598272,41.195912108740096
2005,Auto Components,0.0005934278971712,0.0144862580103839,11.455457293798052,1627488.888888889,-16.309223719784132,23.19657681432559
2006,Auto Components,3.8891830866742775e-05,0.0143413879651736,12.51132625032706,1605972.908366534,-15.41665184106713,9.217169855808828
2007,Auto Components,0.0021643926147884,0.0178827265360979,17.967945231859428,1812720.3187251,-14.470484441248132,43.61343371882518
2008,Auto Components,-0.0021939731170566,0.0430927883769081,16.665345883652154,3102403.162055336,-14.06516540491582,-7.249573233880968
2009,Auto Components,0.0023940159305685,0.0375108551275097,12.269137437381442,4341387.301587301,-12.64335049004423,-26.37934116076862
2010,Auto Components,0.0033687969084982,0.0236050567607293,19.83697530958388,3474940.476190476,-12.545863886440635,61.68190641621512
2011,Auto Components,-0.0001529901771176,0.0265249922375557,31.09890667597453,3571441.26984127,-12.779826226661012,56.77242215928781
2012,Auto Components,0.0006707642413611,0.0203506830223449,31.478848526000977,2798937.6,-12.693158418279744,1.221720924099157
2013,Auto Components,0.0018876228142894,0.014059554521637,38.99140592605349,1704232.9365079366,-12.542329530624247,23.865413608910345
2014,Auto Components,8.688117483834779e-05,0.0155688780281745,52.41877471076118,1527609.5238095238,-12.006208317393073,34.43673923985315
2015,Auto Components,-0.0007484154748054,0.0179925040080439,46.14772642226446,2021659.523809524,-11.198803771433225,-11.963362980343216
2016,Auto Components,-2.4535446404340872e-05,0.0234260883680075,31.098346369607107,2466544.047619048,-9.950908947742414,-32.61131418469323
2017,Auto Components,0.0011847907559357,0.0142078543339886,41.463428284542495,1778462.9482071714,-8.668939150520567,33.33000987173178
2018,Auto Components,-0.0012831011891469,0.0196200622069195,42.87937966760886,1851717.9282868523,-7.710528692171191,3.4149404466736533
2019,Auto Components,0.0011454402150823,0.0196680848743604,37.12591061516414,1622144.4444444445,-5.824727137282734,-13.41779917770336
2020,Auto Components,0.0001274398275742,0.0319101666034931,33.71545215651923,3209753.7549407114,-4.181313614463151,-9.186194768383416
2021,Auto Components,0.0008786760360177,0.0204535373108609,45.15078979068332,2009648.8095238092,-2.531967053982481,33.91720087595787
2022,Auto Components,-5.082692129457572e-05,0.0244317275991475,38.29874873762371,2005616.4201680676,-0.9374462150180642,-15.175905194184436
1981,Banking,0.0008702532276141,0.013365737272584,1.5634036372036566,117329.54446640315,-21.175047931460117,11.51837748427087
1982,Banking,0.0003558924576177,0.0161398717317276,1.423370210704184,125637.06768774704,-14.250095455900311,-8.95695923734321
1983,Banking,0.0012385545943438,0.0135050223751831,1.9310991362679617,173313.49802371542,-14.451519809380864,35.67089726520194
1984,Banking,0.0006841680400319,0.0131903107894249,2.156691677735846,179900.02322134387,-44.8188841672188,11.6820797664414
1985,Banking,0.0014294038908699,0.0128904981921117,2.777892626230679,244807.83779761905,-42.39562305765697,28.803419371793872
1986,Banking,0.0003060270397419,0.0149934611892537,3.7819284943959457,314432.412055336,-44.31868634531145,36.14379687265459
1987,Banking,-0.0007680049920222,0.0223648560574396,3.706951624753114,374356.0043625788,-46.64958965225245,-1.982503628874344
1988,Banking,0.0008303500809859,0.0172016389714012,2.800286421584204,325960.08212560386,-45.242297178327874,-24.458511870364497
1989,Banking,0.0011839778126884,0.0159195362340467,3.2746256807756597,384353.2107583775,-43.79823208118922,16.93895508456982
1990,Banking,-0.0008065573186309,0.021411225131944,3.1322605002853083,502484.52788757137,-54.33772883404939,-4.347525316439493
1991,Banking,0.0025219286181708,0.0198655744906527,3.9856179713103455,552485.7808519983,-55.92911804228049,27.244141122595234
1992,Banking,0.0015771028612178,0.0180187481262418,5.57747845527694,955490.0984251968,-54.89924506807608,39.94011707658074
1993,Banking,0.0003871062490289,0.0168427692574185,8.13632816461078,895549.4444444445,-52.745057099103576,45.87825358451851
1994,Banking,-9.56194163122016e-05,0.0135755458722284,7.915147347950641,984527.0776014108,-51.681816718931,-2.718435296429822
1995,Banking,0.0021252087199438,0.0126577442059556,10.080712559572182,1008893.0727513228,-49.48116763253572,27.359758655437293
1996,Banking,0.0014075459362047,0.0135971365959947,15.110420972134914,1371580.931321085,-47.92311522651491,49.89437386335107
1997,Banking,0.0020473322508179,0.0184096683485425,25.515065634831767,1730350.0364514713,-46.4678017538899,68.85741093437457
1998,Banking,0.000845398899014,0.0255418449180968,33.22626096777605,2210932.402116402,-45.535975588210114,30.222126187350984
1999,Banking,-1.3520961688687635e-05,0.0232353648309397,35.07043001645635,2006796.052515608,-44.09649748760302,5.550335773467974
2000,Banking,0.0005859223971181,0.0304812932449275,39.52735591141177,2577149.1554834056,-42.60282414402288,12.708500844911397
2001,Banking,0.0001810999648332,0.0218149037665769,41.8499034926339,2887862.9673753665,-41.677720810563166,5.87579798261082
2002,Banking,0.0002201323178511,0.0219417704999687,38.04710841608942,3354000.7103174604,-39.9754904562813,-9.086747541039886
2003,Banking,0.00122762107031,0.0144088134449411,42.2578646713521,2947571.432900433,-36.41512796623445,11.06721753783011
2004,Banking,0.0004768543304183,0.0112630802553083,49.03828834489654,2900901.3593073594,-34.49084091820821,16.04535327631236
2005,Banking,0.0001208388496351,0.0105164939628016,50.95719381809923,3079756.883116883,-32.05654550621473,3.913075961596824
2006,Banking,0.0007290269689729,0.0115916794126103,56.70214539755518,3371393.6725823977,-29.37209947277729,11.274073686167997
2007,Banking,-0.0010914021882171,0.0188277389464075,57.20592523925074,6323627.830496197,-26.99505330883157,0.8884669850909743
2008,Banking,-0.0005647992855769,0.0628143424897063,30.004684299262703,18913404.44484369,-25.03140349456545,-47.54969144581624
2009,Banking,0.0013972353219003,0.0713314652008016,12.160785633420188,53656285.501443,-25.583323368661187,-59.47037631814373
2010,Banking,0.0013142273998537,0.0261805388201529,14.444675509461764,35000360.10822511,-24.11172812917163,18.780775723609565
2011,Banking,-0.0006687288488322,0.0300128199564903,13.485100108393688,34963815.56998557,-23.477281611967328,-6.643108046556822
2012,Banking,0.0015060388711271,0.019255044166696,14.403505211309954,31089282.21818182,-22.164970620602343,6.810517501050017
2013,Banking,0.0013304980382631,0.0133373593675785,19.249574902769808,20403252.56132756,-20.55477602060365,33.645071948560215
2014,Banking,0.0003073899437382,0.0126482142315447,7.548893341246774,14577419.086229946,-70.48946669488365,-60.78410365228082
2015,Banking,-0.0009069095022676,0.0487608382316286,18.869261094647594,13724763.143162394,-29.23060146300204,149.9606265669022
2016,Banking,0.000200045327659,0.049429222079324,20.97870057581109,17183019.086080585,-19.443821846850664,11.179237335169676
2017,Banking,-0.0005410204387512,0.0561797642317659,31.32059496763547,12598786.587189702,-13.768566283060457,49.29711616051578
2018,Banking,-0.0019694843625907,0.0539645375726838,35.762725000325936,11872523.902543671,-13.027533579265796,14.182776659513197
2019,Banking,0.0001297617781722,0.0441780387641738,33.87286024332337,9987110.27991453,-11.834119648309205,-5.2844540145789765
2020,Banking,-0.0006616879423574,0.0540821372494944,28.511862873704864,12957737.260869564,-9.82033407973958,-15.826822214327784
2021,Banking,0.000787823926511,0.0343798537668305,43.30287280041947,9828743.598290598,-6.228167293819736,51.87668723096888
2022,Banking,-0.0015372174147251,0.0466922500306243,40.41245765187916,10520370.24320828,-2.5364939178663914,-6.674880814171558
1989,Beverages,0.0006421446180128,0.0183494166823903,2.2826352633949782,2808008.01031746,-52.88055991363083,25.439354194156373
1990,Beverages,0.0012648924206558,0.0453752395073958,2.832946301428344,2477468.6079051383,-52.171885152669205,24.108583918697725
1991,Beverages,0.0012968193805815,0.0241411377758891,3.3816471413720266,2159077.513833992,-51.72669116129188,19.368557733234603
1992,Beverages,0.0014496334324608,0.043112547407697,3.959003025407749,1911800.0748031496,-51.049899543588296,17.073214912702973
1993,Beverages,0.0002061249976082,0.0308592393555242,4.093343828197407,1867403.9833992096,-50.32586844410189,3.393298816078105
1994,Beverages,0.0002494137639256,0.0264111036632739,4.075573006290055,2070906.6698412695,-49.20711107796258,-0.434139487255758
1995,Beverages,0.0008853803302756,0.0348860384820145,5.165622138178774,2066450.566666667,-48.42808910956998,26.74591107082087
1996,Beverages,0.0017259017822745,0.0447484879924092,6.975263473700996,2457646.467716536,-47.88381712334393,35.03239855945486
1997,Beverages,0.0019841641137832,0.0327134172811696,9.069532689098784,2562153.595256917,-46.4151958000923,30.02423095978901
1998,Beverages,0.002102145418229,0.0303944208026801,11.035358507524704,2842216.219047619,-44.11073977369498,21.675050808171893
1999,Beverages,-0.0003585009884028,0.0228987444038465,11.391922541760971,2986081.223015873,-42.847611602399525,3.2311051244337863
2000,Beverages,0.0011007118381274,0.0254911719014621,11.935242817870208,3169579.8396825395,-41.66029712898165,4.769346649939976
2001,Beverages,-0.000287694618276,0.0190365326583496,12.17844541285247,3057212.6201612903,-41.02860366698853,2.037684517135463
2002,Beverages,0.0002421556919355,0.0206750026479812,12.903149977627963,3434486.980952381,-39.99364233641776,5.950714891825837
2003,Beverages,0.0012249454661625,0.0203756721116059,12.106823852321222,3210397.6071428573,-39.05554457187439,-6.171563739764673
2004,Beverages,0.0016750425013239,0.0226060840706644,14.478972622562967,5395730.519047619,-37.77063886272865,19.59348545231323
2005,Beverages,0.0016828026856292,0.0208936846464047,15.514523374892416,7911695.527777778,-36.19890620425564,7.1521010455929845
2006,Beverages,0.0009595721473917,0.0205497242328198,17.741511159874054,10606581.209561752,-33.9770468999294,14.354213346867194
2007,Beverages,0.0011297325212998,0.0178101998753687,21.76225591826724,7593442.225498008,-32.329197705796936,22.662921563789308
2008,Beverages,-0.000400721652352,0.0294631201386696,21.785336395685853,10217464.71541502,-31.467076677024945,0.1060573752339699
2009,Beverages,0.0006728604587307,0.0190168289554806,19.539629129757955,8100376.837301588,-29.348713105952445,-10.308343305511746
2010,Beverages,0.000837381116563,0.01235279089556,22.79419127835168,6801863.355555556,-27.41640915081481,16.656212495032353
2011,Beverages,0.0007151867523948,0.0158944025568546,25.404209306504992,6673396.155555556,-24.85382913835388,11.450364684059334
2012,Beverages,0.0005266546404618,0.0156405834497618,28.87622850036621,6040519.8152,-22.02882193511101,13.667101982867758
2013,Beverages,0.0009753819221131,0.0130156663212534,33.54817116374061,5197135.496825397,-19.971628323238328,16.179199660077327
2014,Beverages,0.0010387749603378,0.0151457731330971,41.2095399584089,5161705.512698413,-17.441018036926543,22.83691935776464
2015,Beverages,0.000854492811316,0.0145990449745785,49.92761449359712,4964080.717460318,-14.688301008285157,21.155476484297097
2016,Beverages,-4.208720568538847e-05,0.0124537609064016,56.176848889910985,4734128.96031746,-13.090607972456118,12.5165891855604
2017,Beverages,0.0007598995343219,0.0101079815773255,58.51700801469416,3763675.079681275,-11.34130905379627,4.165700232437652
2018,Beverages,-0.000152109408058,0.0182522055708473,60.50739156107504,4571032.619920319,-9.08622865248917,3.401376136457768
2019,Beverages,0.0008612448936292,0.0132984686004608,65.07499085380917,4447685.238095238,-6.96821072931323,7.548828622241444
2020,Beverages,0.0007118599936581,0.0247603980340952,69.54861387471436,5429461.818181818,-4.8188248200049415,6.874565731334759
2022,Beverages,0.0004471251402625,0.0160569347324061,87.23575582744695,5127555.589075631,-1.088959569964339,8.58661779341865
2007,Biotechnology,0.0005986227549376,0.0248034548877885,33.99122888348492,8548440.836653387,-12.14302590091472,6.96935002890382
2008,Biotechnology,0.0004860605786407,0.0347555435637858,32.9717887870879,8544513.636363637,-12.082747451961511,-2.999126921510997
2009,Biotechnology,0.0004783558511167,0.0235969856715238,31.443646891722604,7120704.761904762,-12.989133307838122,-4.634695148731916
2010,Biotechnology,0.0005380926849514,0.0209121856948027,34.91194368165637,8287259.126984127,-11.500974612530264,11.030198888433574
2011,Biotechnology,0.0016025131942682,0.0248876755713521,50.18662884594902,6750134.424603174,-8.269535721974005,43.75203312532372
2013,Biotechnology,0.0022440814405522,0.0195833201358839,121.92108132649982,4466226.746031746,-7.44932733084174,40.21289775766503
2014,Biotechnology,0.0013242993809545,0.019862084426995,172.93081909664093,5961010.634920635,-6.8269517563340685,41.83832460732453
2015,Biotechnology,7.318677102890828e-05,0.0233849977983657,202.3309369746821,5157950.792507204,-6.00123101289487,17.001086348646254
2016,Biotechnology,-0.0001824549457875,0.0236490911883853,154.4434145625937,4187935.912698413,-6.057369599672306,-23.66791906770077
2017,Biotechnology,0.0005651195904506,0.0192158278671267,164.5306989652702,3468705.245683931,-5.231737159684855,6.531378777946073
2018,Biotechnology,0.0005551965909301,0.0239977236853412,164.52205546950282,3476226.958831341,-5.216788318022783,-0.0052534243285551
2019,Biotechnology,0.0010852653371947,0.0239318750646173,155.55132688542523,3431777.645502645,-4.059187288775612,-5.452599384609858
2020,Biotechnology,0.0014195055999426,0.0340069216379193,204.99869707356328,4930767.91831357,-2.5969629177634785,31.788459268212875
2021,Biotechnology,0.0007170395953088,0.0218839179700972,224.46333170189428,3297055.9523809524,-1.4824027327102482,9.495004068902048
2022,Biotechnology,0.0005247091669636,0.0291839005392688,230.69484011198625,3636712.719887955,-0.4249357100244951,2.776181019342583
1988,Building,0.0016345047940287,0.0171798008860778,2.124275602783139,285270.3043478261,-52.24976800471516,119.6494080237572
1989,Building,0.0005509885553496,0.0137416520762671,2.8524172928125138,271020.4404761905,-51.741574847712045,34.27717613832186
1990,Building,0.0003217498230271,0.0193075453451705,3.314540280478274,254840.78656126483,-51.43901690260012,16.201100337955875
1991,Building,0.0001498909162179,0.0186080816613767,2.9434740399654675,334019.62450592883,-50.83216317804362,-11.195104271270562
1992,Building,0.0021013416774428,0.0187665048089797,2.782603186885203,401644.94881889765,-49.74727895734058,-5.465339625762489
1993,Building,0.001895878183081,0.01679263434166,3.638214760382656,333029.00395256915,-48.6090543811966,30.74860179597543
1994,Building,-0.0006988303781302,0.0181119687702967,4.074456362497239,449337.6428571429,-48.06016664911599,11.99054016450365
1995,Building,0.0006506670660436,0.0153286568891954,4.509379562167895,661327.9821428572,-47.90522050819859,10.674386003341318
1996,Building,0.0016934958970087,0.0162256746825984,6.420025206691637,452445.63188976375,-47.79212867462571,42.370477316954776
1997,Building,0.0019174595905727,0.0164118035804763,10.61468322333611,1048144.0079051384,-47.615184224379234,65.33709575271374
1998,Building,0.0010682576300425,0.0235111883350843,16.57511813205386,987538.382936508,-47.80170807872043,56.152734691261294
1999,Building,0.0002317816460079,0.0263670454307578,24.16466285595818,2303054.7162698414,-48.22624270641602,45.7887820975903
2000,Building,0.0006841897678071,0.0289419633191614,27.154730325180388,2000977.4424603172,-48.20995623561727,12.373718959149317
2001,Building,0.0007227712088557,0.0232091317260782,29.44649238163425,2477202.2399193547,-48.15330519375691,8.439642113951429
2002,Building,-0.0002782542620084,0.0546096585953697,13.201881972097215,6943771.777777778,-46.99063917715499,-55.16653800052866
2003,Building,0.001666538663004,0.0214817448712054,11.85961011809016,3545093.728174603,-45.7883907096748,-10.167276581051166
2004,Building,0.0004525305746889,0.015573114913775,18.27282892948105,2494774.543650794,-46.58113243435343,54.07613528212392
2005,Building,0.0001187374828411,0.0175732900519339,18.42337720640122,2923976.005952381,-46.05180716264164,0.8238914592872737
2006,Building,0.0004547209111081,0.0176396026291857,17.85297095823098,2857283.384462151,-44.28508084245697,-3.096100360861376
2007,Building,-0.0013464567651496,0.0303542837110365,15.159365740430308,3876152.189243028,-40.92524346878234,-15.08771410709546
2008,Building,-0.0008758375858451,0.0339140710641636,8.523330426498836,4935952.727272728,-32.186357967584186,-43.77515146450385
2009,Building,0.0021924546459732,0.0264158256321493,7.199556326582318,5875162.402777778,-29.344889032124343,-15.531183629827783
2010,Building,0.0010531788443483,0.0165206807706175,10.272941053859771,6163577.922619048,-27.56780153789681,42.68852951299029
2011,Building,0.0006427249512335,0.0215620389381854,12.34528831073216,5267917.212301588,-26.442633138785794,20.17287207244085
2012,Building,0.0015367410874943,0.0141833585678789,15.367104274749757,3641819.562,-24.67760294516832,24.477483943332736
2013,Building,0.0016146896083861,0.0132883009724995,22.827416494991,2196999.992509363,-21.279054770284084,48.5472870285624
2014,Building,0.000574767170658,0.0127528004344021,34.128749418510964,1644350.2447089946,-15.676296122967331,49.50771773056229
2015,Building,0.0003584165217361,0.0138795733477707,39.0584702214236,1540052.996031746,-13.575348688103322,14.44448122742763
2016,Building,0.0008470659199782,0.0152428998523267,44.29695368569995,2191010.886243386,-11.769409364196424,13.411901271553228
2017,Building,0.000649435813628,0.0111888917064419,53.27481784288626,2285212.3505976098,-8.354732662265956,20.26745274830169
2018,Building,-0.0006154354935068,0.0157430657977746,54.95398091826623,2508851.6600265605,-7.093402668747846,3.1518889099386715
2019,Building,0.0013178894759179,0.0134363814514342,59.65949867137525,2598521.164021164,-5.190749082433412,8.562651284731505
2020,Building,0.0007077963369218,0.0265199065385502,61.920657201875024,2643750.9881422925,-3.6943195378523135,3.790106489085665
2021,Building,0.0016779069578578,0.01534444389767,86.91027999050402,1902472.3544973545,-2.203552445970965,40.35748959698103
2022,Building,-0.0008700164515342,0.0203388960144414,75.59851552391586,2047488.2114845936,-0.9003856161098069,-13.01545049426156
1981,Chemicals,-0.0001348302918281,0.018434592583061,1.092617636367345,567347.6231884058,20761.4451004699,0.1560255442280889
1982,Chemicals,0.0015910818367238,0.0194567836196156,1.0622116673114428,804541.674571805,-12.55849383071688,-2.7828554147262152
1983,Chemicals,0.0009809521941217,0.0189366074992351,1.5488812927357922,895395.6291172595,-44.33606833253682,45.81663338872524
1984,Chemicals,0.0002940197750361,0.017100462851745,1.5230784693018722,787095.8287220027,-48.26429156474482,-1.6659006442220292
1985,Chemicals,0.0016088836669815,0.0137236778634016,1.942038563942468,726155.8366402116,-50.82371041030412,27.507453035734454
1986,Chemicals,0.001160435640234,0.0188882305656804,2.803917851726057,1081028.8722002634,-53.48173174897328,44.380132495099225
1987,Chemicals,0.0007588314221742,0.0287819750919125,3.68196081341648,784023.023715415,-53.122644092178106,31.314860424670087
1988,Chemicals,0.0008819635678204,0.0187434133305226,4.6740804389671045,612342.8598290598,-50.48018096751539,26.945415115106574
1989,Chemicals,0.0005815592635871,0.0148669683931002,5.397405662233868,610667.8032879819,-49.11819684587629,15.47524123112025
1990,Chemicals,0.0003077992571373,0.0166925711221453,5.538586649229673,506567.073404856,-48.32296653060777,2.615719399852812
1991,Chemicals,0.0015270684263181,0.0175169605747862,7.238990955605876,495683.8577075099,-46.61995813047379,30.70105090100379
1992,Chemicals,0.0005739235176522,0.0163492730849259,8.802324057027647,461091.83464566927,-46.08495860137836,21.596008490812203
1993,Chemicals,0.0004838912626658,0.0147036219035358,8.688245953465792,437754.2135650224,-46.11647533119465,-1.2959998157620278
1994,Chemicals,0.0002888553600897,0.015029370998932,9.195470241597029,496678.6197939991,-46.76889586165791,5.838051671740496
1995,Chemicals,0.0011804873693144,0.0138269201043929,11.395858935893528,463708.5776014109,-45.31183123031466,23.92905024413789
1996,Chemicals,0.0005199544734575,0.0154607020240274,13.124535415637734,501873.4103237096,-43.32691373337113,15.169339050866926
1997,Chemicals,0.0005557684029353,0.0156520308323864,14.44138980822758,534713.0825647782,-42.19604957412483,10.03353148044257
1998,Chemicals,-4.6138763993481886e-05,0.0199175402434357,14.28757801888481,567522.9889770723,-41.30230979451341,-1.065076086064376
1999,Chemicals,-6.051273538380301e-05,0.022845145910122,13.02684762511514,725087.4378306878,-39.75638743625532,-8.82396157069646
2000,Chemicals,0.0004706976578226,0.0262552002331095,11.522946071792951,813248.8108465609,-38.420535162330246,-11.544631491833346
2001,Chemicals,0.0002931398087551,0.0209458514564271,12.423534680438298,968313.9686379927,-37.12478275158331,7.815610721722432
2002,Chemicals,0.000366522927342,0.0231852839201871,14.012876223424543,1144652.405643739,-33.13072875444589,12.792989949058333
2003,Chemicals,0.0006930972004619,0.0174480601380382,13.561163875055902,1079307.9867724867,-31.53738802642956,-3.2235519758145093
2004,Chemicals,0.0012131639399562,0.0151897821608071,17.28638115425379,1031153.623015873,-29.79140009250674,27.469746059554435
2005,Chemicals,-4.572654162957358e-05,0.015288669998821,18.632741809143116,1350492.7676383608,-28.663102763377434,7.78856281644591
2006,Chemicals,0.0014688284531443,0.0148933541745615,20.1986539569509,1517453.1633466135,-26.616708665307165,8.404088694232815
2007,Chemicals,0.0018244318906963,0.0205338057552119,28.24427653071415,2321930.558565737,-25.080306908386028,39.83246898981867
2008,Chemicals,-0.0011160586821826,0.0417734295575686,31.518835740032877,4655050.197233202,-23.504853052537943,11.59370892632996
2009,Chemicals,0.0020241533122037,0.0273447931779014,24.59079323931346,3626478.003174603,-21.43747107766473,-21.980642171753605
2010,Chemicals,0.0014977858732617,0.0181842407912552,31.12951878955981,3249381.328629781,-20.908892719696887,26.590136750012803
2011,Chemicals,0.0002515556106131,0.0238790127824545,38.16339081603211,3547062.360750361,-20.8714000966115,22.595505166727197
2012,Chemicals,0.0015141359704006,0.0164775221391445,43.86444770188765,2529352.088,-18.73240504876134,14.938549127716838
2013,Chemicals,0.0009487976620022,0.0141228416294482,56.54140843354262,2161352.551226551,-17.22810552583694,28.900308554687303
2014,Chemicals,0.0004056795870459,0.0131314402891536,67.72744021890483,1898420.6363636365,-16.28243606539738,19.78378695413998
2015,Chemicals,-0.0002387778480621,0.0171951636329281,71.11565787589223,2054715.1482683984,-14.736056858530628,5.0027251082222834
2016,Chemicals,0.0006078169562522,0.0197142009518026,70.50869081133888,2340368.4844877343,-12.50337221509438,-0.8534928631506067
2017,Chemicals,0.0011495451910852,0.0135182118603571,85.40733229220237,1921478.8569358927,-10.55323487740822,21.13021999050868
2018,Chemicals,-0.0002699870665775,0.017076094907611,93.97816432053436,1926267.0325968848,-9.18212908598404,10.03524146967707
2019,Chemicals,0.0008385066217873,0.0174041304692048,100.80179541933244,1747622.1544011545,-6.770522295167135,7.260868679584442
2020,Chemicals,0.0011690921879486,0.0345371906587721,111.04621973133668,1966504.7071505568,-4.5251812383189725,10.162938337941064
2021,Chemicals,0.0012674828328335,0.0192052479359791,149.04434436258643,1759582.2871572871,-2.764703101981847,34.21829642033898
2022,Chemicals,-2.748743541808382e-06,0.0252554574741908,145.35802334260177,2094013.8907563025,-1.0127143055989327,-2.4733048649043576
1989,Commercial Services & Supplies,0.0002241377157799,0.0270655630017712,1.5797217734670512,201061.07936507935,470.6681495456495,3.7096550238784776
1990,Commercial Services & Supplies,0.0026482710274781,0.0308460923581624,1.9880738052219271,236971.4532279315,30.51823328014411,25.849617230928978
1991,Commercial Services & Supplies,0.0026441287093871,0.0225125686621955,4.285377712078559,257329.0948616601,0.989821086742271,115.554256628827
1992,Commercial Services & Supplies,0.0004397028734423,0.0212853595779752,5.157147854488353,265672.1062992126,-35.79554889915343,20.342900929191487
1993,Commercial Services & Supplies,0.0003394774552625,0.0192557443616924,5.065635935826735,278304.8787878788,-35.48795242622452,-1.7744676174442864
1994,Commercial Services & Supplies,0.0002684354156504,0.0186377562572765,4.415397724409482,684698.2928870292,-34.41966470537592,-12.836260237701635
1995,Commercial Services & Supplies,0.0013095049496022,0.0202198772663238,5.1453332511619445,973287.9444444444,-34.065075701028235,16.531591768442212
1996,Commercial Services & Supplies,0.0003297731626812,0.0236220444555527,7.597907033594926,1575120.1811023622,-34.8985203465969,47.66598513087814
1997,Commercial Services & Supplies,0.0010503250377417,0.0206697790554169,9.839615172842748,1094308.5671936758,-35.27163404148762,29.50428492130632
1998,Commercial Services & Supplies,0.0012382615632913,0.0294029953227297,12.6760593347094,1453816.954225352,-34.285688317614515,28.826779422179197
1999,Commercial Services & Supplies,6.860558729710423e-05,0.0344390613327426,12.20220056672891,2088892.8444444444,-32.61243671001521,-3.738218285890915
2000,Commercial Services & Supplies,0.0016808500759439,0.0347388031614742,9.893415520872388,1445964.8952380952,-29.53632123673828,-18.921054716571074
2001,Commercial Services & Supplies,0.0009016474916837,0.0252313983355063,12.163333998235965,2134291.438709677,-30.375029814880417,22.94372931749073
2002,Commercial Services & Supplies,-0.0003197808712599,0.0245064417165866,12.563849513445582,2322945.0174603174,-29.81675063980879,3.292810304047422
2003,Commercial Services & Supplies,0.0011679626882991,0.020918338481016,11.453743467775602,2013071.6825396824,-30.255017099040487,-8.835715872607086
2004,Commercial Services & Supplies,0.0008109351436,0.0181770429173496,13.608111101956595,2067236.6888888888,-29.6253830268404,18.809288336535325
2005,Commercial Services & Supplies,0.0001779108071633,0.0137032099815024,14.11337513942567,1683099.3007936508,-28.93978367994604,3.712962318454527
2006,Commercial Services & Supplies,0.0006125867278959,0.0122478486752696,15.545497844703643,1636236.89561753,-28.54641537950319,10.147273002595549
2007,Commercial Services & Supplies,0.0005582488738033,0.0160444081411812,16.16763073704632,2023126.7697211157,-27.787262052950723,4.002013306731356
2008,Commercial Services & Supplies,-0.000352659061456,0.030032636438312,14.55893850684637,3073639.2790513835,-26.51031286850147,-9.950080233548452
2009,Commercial Services & Supplies,0.0007982348945772,0.0204972321205386,13.106314868964846,2689841.216666667,-24.21764968086574,-9.977538109652883
2010,Commercial Services & Supplies,0.0007152136810251,0.0140577212932949,15.39898339888406,2128789.311904762,-22.494084328667142,17.49285403899572
2011,Commercial Services & Supplies,0.0005574098682235,0.0185435047611703,16.903796890803747,2624354.3626984125,-20.122664924988488,9.772161271559888
2012,Commercial Services & Supplies,0.0005193881014899,0.0115285572251842,18.96263730697632,1913880.876,-17.127876020160997,12.179751268146454
2013,Commercial Services & Supplies,0.001184935350071,0.0108651463259854,23.421691111912804,1677178.5833333333,-14.848220873510842,23.51494537785632
2014,Commercial Services & Supplies,0.0006750348649637,0.0098379221010379,28.55433604490189,1379815.5468253968,-12.730196455046352,21.914066360385533
2015,Commercial Services & Supplies,0.0005078687832034,0.0110031108276093,35.63932528798542,1478426.4888888889,-10.531196566741896,24.812306025755014
2016,Commercial Services & Supplies,0.0012615317708253,0.0115151586906647,43.052950797762186,1615966.4682539685,-8.747899145326809,20.801812183229007
2017,Commercial Services & Supplies,0.0012407825329577,0.0098144110222034,56.68965817333692,1366349.0239043825,-7.151365765360279,31.674268831495624
2018,Commercial Services & Supplies,0.0004900154775677,0.0142095884948611,73.63936019380729,2025071.752988048,-5.639935287833469,29.899107820767192
2019,Commercial Services & Supplies,0.0013068121825568,0.0120345913827945,93.38172518109518,1653061.2301587302,-4.175902284022411,26.809528131870053
2020,Commercial Services & Supplies,0.0013993038226053,0.0258697973370216,109.94971058510038,1884161.106719368,-2.847559765074071,17.74221387736723
2021,Commercial Services & Supplies,0.0009201662938094,0.0138285818205574,145.02702950825767,1301280.238095238,-1.5495926171017689,31.903057076269125
2022,Commercial Services & Supplies,0.0001452162103963,0.0174797278362617,156.96870365142823,1500724.6184873949,-0.6088702160050811,8.234102417777667
1981,Communications,-0.0006520666342431,0.018834603772538,3.982205682121247,717047.604743083,-42.24957355609856,21.331737830147635
1983,Communications,0.0020246326091694,0.0201183247966604,7.53253865336241,1885407.071146245,-39.47867790535797,87.71542450216705
1984,Communications,-0.0008290165711786,0.0235312939656629,6.879524172530344,2166800.885375494,-38.83468541836763,-8.669248322284684
1985,Communications,0.0008238323787631,0.0194190937791568,6.45959823093717,1605619.2261904762,-37.56473840559533,-6.103996890801255
1986,Communications,-3.783416913237289e-05,0.0222089267934937,7.752681873532623,1708154.209486166,-36.55414774463242,20.01801964094987
1987,Communications,0.0018702748963637,0.0312807935070953,10.5113866055907,2305211.498023716,-35.46967051835987,35.58387635479014
1988,Communications,-0.0003845424404139,0.0211374273443334,8.80572238741185,2000090.6798418968,-34.80125693248632,-16.226824130620944
1989,Communications,0.0014911267179925,0.0159364574840326,10.364196822756814,1827835.150793651,-33.57407020444704,17.698427985566155
1990,Communications,0.0016780364310801,0.0281494815571011,7.190265019154511,26279914.85835095,-32.74945907994102,-30.62400162676625
1991,Communications,0.0029666663142034,0.0272426258790868,6.4110412753882855,52222049.51581027,-31.95408070313399,-10.837204771874363
1992,Communications,0.0028544228573053,0.0202898958810732,9.013917415864825,39887736.53937008,-31.026020389061365,40.59989678227262
1993,Communications,0.0024344206915777,0.0252010041702088,17.589868469789565,44283291.47826087,-30.604699278926077,95.14122060660056
1994,Communications,0.0017611018701883,0.0258177961706868,17.87197840582172,34082934.36450079,-30.62900147084304,1.60382061137454
1995,Communications,0.0014244552118349,0.0269512026265476,19.400105453988232,32768854.75661376,-30.696592883386717,8.550407870170273
1996,Communications,0.0016487933177496,0.024605686783894,17.661262000639606,30109847.556430448,-30.02367823906553,-8.96306186310527
1997,Communications,0.0009040409286359,0.0268780015572646,21.758422319754,37276857.11594203,-29.893289792135413,23.198570515323368
1998,Communications,0.0034007072264923,0.0292739356564502,20.51424534232528,26175958.32804233,-30.20679153119259,-5.71813966630822
1999,Communications,0.0070550022022066,0.0479638592065459,37.169696596855125,16273737.141062802,-25.92990022650841,81.18968539469537
2000,Communications,-0.0006988119078975,0.0580018486607575,60.469490852053205,16353995.74920635,-25.04935577863901,62.68491913697633
2001,Communications,-0.0002666203099165,0.0621682281850393,23.135293953457182,24160375.677419357,-26.706396080223698,-61.7405510986345
2002,Communications,-0.0012545459528506,0.0479471421204738,13.63388969046729,21805448.72063492,-27.22803273889071,-41.06887201046378
2003,Communications,0.0028357428905466,0.0277907199533014,13.85726668796842,16942268.55,-25.46477264581497,1.638395223758593
2004,Communications,0.0012630581524609,0.0289851973444459,21.790433602106003,17051002.665079366,-23.20763317491139,57.24914655085305
2005,Communications,0.0004405642861341,0.0200081329783351,24.97815903860425,15928119.168253968,-21.52759873450702,14.629013330832308
2006,Communications,0.0007248907256235,0.0219207914006724,28.17624661798971,16449107.441434262,-21.12130887429996,12.80353597894366
2007,Communications,0.0008280951667179,0.0228954360882206,30.723432804578803,16904829.4,-20.850381805637,9.040189849001344
2008,Communications,-0.0019969922970022,0.0391738388652173,20.65112494932333,20324623.863241103,-21.089343949354895,-32.7837970428694
2009,Communications,0.0020749057187078,0.0300024768112295,19.22071394958193,18081115.57142857,-16.704454102440668,-6.92655244327629
2010,Communications,0.0010879349620323,0.0229406441869878,31.29639054442209,20356459.92460317,-11.925324845313344,62.8263686068894
2011,Communications,-0.0006397180675952,0.0292538787152215,35.94216690820361,22884548.123015877,-10.37819831776189,14.844447819589002
2012,Communications,0.0004013233727555,0.0264495335518374,36.17484347391129,19628361.2,-9.039650912471872,0.6473637671928101
2013,Communications,0.0011531466546204,0.0219364749506837,34.701244546875124,17435241.26984127,-10.274260591848902,-4.073546104211623
2014,Communications,0.0007221124569173,0.0194245963650678,40.270039598458176,11218805.195729535,-8.343792399564185,16.04782515526386
2015,Communications,0.0002524728040453,0.0179536454806902,40.39139845762303,9001086.375661375,-7.348447157091127,0.3013626516759293
2016,Communications,0.0006328948592511,0.0187195308294715,41.32893175060156,8088478.505291006,-6.335947510866674,2.3211211514801766
2017,Communications,0.0009310618307976,0.0166861459980145,50.98033146902543,7330334.462151394,-5.117204435933908,23.352647430291707
2018,Communications,0.0006811532708945,0.0192550977962624,67.76820994689962,8613698.207171315,-3.885613467464418,32.930108522488034
2019,Communications,6.79749537402092e-05,0.0192898477017868,71.64540657227633,9009070.370370371,-3.381967419161759,5.721261677731682
2020,Communications,0.0007926510837532,0.0276114082798025,67.95496862255067,10937666.666666666,-2.333440425058801,-5.1509763518512885
2021,Communications,0.0020957980292599,0.021506682321999,98.44726621316224,11785984.457671955,-1.0724765457647094,44.87132907084117
2022,Communications,-0.0005549497631805,0.0220487958353492,101.1579955495706,9487809.652661065,-0.3945143111820227,2.753483606684415
1981,Construction,0.0010873073431756,0.0118793709672726,1.9857749510188347,18872.727272727272,1378.5561483484344,26.651910520300117
1982,Construction,0.0001006927925115,0.0141817262781975,1.9474311591137068,57187.35177865613,1340.7312687443623,-1.930923334764345
1983,Construction,0.0009620153187879,0.0108007281648203,2.674967035474513,76956.52173913043,11976.13302458395,37.35874682686675
1984,Construction,0.0001185791511107,0.0080392980177425,2.788231713969717,51315.41501976285,2672.025011172394,4.234245768008549
1985,Construction,0.0011041066067112,0.0073421701673096,3.3318765030966864,91890.47619047618,12921.769368172278,19.497833928334487
1988,Construction,0.0010870552107218,0.0096485103451921,6.554177073150756,52520.1581027668,-47.31548162123239,10.810253245515277
1989,Construction,0.0004262984457383,0.0101921268217025,7.93742487354884,78676.19047619047,-46.23471374335746,21.104828035003376
1990,Construction,-0.0008622385442659,0.0127398354879034,7.446854659219976,76278.26086956522,-44.871739812859005,-6.1804706456330845
1991,Construction,0.0004285041651753,0.0122114961196025,7.0060875990645215,98940.7114624506,-42.91565850803001,-5.918835271072986
1992,Construction,0.0013163329608006,0.0101268008516902,8.224840398848526,82750.3937007874,-41.06330272316071,17.395626054500624
1993,Construction,6.305948757283885e-05,0.0119703619924976,9.49880446181467,96098.41897233202,-39.60677187934859,15.489225336755451
1994,Construction,-0.0003322355912311,0.0154615552671329,11.960152871036732,97786.83651804672,-35.046449293222736,25.91219157228384
1995,Construction,0.0007239736724767,0.0119228063152464,12.619172349808707,70064.88095238095,-33.481712940047515,5.510125881148986
1996,Construction,0.000521597670718,0.0128850795107099,14.40294411426454,106486.41732283463,-31.762227862995857,14.13541011255679
1997,Construction,0.0020798605187253,0.0129320680257595,19.96725997811721,109255.73122529643,-30.064920386447326,38.63318374152283
1998,Construction,0.0023292367133942,0.0239750877468169,23.206441919227224,129592.9945054945,-26.30666256247081,16.222465899977976
1999,Construction,6.286148487724994e-05,0.0274012991841078,28.74697000261337,202193.78306878303,-23.636921876225795,23.874957232438355
2000,Construction,0.0016037868730876,0.033955425052051,33.28255658174949,310978.5714285714,-19.29572571566563,15.77761614084472
2001,Construction,-0.0003278447151529,0.0308905252636628,30.05942554755877,311241.6666666667,-21.063519466893275,-9.68414498529876
2002,Construction,-0.001517100764011,0.0442143656468106,22.74653112399515,285736.2433862434,-22.68775303671585,-24.328124341542942
2003,Construction,0.0024133562216282,0.0316901007304547,20.81754072444149,410455.5555555556,-21.313669685609987,-8.480371750041416
2004,Construction,0.0006968303250734,0.0182621321158599,26.847565321695235,441782.5396825397,-20.09574537070745,28.966075662213097
2005,Construction,0.0016218276240443,0.0180596974428475,37.54166281917108,605380.5555555555,-18.68285486239629,39.83265286567366
2006,Construction,0.0015609395996514,0.0205902827467288,51.6956740578174,885479.282868526,-17.327991844655834,37.702142568438425
2007,Construction,0.0008011464608351,0.0213294780591995,73.55530780625058,1366720.9827357235,-16.06784681822193,42.28522820688045
2008,Construction,0.0001165420022165,0.0449539091368612,55.39821073032022,1996303.0303030305,-14.519952793169926,-24.684958322460325
2009,Construction,0.0001120244197903,0.0302160117830764,45.19744782220749,1719800.396825397,-12.564517780403616,-18.413524143893888
2010,Construction,2.0557256418976265e-05,0.0204344428489654,44.25392637807856,1607751.455026455,-11.058947911054554,-2.0875546952129898
2011,Construction,6.670583004166423e-05,0.025914018460199,41.2661856078597,1463253.174603175,-9.417610190563607,-6.751357483386733
2012,Construction,0.0011783020269492,0.0180954150187299,45.527345202128096,990701.2,-7.815695408011428,10.326032153203911
2013,Construction,0.0008181192509759,0.0157417040930828,47.593352129041534,731443.2247422681,-9.084226840021527,4.537947288033095
2014,Construction,0.0002968164719274,0.0157300241155264,57.395256273330205,899400.8869047619,-8.390729738178598,20.59511193435677
2015,Construction,0.0005593308030974,0.0211068845510317,68.38944682053157,1215835.310515873,-7.229032266111532,19.155225119728293
2016,Construction,0.0016083122193506,0.0186263357330074,81.30853571967474,1114774.8313492064,-5.962210045913328,18.890471410078224
2017,Construction,0.0006046087566282,0.014490539730725,98.32271660846544,860471.6065737052,-5.131401006470781,20.92545479782102
2018,Construction,-0.000601659024514,0.017944487150414,96.89572593605376,891594.860557769,-4.431527536915812,-1.451333650690445
2019,Construction,0.001752369935381,0.0139671961410542,109.7690412922511,748971.7757936508,-3.09572456880152,13.28574117365411
2020,Construction,0.0015215645490302,0.0329273337424242,114.68163961478372,819099.0316205533,-2.050830160964481,4.475395124799575
2021,Construction,0.0018326551034825,0.0177821280265976,186.3560139489552,568980.8422619047,-1.1173229523151418,62.49856086373207
2022,Construction,-3.376666641320656e-05,0.0213707165136502,191.90053430925897,621313.1554621849,-0.4413716080138111,2.975230175197052
1977,Consumer products,-0.0002279808183694,0.0137982313736519,1.391713426404056,579186.1111111111,36.10840598265265,-9.311188546377402
1978,Consumer products,-0.0004250049270792,0.0165702555535064,1.2874471264344358,702322.619047619,32.749067102413896,-7.491937491687928
1979,Consumer products,-0.0001923296993591,0.0136320107959988,1.1651971440600313,763042.6877470355,33.069103641569626,-9.495534213740797
1980,Consumer products,0.001097617332695,0.0212305077687811,0.7236591290366726,777880.5290034706,76.24481976408087,-37.89384631383979
1981,Consumer products,0.0011195915540973,0.0199783625639104,0.8672472682074334,629786.6991655687,133.0330115632396,19.841957823693
1982,Consumer products,0.0023521915440439,0.0210623357750336,1.1087758332805042,978880.0478700044,137.55075507571962,27.85002316263285
1983,Consumer products,0.0009432686693939,0.0198622027563263,1.827510317879965,1133976.322793149,-23.624410337311584,64.82234397849031
1984,Consumer products,0.0002802845511969,0.0189152251830841,1.63152860247047,1219416.4927536233,-50.08997516841066,-10.723973128471687
1985,Consumer products,0.0012386820890292,0.0153220877589149,2.8203986119142552,1189158.96850063,-49.421382361957534,72.86847485502805
1986,Consumer products,0.0009228633902607,0.0202944415705794,5.5516924974239865,1217457.8197628458,-43.87899051627229,96.84070450084192
1987,Consumer products,-0.0003932629849455,0.0303904064487181,4.814690992884014,1473879.1130434782,-48.75102205494731,-13.275258038552115
1988,Consumer products,0.0010225440492306,0.0190854648863596,3.0840265702824348,1030221.7130434784,-56.93686378622947,-35.94549318241722
1989,Consumer products,0.0013183804020024,0.017556430368658,3.936964682643376,1277547.5523809523,-54.92368720262397,27.65663955621591
1990,Consumer products,-0.0004406893283949,0.0355855784030661,3.846530367098307,1084553.1067193677,-56.41298922639088,-2.297056814955956
1991,Consumer products,0.0025712036377843,0.0369536093448719,4.680108674147384,1012736.1166007904,-55.7113874995905,21.67091449944538
1992,Consumer products,0.0010595801818612,0.0355071849721469,5.7173406415446415,840337.1814389989,-52.53837785109796,22.16256159022245
1993,Consumer products,0.0099605378700589,0.4788939938856079,7.443249937652442,945779.7579051384,-47.33289720392541,30.187274194694737
1994,Consumer products,-0.000874970874654,0.0207173635674362,7.975962641259665,833060.583994709,-46.21693021020405,7.156990670331265
1995,Consumer products,0.0014017281726763,0.0181982309074951,8.34747246158658,957617.2505732068,-46.29484500254119,4.657868109926877
1996,Consumer products,0.000982975695168,0.017808127608443,9.85478361197344,948357.3921865536,-44.32436062016178,18.05709641239559
1997,Consumer products,0.0014504592917936,0.020401202136616,13.18497611969646,1074905.2450592886,-42.5971459577836,33.79264973080562
1998,Consumer products,0.0014423385135771,0.0237071362670285,17.96415173534363,1175597.7475579977,-38.767552141151285,36.24713137331944
1999,Consumer products,0.000230513318511,0.0234255552840331,20.248980910641222,1286163.923992674,-36.98181314466439,12.718825853615456
2000,Consumer products,0.0007037116592345,0.0298701048827902,19.38766804827415,1834194.8034032208,-33.34198864593779,-4.253610915868067
2001,Consumer products,0.0009926529022299,0.0242541778938745,26.996140555234,1603758.3254608295,-26.07732821513901,39.24387650962045
2002,Consumer products,0.0003456425683586,0.0225515034762142,40.33472028759872,2010704.8647959183,-20.086583124649803,49.40920982787907
2003,Consumer products,0.0013284180687622,0.0176243586997502,48.686543291253024,1967884.2358276644,-16.671200953580843,20.70628714939211
2004,Consumer products,0.0009402633010468,0.0164549746651054,60.63024667277087,1922588.9739229025,-15.210655110612366,24.531836877529244
2005,Consumer products,0.0001764708198687,0.0162587651916708,82.58567048295015,2149970.840419501,-12.099037873234012,36.21199816104244
2006,Consumer products,0.00049285525592,0.0166411763262693,72.43863627187352,2268217.3084803643,-14.158484861840996,-12.286676552649034
2007,Consumer products,-9.444914278540824e-05,0.0202304280117403,75.15853258066714,3116052.5076835514,-14.958874422145543,3.754759129624463
2008,Consumer products,-0.0008345363477077,0.036900451631399,63.61660412043114,4738532.197910785,-13.721707977657935,-15.356777286528478
2009,Consumer products,0.0016302398195245,0.0313463566951675,59.65994547331144,4404189.604024943,-11.36472156606188,-6.219537653455132
2010,Consumer products,0.0005536964575219,0.0184194999692593,74.78425151974706,3739940.1961451247,-10.883231459793404,25.35085462523829
2011,Consumer products,0.000434951738154,0.0210358906414808,78.40965067482048,3582181.790249433,-9.922994842489633,4.84781097811231
2012,Consumer products,0.0014043679808652,0.017159328790926,92.17733569117956,3591123.041142857,-8.748982512667371,17.558661335523908
2013,Consumer products,0.0010383985688,0.0155651523200069,111.89026010491466,2874805.814067612,-8.24099434858531,21.385869168294303
2014,Consumer products,0.0007322376107948,0.0126073696120336,128.23404057467425,2466051.911904762,-7.239390456679484,14.606973345521524
2015,Consumer products,0.0003442059306769,0.0154596310852634,157.5310892173222,2446840.7407407407,-6.030556725487933,22.846545668649878
2016,Consumer products,0.0001930637351437,0.0147160577581518,175.3094715668411,3001252.962962963,-5.129279741780844,11.285634116953712
2017,Consumer products,0.0010285503522549,0.0129487329749724,240.67318046134147,2655286.0292164674,-3.272067443832236,37.28475610034501
2018,Consumer products,-0.000807824128146,0.0193531726432423,259.4575175828668,3447071.0491367863,-2.570515501004333,7.804914982848521
2019,Consumer products,0.0013848804120554,0.0181210887668805,293.89131026204933,2927491.798941799,-1.716399100981287,13.271456922879455
2020,Consumer products,0.0010936857007153,0.0356833346490305,329.7107628375017,3155416.416337286,-1.3265133369892506,12.187993086122152
2021,Consumer products,0.0009409547145629,0.0181160895429332,438.6162926045675,2554501.3227513228,-0.6568091507399532,33.030626246417086
2022,Consumer products,-0.0008201926332999,0.0233667911422408,393.6860815840275,2661593.583753501,-0.3432320100503934,-10.243625642298394
1983,Distributors,0.0001754462051805,0.0144056299870483,2.4173716038112114,297571.0750988142,-62.14046896326256,20.853179269754676
1984,Distributors,0.0005321454994089,0.0184839970487913,2.503012331106917,226242.60869565216,-70.92559279437943,3.5427208278894677
1985,Distributors,0.0009556662934925,0.0132066656696751,2.9155785185950145,243874.7857142857,-69.91021052650335,16.482786854895217
1986,Distributors,0.000680883960295,0.0145503808238235,3.9598174698268,227133.7351778656,-69.01509391654034,35.815840478032925
1987,Distributors,0.0012317219091313,0.0259176498949683,5.049356911022201,267820.3675889328,-68.21365550055907,27.514890509411693
1988,Distributors,0.0002925796734624,0.0165780173620317,5.331482706333809,261147.628458498,-67.39815461320069,5.58736093096841
1989,Distributors,0.0008579975766526,0.0119338094618548,5.817860559811668,295733.03571428574,-66.40722077798834,9.122750279205484
1990,Distributors,-0.0001621668021411,0.0133973316173456,5.836824434076845,276956.32411067194,-65.2981820035736,0.3259595872093346
1991,Distributors,0.0012289933604598,0.0148916059726095,6.647958448281872,271116.1067193676,-63.97829418208462,13.89683762748497
1992,Distributors,0.0003737820675012,0.0120376943958018,7.822823072042991,214307.7755905512,-62.82512517137765,17.67256268072428
1993,Distributors,0.0005971345958886,0.0127678644793254,9.226037862272602,209159.8814229249,-61.66077990465624,17.937447610753022
1994,Distributors,1.3569655588392087e-05,0.0110379881672609,9.455177322266596,210676.7857142857,-60.53382246463536,2.483617164969565
1995,Distributors,0.0006883675855315,0.0096026883997764,10.590113530083308,263415.4761904762,-59.17064667866191,12.003330758736585
1996,Distributors,0.00049334732343,0.0101588847878695,12.353482163797214,286485.23622047243,-57.915980869182725,16.651083377951604
1997,Distributors,0.0007312952868503,0.0128075751839038,13.91866869417575,330784.9802371542,-56.53849487713328,12.670002754085251
1998,Distributors,0.0001319832624603,0.0122647807675704,15.126573797256228,275111.507936508,-55.31548193614443,8.678309180431354
1999,Distributors,0.0008855214274898,0.0263827717607246,10.07155543701558,209457.4683544304,-50.49774244801009,-33.41813174611665
2000,Distributors,-0.0007576226162688,0.0308658526580837,6.730327358321538,228454.96031746035,-45.99222342380854,-33.17489636619745
2001,Distributors,0.0009217784960502,0.0211760730639085,8.549294664734795,187785.2822580645,-46.6182318592824,27.02643139882701
2002,Distributors,0.0016981147266921,0.0315692402223895,10.250923892335289,201675.79365079364,-43.75160555364685,19.90373819514708
2003,Distributors,0.0012501012353471,0.0221896065895623,9.751336709165995,290957.34513274336,-39.84987884019038,-4.873582014815636
2004,Distributors,0.0011750906008612,0.0186997427624357,9.980051345926114,379328.835978836,-35.49732682167308,2.3454695861863994
2005,Distributors,0.0010829755128278,0.0185345515397163,12.212299845521413,495471.164021164,-33.53453892552224,22.367104358701617
2006,Distributors,0.0003575139676927,0.0192964117539157,12.759281940510864,642943.4262948207,-31.81028327371257,4.478944194856527
2007,Distributors,0.0015430737346201,0.0214096404613059,14.84740815916226,978417.7954847276,-30.059767156537408,16.365546496951143
2008,Distributors,-0.0010779292283194,0.0348457204246412,13.859449607110308,1469194.071146245,-26.627586178441597,-6.6540809106961145
2009,Distributors,0.0012281488414223,0.0264805024913927,12.139252460822858,941689.6825396824,-24.478963183494155,-12.411727702411335
2010,Distributors,0.0012826537771814,0.0264416387487191,15.449000786851954,707200.6613756614,-22.583856190282237,27.26484465753294
2011,Distributors,0.0009500712142107,0.0189847564034039,19.834902977186537,798199.4708994708,-20.71211391955193,28.389552507934717
2012,Distributors,0.0007821882570647,0.0187287944175895,24.13194514338176,825734.6666666666,-18.761025987975422,21.664044291709097
2013,Distributors,0.0014161905787133,0.0177120380428845,31.808698408187382,744398.9417989418,-16.577652447655122,31.811580952938613
2014,Distributors,0.0004455264581017,0.0159226336778439,35.95910568338223,902869.708994709,-15.501216238948858,13.048026115166511
2015,Distributors,-2.314720001255704e-05,0.0152577904927244,37.537177238514815,831415.4761904762,-14.04171162233945,4.388517247974444
2016,Distributors,0.000452777227484,0.015076349643841,40.99544854138894,974618.253968254,-12.241637149734997,9.212923179864951
2017,Distributors,0.0007575065851584,0.0125009777376628,41.53079295063399,886385.2589641435,-10.373081672013363,1.305863036733368
2018,Distributors,-0.0005206038787624,0.0176810266713453,44.60653328357306,1126550.597609562,-8.711446423342462,7.40592729976306
2019,Distributors,0.0012774620896908,0.0190406735404904,45.33045282313433,1127652.7777777778,-7.166847657809332,1.622900248623127
2020,Distributors,0.0006960009808208,0.0405829741852531,43.90758014824708,1136243.741765481,-4.879103681379935,-3.1388891711249145
2021,Distributors,0.0016461431917491,0.0183852490407991,62.933622102888805,801626.8518518518,-2.886833696732642,43.33202123734279
2022,Distributors,5.094424693215629e-06,0.0185478877521407,71.86325045421114,823161.4502103787,-0.961406877824764,14.188962994571463
1997,Diversified Consumer Services,0.0019719450156957,0.0179647677791318,3.971303233044892,1451033.9920948616,-54.68627907752056,13.70097178039349
1998,Diversified Consumer Services,0.0002688078137267,0.0184905122098765,5.055209914843242,1402192.0634920634,-53.915481724787725,27.29347567265199
1999,Diversified Consumer Services,0.0002393588558693,0.023084368755607,5.5686202843983965,1329850.7936507936,-52.938524527855,10.156064302051336
2000,Diversified Consumer Services,0.0002638153553227,0.0266344680733331,4.481692166555495,2093361.9047619049,-51.6568586223501,-19.51880470083671
2001,Diversified Consumer Services,0.0034128685651819,0.0214192067893812,7.819175141472971,2405819.35483871,-50.13332462224401,74.46925962080462
2002,Diversified Consumer Services,3.200549955430695e-05,0.027930843758441,11.225421555458553,3469864.285714286,-49.629608405646536,43.56273331081717
2003,Diversified Consumer Services,0.001524014545743,0.0191523611421096,11.064821012436395,2894784.126984127,-48.576575885371845,-1.4306860747163697
2004,Diversified Consumer Services,-0.0003330239115985,0.0129937814984237,13.02800745055789,2313886.507936508,-47.85084502411293,17.742595527889282
2005,Diversified Consumer Services,0.000222669450467,0.0158695571172038,13.574790617776296,2282524.603174603,-46.82159352850389,4.196982303652197
2006,Diversified Consumer Services,-5.99917110129909e-05,0.014081425713166,12.445064130532314,1919331.075697211,-45.47421945643641,-8.322238766354129
2007,Diversified Consumer Services,-0.0005994370949037,0.017596110955762,12.027104985666464,2864249.800796813,-44.21132437589807,-3.358433034028663
2008,Diversified Consumer Services,0.001562849331121,0.0363918942987311,12.124504571846822,2826911.85770751,-42.51527953417062,0.8098340065746168
2009,Diversified Consumer Services,0.0003503248412775,0.0216326787858691,10.737717613341315,3580995.238095238,-40.800580144981005,-11.43788556709884
2010,Diversified Consumer Services,-0.0020814614831464,0.0239480546310955,9.629215721100095,5434185.317460317,-38.89122185852879,-10.323440531383854
2011,Diversified Consumer Services,0.0017072799476198,0.0234971284908917,9.648269993918282,4397105.555555556,-35.884117064798865,0.1978798000800141
2012,Diversified Consumer Services,0.0008076560171884,0.0138338623551946,11.17779383468628,3304980.0,-32.659349209192975,15.852830007163154
2013,Diversified Consumer Services,0.0020150807438323,0.0159459447016119,19.295922775117177,2937228.1746031744,-29.915733841167324,72.62729175804972
2014,Diversified Consumer Services,0.0007977925987949,0.014927528977792,22.380110021621466,2557048.412698413,-28.063473406497565,15.983621423285664
2015,Diversified Consumer Services,0.0001836189254764,0.0163161001917169,24.74101191475278,2832859.9206349207,-26.322615399427683,10.549107626595422
2016,Diversified Consumer Services,-0.0010574805572762,0.0227692907686196,18.84894129208156,3305155.9523809524,-24.333637452499893,-23.814994483543515
2017,Diversified Consumer Services,0.000868734350437,0.0203384151558241,20.390965233761,3058542.231075697,-21.30998622251115,8.180957846832747
2018,Diversified Consumer Services,0.0002581846601119,0.0215941168741509,21.39256779796099,3080523.90438247,-18.48149087718227,4.911991917585401
2019,Diversified Consumer Services,-3.954058338728706e-05,0.0143205491299627,21.60501063816131,3090357.53968254,-15.253367044306266,0.993068444175127
2020,Diversified Consumer Services,-0.000561966493404,0.0381958454133473,15.293349567609342,3629523.320158103,-11.019539443667396,-29.213876245002037
2021,Diversified Consumer Services,0.0019137556347932,0.01807625173318,21.737316771159097,1910751.984126984,-5.347032891794428,42.135747797185005
2022,Diversified Consumer Services,0.0028167952368606,0.0251199695644213,33.85826921863716,2145363.6428571427,-1.2300109255465514,55.76103331925517
1981,Electrical Equipment,0.0011493303334325,0.0148243041167554,1.0683121692946578,705256.6929133858,-70.09954648670565,25.543192460253785
1982,Electrical Equipment,0.0014079890694989,0.017609607472176,1.0591769541205154,802765.2173913043,-83.21762056292616,-0.8551072838732021
1983,Electrical Equipment,0.0013215595564445,0.0165068699748787,1.5564803106511536,956443.4782608696,-83.94438274018252,46.95186716402573
1984,Electrical Equipment,0.0002190489894904,0.0158221022339214,1.5419427481826378,690498.7922705314,-81.47484814130245,-0.934002336491746
1985,Electrical Equipment,0.0008496200087149,0.0145544049924034,1.7082949770348412,777944.246031746,-80.36082515115609,10.7884828440141
1986,Electrical Equipment,0.0005004826613132,0.0155489093372265,2.0380998336279346,873555.4018445322,-79.86933034032816,19.30608361124784
1987,Electrical Equipment,0.0006285757950807,0.0269643521431386,2.503631079306873,1017443.675889328,-79.30352461041116,22.841434850140075
1988,Electrical Equipment,0.0002230402901674,0.0196159878527956,2.20844734296183,679610.046113307,-77.73001807256117,-11.790224957055727
1989,Electrical Equipment,0.0007773890472862,0.0163362132600146,2.476247651236398,704343.0555555555,-77.5211260376104,12.126180374099892
1990,Electrical Equipment,4.967063668849117e-05,0.0187970900505224,2.7100543076655925,697295.3886693018,-77.28218164455079,9.441973879811826
1991,Electrical Equipment,0.0011819301576116,0.0179915774210338,3.094384318215292,924857.0440251572,-75.78586432070863,14.181635012353569
1992,Electrical Equipment,0.0002634747722552,0.0188990572748455,2.7715326106454445,1067977.0177165354,-73.03174010457495,-10.433471552623908
1993,Electrical Equipment,0.001246488324496,0.0205170220480665,3.272057156288341,1214214.748023715,-73.79407084392413,18.059486066315223
1994,Electrical Equipment,0.0008727313728675,0.017728235052532,3.660568391312919,1561230.1339285714,-73.50546764251735,11.873607839579602
1995,Electrical Equipment,0.0009782323776852,0.0169370066833832,4.384250882894746,2115119.915674603,-72.91251540877813,19.769675477153623
1996,Electrical Equipment,0.0006237037830906,0.0209932228435124,19.168262721181023,1558926.793879388,-41.77513858514808,337.2072500678835
1997,Electrical Equipment,0.0005746820569706,0.0380718144507599,21.054062543542265,1199545.584063745,-38.3891243871828,9.838136349609927
1998,Electrical Equipment,0.000386375921007,0.0526592158186188,9.496774266842628,609458.2933227345,-54.16919472304463,-54.89338816581271
1999,Electrical Equipment,0.0010019513088861,0.07444151202346,8.074230082883448,845496.3129467831,-57.85988950212818,-14.979235517115551
2000,Electrical Equipment,0.0035045800917031,0.0838675405479687,6.420997322599093,1771504.7714285713,-58.79015866544937,-20.475422960624336
2001,Electrical Equipment,-0.0003188005367352,0.03878264137,6.592276801930213,1984570.7546408395,-51.23068763063582,2.667490278002327
2002,Electrical Equipment,0.0002696701983226,0.0405474994109962,6.798394132346388,1543751.3396825397,-36.4978650299954,3.126648601221116
2003,Electrical Equipment,0.0013894379409364,0.0158158835246143,8.068369868090228,1605855.892857143,-34.08086481392228,18.680525297898875
2004,Electrical Equipment,0.0171861861574138,0.5301441022836674,11.11369869208894,1780906.6174103876,-30.68955213528951,37.74404091268486
2005,Electrical Equipment,0.0058259903389396,0.1431109073589705,14.213776611062704,1584156.8783068785,-28.08402772632086,27.8942052044338
2006,Electrical Equipment,0.0051852774372469,0.1131294202161622,17.462285423798775,1690953.545514512,-27.025173724870854,22.85464941251243
2007,Electrical Equipment,0.0038644622095819,0.0869306711357918,20.42754200273985,1495572.77719113,-23.20634449009696,16.98091920373621
2008,Electrical Equipment,-0.0006809150969972,0.0432013624334733,18.834034134453464,2491245.703063241,-21.88014931947206,-7.800781259305001
2009,Electrical Equipment,0.0037731934261823,0.0802219093304196,14.30937466731975,2540689.418650794,-19.725718116965545,-24.023846589810876
2010,Electrical Equipment,0.0098944347397157,0.2050729802690564,21.272417329779,1738334.0544692737,-17.791082058105847,48.6607054769604
2011,Electrical Equipment,0.0031420997421758,0.1185964798123855,29.14816186900006,2020497.5074955907,-14.513228323485666,37.02327016777687
2012,Electrical Equipment,0.0008174156087667,0.0376349006400535,29.66350840827326,1398035.9395555556,-13.17675287347295,1.7680241436468958
2014,Electrical Equipment,0.0034534677092413,0.1094477385640169,41.64674773396862,1061324.7814080124,-12.776446300367372,16.168138529368335
2015,Electrical Equipment,0.0001009102772985,0.0173447159757116,42.79189083921827,1199952.5649350649,-10.29744136054055,2.7496579386333098
2016,Electrical Equipment,0.0017352113256327,0.0451572479012023,44.05009283625768,1185037.154040404,-8.323137820351905,2.9402813765973868
2017,Electrical Equipment,0.0018281111288265,0.0403661612219671,61.37505245850007,1040875.7417602318,-6.615844536069619,39.33013191741153
2018,Electrical Equipment,0.0006341835136478,0.0473093989633296,72.10492458432266,1203731.6783773997,-5.385280026990772,17.48246509944378
2019,Electrical Equipment,0.002660506468714,0.0636834756696535,71.46103941847356,1091672.9657287158,-4.158836117684312,-0.8929836201355568
2020,Electrical Equipment,0.0041340488259981,0.1006966339444602,80.90340965667133,1210754.8551922387,-3.051370619362998,13.213312197858684
2022,Electrical Equipment,0.0360516085782163,1.9364667078430016,99.37405703377024,993264.4640672784,-1.5142297074923392,-12.591583573058616
1981,Energy,-0.0006957010723784,0.0235256060467156,3.339191782803479,1143279.2141918528,-44.26425965042298,1.7761358556987128
1982,Energy,-0.0004227198727576,0.0258122172736602,1.9831745696515437,1576923.2079051384,-59.02680375605585,-40.60914440839534
1983,Energy,0.0011777246542382,0.0202961562494083,2.405803602321346,1626432.8213438736,-61.66101348518751,21.310732758340123
1984,Energy,0.0001388414706436,0.0184570651464423,2.5625805781292823,1906549.034387352,-62.696615052541006,6.516615722774022
1985,Energy,0.0004692054559046,0.0169080911971163,2.5743751577086864,2163357.261904762,-62.69313416322541,0.4602618032801153
1986,Energy,7.316432076926482e-05,0.020972870878797,2.269674776099887,2568905.358102767,-62.77322924568507,-11.835896594030093
1987,Energy,0.0004730377938444,0.0304920573351788,3.152601869751813,2639462.576284585,-60.76083732107293,38.90104004984849
1988,Energy,0.0009608098439701,0.0212385713891245,2.9025274081840347,1873944.2916996048,-59.23734905570032,-7.932319775838548
1989,Energy,0.0018003103577513,0.0171285534170523,3.710297951456744,1970878.78341728,-56.22346497766348,27.829902346317212
1990,Energy,-0.0001388482999827,0.0185430289839403,4.331302443297698,1617333.1153431549,-52.64643866284673,16.737321367873825
1991,Energy,0.0003752993378877,0.0192123466443676,4.47958649125752,1666245.3643550123,-51.36667757236724,3.4235440701971376
1992,Energy,0.0003987569886052,0.0188570362387553,4.33848681060348,1616394.8450250537,-50.341872254911735,-3.149837176476311
1993,Energy,0.0006280963887086,0.0175148690213625,5.208412651894892,1584926.3564498744,-48.25302765204432,20.051365355433816
1994,Energy,0.0003047190262563,0.0169890709157637,5.169761659908088,1645619.4451659452,-46.8958134591914,-0.7420877447707919
1995,Energy,0.0011994025289263,0.0144114136973293,5.772997336126165,1706760.5645743145,-46.03376220166731,11.668539400882194
1996,Energy,0.0011443269979163,0.0163937533886239,7.221169420032958,2091558.5835095136,-44.76674919382307,25.08527199284236
1997,Energy,0.0013225663071838,0.0196905257902313,9.520943025237488,2239541.920619236,-42.69384009098259,31.84766166577535
1998,Energy,-0.0006988666201758,0.027645739617212,9.601208081321111,2749934.401785714,-43.307046644649546,0.8430368280837541
1999,Energy,0.0008553183304985,0.0258434456639306,9.734753855794828,3029753.8197751325,-42.96507109654746,1.3909267806988312
2000,Energy,0.0019958933729145,0.0283792443736281,12.150650285184383,3938489.347883598,-39.31639776160386,24.81723179833091
2001,Energy,-0.0007231914356121,0.0261463237245756,11.63152407626247,4773570.921864952,-38.56689733207339,-4.272415029135502
2002,Energy,0.0001199183210519,0.0393121507197968,9.821027520766552,4746017.222222222,-35.96756599229353,-15.565428430748527
2003,Energy,0.001468034948881,0.0188506858316396,10.18769969797542,4556800.933150183,-34.06922439681105,3.733541897052417
2004,Energy,0.0014716642811977,0.0160181741505244,14.463230063408725,4989984.978937729,-32.65558508027577,41.96757356602265
2005,Energy,0.0016451657251639,0.0191346289360235,21.499738272584256,7107305.08028083,-31.39934978290381,48.65101487238015
2006,Energy,0.0009546132411237,0.0197971351130016,27.057152126743645,8501924.387373583,-30.250554096125462,25.84875119733907
2007,Energy,0.0018126267522056,0.0190763686354127,34.75382909766012,8903488.05853509,-29.24241034407648,28.44599806684378
2008,Energy,-0.0012749414048819,0.0459018008014907,39.98376679833663,11569603.859227728,-27.572050176880303,15.048522239031836
2009,Energy,0.0017395831601147,0.0322176726417371,28.323180681034582,9805445.58432658,-26.61631186687538,-29.163300636765253
2010,Energy,0.0011011629567174,0.0204198979467344,32.889224583903946,8374191.687358277,-25.02431072155664,16.12122577012269
2011,Energy,0.0007778048687716,0.0380680448036606,40.16263957723893,7788089.804918033,-24.28041365840939,22.11488743001442
2012,Energy,0.0003066206797619,0.0188657465414389,37.28286675514512,5938054.169678715,-24.225323737059348,-7.170277781557588
2013,Energy,0.0014545051711388,0.0184065710271409,43.2918090069463,4718552.181839403,-22.531718723430284,16.117167950803935
2014,Energy,-4.017290785787945e-05,0.0166915088105425,52.95348886465506,4946342.02124183,-21.31096830478677,22.317570180905367
2015,Energy,-0.0007173026414103,0.0305508493714028,43.5532906266272,6130095.626283847,-20.03186189620959,-17.751801514068365
2016,Energy,0.0017748856452915,0.0406774611150916,41.06569200469141,6753670.72286912,-17.678212438393555,-5.711620376199411
2017,Energy,0.0015815352612766,0.0574772058021085,41.68400985730101,4915344.875166003,-16.20380539110333,1.505679856896025
2018,Energy,-3.622525255619246e-05,0.0610689466444031,48.225034186790005,5485382.402169101,-14.336754698277655,15.691926836888335
2019,Energy,0.0011821808846437,0.0657879484858531,40.32771726721726,5744509.475529101,-12.490219170013262,-16.375969561751003
2020,Energy,2.188241908491054,147.42908364945072,24.61483636849327,11320280.977821697,-9.575253422179816,-38.96298120374178
2021,Energy,0.0047736216892412,0.1525681812262678,36.96253609051287,7970343.778659612,-5.28286384471884,50.16364739204413
2022,Energy,0.003667771228438,0.1107298727631693,58.08874005687016,8642814.679121906,-1.7280800076056182,57.15572090244025
1981,Financial Services,0.0009764081955439,0.0138533931612136,99.15539085353788,844851.6166007905,-0.5514539618719265,53.87479100554904
1982,Financial Services,0.0014374660363221,0.0153480020685403,108.85079504190226,1090269.485375494,-0.5910363602048303,9.777989986127375
1983,Financial Services,0.0006614528834847,0.0156826823465624,179.14854804745926,1095915.5681040382,-0.3683667994808948,64.5817542981618
1984,Financial Services,0.0012845674197241,0.0580358529805519,183.9511121988564,1002591.3416149068,-0.3059209918689634,2.680772020616562
1985,Financial Services,0.0035314568078819,0.040652782007715,279.6412349763663,1283215.0089285714,-0.1935570780506952,52.01932276118353
1986,Financial Services,0.0006609275236813,0.0235394767892219,318.3958845872003,1346525.3796839728,-0.2009204484649623,13.85870349703946
1987,Financial Services,-0.0004869706948842,0.0384303850772329,372.3444191560885,1502811.690374787,-0.1690970260467005,16.943854233176523
1988,Financial Services,0.0013452431354801,0.023261843541423,405.8963449998601,895645.4446640316,-0.1210769285995837,9.01099200568558
1989,Financial Services,0.0016475509792641,0.0221417029738249,681.107916955202,994300.3678571428,0.0729371619418469,67.8034122124053
1990,Financial Services,-0.0001635561439133,0.0293041800818941,688.56113747194,1123345.3711462452,-0.1827713794115856,1.094278943351101
1991,Financial Services,0.0032404030188648,0.0253655868727649,824.2993434767625,1517734.6739130437,-0.0753224544677224,19.713312096466385
1992,Financial Services,0.0013499179399845,0.021940850956044,936.990021093436,1608536.08503937,-0.0670132637953297,13.6710866639008
1993,Financial Services,0.0009908758572863,0.0205015390640398,1503.6511797110788,1826505.4296442687,-0.0850894039335568,60.47675491318125
1994,Financial Services,3.478258258918395e-05,0.0193975249126223,1742.7016477563443,1787663.850955911,-0.0600055545503157,15.898000232420806
1995,Financial Services,0.0020703936206283,0.0187870448989022,2252.2490487057844,1624819.6108391609,-0.0387612578242523,29.23893493791443
1996,Financial Services,0.0013746341321932,0.0188325209044522,2729.63567385758,1427595.5396981628,-0.0993758937621375,21.195996305387176
1997,Financial Services,0.0022481108202966,0.0221177512119261,3504.4473029964056,1329036.2140974968,-0.0982120947081736,28.38516643665654
1998,Financial Services,0.0011355114592302,0.0291831158284078,5448.49939826801,1550596.710978836,-0.0913443440065143,55.47385727870362
1999,Financial Services,0.0008911977419727,0.0293314380660336,5449.170914169884,1865030.120142487,-0.2000814403188922,0.012324786198703
2000,Financial Services,0.0021042351995411,0.03254433147605,4426.437660170489,1571420.5277777778,-0.0920543606643436,-18.768602969305025
2001,Financial Services,0.0001019980215981,0.0280250405908171,4762.720139517808,1592052.9273789648,-0.1046405216251398,7.59713578196799
2002,Financial Services,-0.0006934675943406,0.0284514336028853,4659.804715166305,1536438.702675159,-0.1390218187998806,-2.160853909881899
2003,Financial Services,0.0014519152475603,0.0202497193002302,4331.303654648064,1444349.9248366014,-0.1929024925885814,-7.049674409081252
2004,Financial Services,0.000871911024805,0.0164695436601758,5166.618476655372,1497575.0707841776,-0.1721960794342532,19.285528991044146
2005,Financial Services,0.0010197894268292,0.0175595528043224,4689.197349097748,1849836.2623869025,-0.2187244568013533,-9.240495107482438
2006,Financial Services,0.0011414134827787,0.0187581880330296,4692.152097526508,2450053.295691521,-0.1881158819036068,0.0630118164962389
2007,Financial Services,0.0007396744938271,0.0207477678535174,5407.66239034917,3690279.5392391104,-0.2328000880342557,15.24908566369465
2008,Financial Services,-0.0010837754050374,0.0487756087455758,5163.181765835791,6674143.653430803,-0.3388044942000657,-4.521003843540472
2009,Financial Services,0.0021427968699474,0.0385254186316684,3929.7601755341448,6814961.598875661,-0.0927925337588568,-23.88878885618675
2010,Financial Services,0.0005871633963767,0.0192010218450605,4922.056125428854,4963787.777190955,-0.1137146107074254,25.250801717431347
2011,Financial Services,0.0001607135126743,0.0228572180824787,4686.065042839505,4363581.404761905,-0.1370767191009748,-4.794563015446873
2012,Financial Services,0.0008483094288336,0.0150116623995055,5036.790433788452,3350550.216,-0.0604581169084548,7.484432839549893
2013,Financial Services,0.0018289385068711,0.0162651680116665,6655.354691466907,2975645.083650794,-0.1386481226182252,32.13483425517551
2014,Financial Services,0.000632880513215,0.0125882039809742,7747.847920985495,2543924.274387389,-0.1415989209791544,16.415251780935392
2015,Financial Services,0.0003027576456767,0.0146964235989552,8157.927373668359,2718735.863553114,-0.2421565417298417,5.292817526427429
2016,Financial Services,0.0006492458410809,0.0164585133083553,8375.945322562196,2957069.9500915757,-0.0081977138674832,2.672467391626232
2017,Financial Services,0.0009711838572399,0.0147099543386275,10183.61333810768,2313793.6930738585,-0.1093899116431245,21.581659692502853
2018,Financial Services,-0.0003058005954627,0.0156477454681531,11860.220081704763,2559373.4178669937,-0.207106699838564,16.463770647331287
2019,Financial Services,0.0012231337323789,0.0146204783225639,11781.816893161014,2516635.6448071217,-0.0256756578803037,-0.6610601489992041
2020,Financial Services,0.0009256805594595,0.0341683619736112,11518.117489970946,3162407.2980529936,-0.0469626059165599,-2.238189623733988
2021,Financial Services,0.0011581401612102,0.0239841160147418,15382.834474024705,2381729.4181363904,-0.064010382094251,33.55337352148773
2022,Financial Services,-0.0005513827499362,0.0232745245724898,17105.857222882358,2565546.92155642,-0.2235713833045495,11.200944479816965
1975,Food Products,0.0012059646743486,0.0165699339942936,0.746279359099422,134921.73913043478,9396.073818115496,13.731364006918144
1980,Food Products,0.0015894983715654,0.020015732229073,0.7351309117582566,443532.88668224297,16222.464867769188,-5.563059192827602
1981,Food Products,0.000275752212016,0.0183326426364871,0.8203245240959371,428454.0375494071,2409.6297974763625,11.588903551058394
1982,Food Products,0.0017238974523444,0.0194129534436442,0.9575258899524278,622717.4407114624,4809.054190570295,16.72525467987167
1983,Food Products,0.0005394142480509,0.0214901602093563,1.150167874498624,844789.8779644269,158.1698510876564,20.11872332305993
1984,Food Products,0.0008814266240417,0.0163889286034925,1.239889337147472,630836.9925889329,90.61710816512118,7.800727584045841
1985,Food Products,0.0015462612613058,0.0214241858192036,1.731613022371358,944840.203373016,-27.55872718926658,39.658675213318695
1986,Food Products,0.0013095297180142,0.0232424757777312,2.430489664374604,1171139.8937747036,-51.23250471809744,40.35986291245195
1987,Food Products,0.0004904825473061,0.0275923462771469,2.852712235932529,1239412.871541502,-55.3300119674066,17.37191388824806
1988,Food Products,0.0007029122428996,0.0178180387713806,2.674150318673006,992228.098320158,-54.70414961514082,-6.259373623822706
1989,Food Products,0.0017488545687894,0.017774808231508,3.604969405702182,965213.34375,-53.73068497359043,34.808031565371266
1990,Food Products,0.0007722038444873,0.017627168740346,4.37239252375402,856336.3725296443,-53.35774400353536,21.28792318841768
1991,Food Products,0.0015057916279907,0.0163322376921503,5.973911824728189,827392.5968379447,-53.12053517069764,36.62798553134354
1992,Food Products,0.0002034604786102,0.0153887801689044,6.6907083521795085,790662.8046259843,-52.90222020913195,11.998779836090634
1993,Food Products,-0.0001525595168271,0.0148770441509119,6.868842263054471,753559.074110672,-51.42079406420679,2.6624073490953304
1994,Food Products,0.0004473634784373,0.0138072663286251,6.873168168205117,809765.0972222222,-50.30394668062719,0.0629786648896235
1995,Food Products,0.0008982973816705,0.0129199774895246,8.235421907629759,934392.1374007936,-49.666206697212026,19.819880818955514
1996,Food Products,0.0008404433515084,0.0149608170190141,10.085527570111545,963154.0221456692,-48.8932222362748,22.465220157910103
1997,Food Products,0.0010576233143325,0.0176260326971928,12.803204146534087,999933.8908102768,-48.18636898358542,26.94630060281997
1998,Food Products,9.560886565166686e-06,0.0195237796595434,13.899403683131649,1052451.5248015872,-46.751689702295344,8.561915627146433
1999,Food Products,-0.0004733568188373,0.0192041687634793,12.432348793816,1040595.0515873017,-45.67585437653079,-10.554804528024974
2000,Food Products,0.0006041151057578,0.0260770244835098,9.610754329297276,1212516.839781746,-44.56702969633846,-22.695586419858305
2001,Food Products,0.0004806137194061,0.0184121016209406,11.412299115477868,1475904.4594339624,-44.6173718019736,18.74509247092904
2002,Food Products,0.0001121488777888,0.0189196035133371,12.48880279905161,1635673.762345679,-45.09305636346734,9.432837964383012
2003,Food Products,0.0004494421855834,0.0258509623131095,83.56671083229075,1619224.2735849055,-8.181014501574202,569.1330800630204
2004,Food Products,0.0008740739652161,0.0272052503640667,188.71293880428587,1453859.330952381,-5.227957633107627,125.82310219557657
2005,Food Products,0.0004732117229635,0.0297798537885174,171.47733100463475,1656189.1285714286,-5.760696011775396,-9.133241159222347
2006,Food Products,0.0012478510534443,0.0184581754941907,278.45906385786503,2212759.5047808765,-3.465479607768618,62.38826568296585
2007,Food Products,3.279686345389091e-05,0.0217678951295468,513.4455133460907,3758657.923904383,-2.758527123680774,84.38814891950177
2008,Food Products,-0.0007398835469467,0.0337230744391221,165.84931664174724,4793429.873913043,-5.636895376978761,-67.69875043587037
2009,Food Products,0.0008798541946463,0.042623325684746,58.02317288886933,4178524.351190476,-12.264448312007662,-65.01452398853968
2010,Food Products,0.001108023499327,0.0248870876414668,42.4350856531234,4341158.690079365,-15.76791293181449,-26.865278921581027
2011,Food Products,0.0005597615314109,0.0241607471720894,62.07801155476343,3829204.503571429,-11.784643293989465,46.28935136883416
2012,Food Products,0.0003039529079535,0.0265714474533661,41.00997525939941,3689657.6572,-16.368810133077837,-33.93800118223569
2013,Food Products,0.0012553615180705,0.0287368142192793,43.41903563037752,3306713.972222222,-15.57356099425991,5.8743277842528085
2014,Food Products,0.0004664127824874,0.0160747627239948,39.26302103012327,2929192.3035714286,-17.77772664235985,-9.571872198254328
2015,Food Products,0.0002730470990718,0.0166693637258638,41.27173061183431,3199792.438397581,-17.41350692899526,5.116034194541275
2016,Food Products,0.0004378807912184,0.0215908724965646,46.68271451285391,3181091.1345598847,-16.607043170255302,13.110630014308278
2017,Food Products,0.0002311482009392,0.0145681079253543,47.108737505505545,2902153.100325969,-14.76037810596024,0.9125925882787378
2018,Food Products,-0.0003979357116501,0.0168402396015293,45.25858283776902,3727262.614994568,-11.888309105913368,-3.927412971999722
2019,Food Products,0.0009122446689658,0.0182093513844882,48.92118049700023,3598846.735209235,-8.41199609248631,8.09260350099763
2020,Food Products,0.0001944936423779,0.0289943838198662,51.13408157305455,3251769.3747754223,-6.264171195248005,4.523400812435452
2021,Food Products,0.0004678339147686,0.0195672600041029,58.02803822177829,3028657.287157288,-3.622121599073067,13.482116890814666
2022,Food Products,0.000381307520087,0.0265260468085188,68.55039852921338,3354405.710847976,-1.1794303921820737,18.133234605001668
1981,Health Care,8.182498035458859e-05,0.0202034182372201,0.6587349608187546,1658834.8604060914,4806.5738696255785,28.37576248304561
1982,Health Care,0.0016705789125684,0.0220897037986828,1.13896996689038,1770446.664596273,-54.78084015046808,72.90261404597864
1983,Health Care,-8.13490418007282e-05,0.0226285344967564,4.80017614411851,1527532.725165563,39.46245033003212,321.44887781580127
1984,Health Care,-0.0001968562645372,0.0239100364859776,3.958458922768631,1713055.8816291897,-33.06800687453189,-17.53513196346359
1985,Health Care,0.0017876306573226,0.0215559381351009,5.3675183258182,1580222.6321428572,-27.14246992659038,35.59616079239349
1986,Health Care,0.0003501971583337,0.0252940566046253,5.470478161568698,1851144.103557312,-26.49507366360715,1.9182018486132213
1987,Health Care,-0.0003178004691378,0.0342868927524289,4.212948148724118,2007157.967193676,-31.397093231264016,-22.98757029465911
1988,Health Care,0.0006859324219476,0.0344669992599376,3.034269858348982,1765826.2501976285,-38.87737058142815,-27.97751713920562
1989,Health Care,0.0012765370822637,0.0243577926985252,2.376865267867786,1510667.328735632,-50.871982454791976,-21.665989551730423
1990,Health Care,0.0002587145019996,0.0312212423814835,4.347881548141737,1268414.7853780985,-38.44813876719716,82.92503184423619
1991,Health Care,0.00307537948375,0.0461478203192759,6.367124755010597,1179917.7940403156,-32.449908686904024,46.442001340442985
1992,Health Care,0.0001137647639744,0.0366070099156778,6.817904617799888,1136300.3212170168,-27.197459330925494,7.079802581762684
1993,Health Care,0.0009834437401977,0.0427573460586992,5.563271133395523,1407910.859552042,-19.92998310301975,-18.40203925893628
1994,Health Care,0.0018369722244983,0.0405390514630079,6.285358286247654,1126318.211795544,-18.580265817617367,12.979542710358729
1995,Health Care,0.0024066318548682,0.0336260688421994,7.926320027661435,1261043.2755868544,-19.57125334011698,26.10768816479725
1996,Health Care,0.0013864536929912,0.0544089796843297,8.709005214847052,1227061.57382134,-19.844725178944607,9.874509033879342
1997,Health Care,0.0010570758859859,0.0295552218595695,9.926186339892888,1338746.052173913,-21.31717463225833,13.976121210385717
1998,Health Care,0.0009239424963562,0.0333954748151358,12.767013397458054,1352197.7333333334,-22.662241856365977,28.61952174067106
1999,Health Care,-0.0001347886410845,0.0404530072766889,10.761430355468912,1895739.126190476,-24.9245491489611,-15.709101099466682
2000,Health Care,0.0026043290591509,0.0432074232336448,11.693756581595702,2017631.6832991997,-23.89465701533225,8.663590204372662
2001,Health Care,0.0012567176931736,0.0399690177483074,14.932701321099234,1877509.6616126809,-22.40982449953722,27.69806876774883
2002,Health Care,0.0004663245626768,0.0459841592412489,15.142378090676807,2158137.829047619,-20.58613100415025,1.4041449371340995
2003,Health Care,0.0021742434916274,0.03414648771591,16.8126778702769,2227759.8846031744,-18.152650443260413,11.030630523144191
2004,Health Care,0.0011218957300025,0.0282829480830612,22.187650848381104,2120878.2412698413,-15.842186115253574,31.969761269301465
2005,Health Care,0.0008628546619549,0.0243236748593774,24.651767127650345,2187440.1678494294,-15.267292258130682,11.105800682135005
2006,Health Care,0.0005111014169372,0.0219051104095321,26.41671814961993,2817271.987894576,-15.022779084160328,7.159531456022683
2007,Health Care,0.0011341352588232,0.0274942531008723,29.533340871369408,2991584.3944872557,-14.188166913358222,11.797917909777578
2008,Health Care,-0.0009829226640839,0.04344747039906,26.13696708626933,3623594.243302591,-13.865882722499116,-11.500134034590836
2009,Health Care,0.0018198464071961,0.0334479842317713,22.317564530073632,3783437.7588183424,-12.24371647045282,-14.613028908783242
2010,Health Care,0.0008208536639077,0.0272141884091227,28.082612809551545,3645059.654614933,-10.1522450204799,25.83188802572667
2011,Health Care,0.000482694001786,0.0347278176946449,32.96813936530667,3400904.4309557774,-9.282150995803738,17.39698007762811
2012,Health Care,0.0014698846990855,0.0382971437286264,36.37001345943034,2836814.688,-8.016362608890338,10.31867178316881
2013,Health Care,0.0015905973818311,0.0237862802707467,45.51054208114418,2773251.8806689344,-6.862492982536586,25.132046299377443
2014,Health Care,0.0011463984781831,0.0219508181546324,57.30826734935259,2517403.1884691287,-6.156769032068946,25.92306030363989
2015,Health Care,0.0006864966802931,0.0223773640836741,68.96259906943163,2416013.954296661,-5.339998876794814,20.33621370723695
2016,Health Care,0.0006186740109602,0.0242989833952128,72.99012821569038,2507017.3461959497,-4.45043151746419,5.840164379831192
2017,Health Care,0.0014166475200277,0.0238351249934114,87.97429408894823,2152720.3413930484,-3.532357675431708,20.529030760130617
2018,Health Care,0.0003398897836176,0.0240204595789515,107.09251474669256,2112356.8363786237,-2.7248199928602266,21.731598821826825
2019,Health Care,0.001472043297197,0.0213321912318751,114.5209405275646,2001762.8783524905,-2.036074536459108,6.936456575366257
2020,Health Care,0.001596956400859,0.0517346189056057,135.05267355745715,2291691.36677116,-1.3594277405728912,17.92836570788614
2021,Health Care,0.0005804951821386,0.0199959535875793,182.8727197195248,1759866.4400656817,-0.7685027644285249,35.40844094561588
2022,Health Care,-0.000545882340797,0.0277825416508517,159.99919456923158,1993026.696030136,-0.3166529802078972,-12.50789356956835
1982,"Hotels, Restaurants & Leisure",0.0015001210811429,0.0172495852109722,0.8776456532271012,6442280.039525691,-52.08553554509068,21.033953042450083
1983,"Hotels, Restaurants & Leisure",0.0007865356530239,0.0150682501939345,1.176469642654238,5502706.719367589,-51.34391924959747,34.04836431746248
1984,"Hotels, Restaurants & Leisure",0.0005092825194076,0.0122568673226404,1.3095221109541038,4678281.818181818,-50.56300855080814,11.309468895405208
1985,"Hotels, Restaurants & Leisure",0.0019025458933645,0.0113802921975551,1.810016852995706,3585442.8571428573,-49.771430408195286,38.219648057484655
1986,"Hotels, Restaurants & Leisure",0.000648195480701,0.0161730061242083,2.6474992192309834,5063584.980237154,-49.25065834660946,46.26931317513343
1987,"Hotels, Restaurants & Leisure",0.0006610678266773,0.0242259878700453,3.239326885095227,5723788.14229249,-48.70584413748288,22.35421493480747
1988,"Hotels, Restaurants & Leisure",0.0001857902806336,0.0149644969536375,2.7780578480262847,2137317.257683215,-30.311729001327297,-14.239656985262306
1989,"Hotels, Restaurants & Leisure",0.0018008244387921,0.0213684833263863,3.584219628383243,2160998.412698413,-15.694324327757409,29.01889825403414
1990,"Hotels, Restaurants & Leisure",-0.0010892138046799,0.0175757259357547,3.590974878416702,1735898.023715415,-34.06093759205802,0.1884719892710995
1991,"Hotels, Restaurants & Leisure",0.0010117358394427,0.0179308181109368,3.672357567214212,1949258.4980237156,-35.52419221650039,2.266311838789359
1992,"Hotels, Restaurants & Leisure",0.0023185405202557,0.0223290008340659,3.818590427228543,4106125.821596245,-35.669313460411644,3.981988609166409
1993,"Hotels, Restaurants & Leisure",0.0018263713148097,0.0228218603099101,5.590531396443752,3884410.9442060087,-30.993495152093708,46.403011870043606
1994,"Hotels, Restaurants & Leisure",7.272314485428924e-05,0.021561336706664,6.07729341908698,4440041.468253968,-32.833079854561795,8.706900795743099
1995,"Hotels, Restaurants & Leisure",0.000854928675214,0.0196603198592389,6.008287551104005,5479903.328498294,-34.48010606001305,-1.1354704014495676
1996,"Hotels, Restaurants & Leisure",0.0006548472739764,0.0222722587457474,7.21436127119177,4855936.02519685,-33.44270614264187,20.07350197255708
1997,"Hotels, Restaurants & Leisure",0.0014043974316829,0.02087691664421,7.810762347526921,4999484.678864825,-32.44546077078523,8.266859031813212
1998,"Hotels, Restaurants & Leisure",0.0013095452251666,0.0269879905313496,10.025000154205234,4605474.205847953,-31.741399174702327,28.34854919608962
1999,"Hotels, Restaurants & Leisure",0.0007597561423183,0.0275817323501146,13.473194392224828,4646556.641723356,-31.043546200677863,34.39595196986769
2000,"Hotels, Restaurants & Leisure",0.0006194939003061,0.0311357527242143,11.345647802416062,4577543.091059603,-29.22137954807708,-15.7909589060523
2001,"Hotels, Restaurants & Leisure",0.0006438069095531,0.0302101912492123,11.197968510730613,4274477.952116936,-29.000777146294293,-1.3016382515769642
2002,"Hotels, Restaurants & Leisure",0.0001242103649517,0.0252335734534258,12.162709412010518,4281789.074199806,-28.691782092541278,8.61532071960578
2003,"Hotels, Restaurants & Leisure",0.0019154736844193,0.0201476299870809,12.526632119003006,3509587.3584656087,-29.10582824685999,2.992118734935145
2004,"Hotels, Restaurants & Leisure",0.0020221254070942,0.0155926540433611,19.473289228786484,2979715.442315702,-29.97331717898562,55.45510591985328
2005,"Hotels, Restaurants & Leisure",0.0002104876453579,0.0176820963754395,23.9777123694124,3174591.458152958,-30.306058930728742,23.13129070135327
2006,"Hotels, Restaurants & Leisure",0.0012545360465373,0.0190225883566732,29.72293028271246,3131319.610814419,-27.369453230284684,23.96065906866518
2007,"Hotels, Restaurants & Leisure",0.0004835356304753,0.0213134265312403,41.77747411525265,4300330.633466136,-24.172222425635294,40.556377577453695
2008,"Hotels, Restaurants & Leisure",-0.0022489390670329,0.0504063029565819,30.277457185334995,6067065.185111989,-22.998754655244664,-27.526836347722337
2009,"Hotels, Restaurants & Leisure",0.0025724523386348,0.0471400291555675,21.874538964991057,10001455.589285716,-20.983141602295387,-27.75305128468293
2010,"Hotels, Restaurants & Leisure",0.0024290987776055,0.0246622620227258,37.25498207757082,8947464.425595239,-18.479052232440296,70.31207897544849
2011,"Hotels, Restaurants & Leisure",0.000488190867716,0.0245000894502355,55.862871402943576,6908242.011574074,-15.291323985826418,49.94738498767266
2012,"Hotels, Restaurants & Leisure",0.0007021240178329,0.0185332419545344,62.97441712029775,4927514.079,-12.72650340306365,12.73036193585182
2013,"Hotels, Restaurants & Leisure",0.0016182345664991,0.0144597642436642,72.2224462079609,3369957.3375038146,-10.24377567763649,14.685374649831171
2014,"Hotels, Restaurants & Leisure",0.0006027057986177,0.0154560276593761,95.49498336277313,3349803.1720521543,-7.923389798200187,32.22341304779419
2015,"Hotels, Restaurants & Leisure",0.0002487374723071,0.0196322902874225,102.4089164723074,3699136.6961451247,-6.325476846905638,7.2401008577269055
2016,"Hotels, Restaurants & Leisure",0.0005139644273401,0.0196124345744126,88.1032614883652,3654311.158446712,-6.3711468431858505,-13.969149832583794
2017,"Hotels, Restaurants & Leisure",0.0011842973692439,0.0132916441969696,103.94166676321014,2935852.1687535574,-5.635971648934461,17.97709302389052
2018,"Hotels, Restaurants & Leisure",-9.351307265748376e-05,0.0191993071413858,120.64596454867872,3338731.388730791,-4.508834963320493,16.07083887111671
2019,"Hotels, Restaurants & Leisure",0.0012710191165286,0.0158345671091884,148.3384702832791,2546343.480725624,-2.671278352040076,22.95352839872804
2020,"Hotels, Restaurants & Leisure",0.0008256129891889,0.0500021634005474,166.1749911736392,7503134.415584415,-1.4788044767739654,12.024204413257111
2021,"Hotels, Restaurants & Leisure",0.0006797754934863,0.022804108934643,232.1548658176885,4293233.645124717,-0.8676228587576509,39.70505680671632
2022,"Hotels, Restaurants & Leisure",-0.000163087140952,0.0315154104688998,213.091270376368,4707548.273109243,-0.3906255189500941,-8.21158556129129
1988,Industrial Conglomerates,0.0005317380675978,0.0163058432986974,4.549368106329394,1643201.7154150198,-60.72543302602779,-10.155697969142818
1989,Industrial Conglomerates,0.0008963106904233,0.0132492841374704,5.405350583886343,1620062.2063492064,-59.10867122033754,18.815414746633664
1990,Industrial Conglomerates,-7.522279314879297e-05,0.014327800836183,5.952955592291158,1442736.8280632412,-57.820256907607536,10.13079540182382
1991,Industrial Conglomerates,0.0014790812258897,0.017284008482941,6.652752212384944,1551402.7490118577,-56.01855901068665,11.755448352411625
1992,Industrial Conglomerates,0.0009296085721111,0.0132871428854842,8.573642198495039,1389994.6200787402,-53.73017257045334,28.873613878690897
1993,Industrial Conglomerates,0.0008548404252592,0.0126144705492368,10.33871369870755,1333185.7351778655,-52.222338097630704,20.587184061895435
1994,Industrial Conglomerates,-0.0001479309850942,0.0134824566831533,10.658606833881802,1183593.7837301588,-50.9132178171163,3.0941289651365445
1995,Industrial Conglomerates,0.0012923035802768,0.0138224753681585,12.377973219705009,1333588.0238095238,-49.34656528732784,16.13124878907859
1996,Industrial Conglomerates,0.0013690716701995,0.013726740796937,16.685861747095903,1417097.3503937009,-47.30518981812492,34.802858682332506
1997,Industrial Conglomerates,0.0005036981940374,0.0179533236925839,22.450817914819527,1665954.5158102766,-45.77337814576982,34.5499456671873
1998,Industrial Conglomerates,0.0002601282383829,0.020018881905663,22.38974069792127,1833972.8095238092,-44.57540549259562,-0.2720489611113152
1999,Industrial Conglomerates,0.001442596247581,0.0205853810973944,27.8141006061009,2230193.152777778,-42.990198330268406,24.22698851837639
2000,Industrial Conglomerates,0.00056733630554,0.0308741265347494,25.88625228972662,4037898.511904762,-42.35356407320479,-6.931190562931288
2001,Industrial Conglomerates,-0.0002968489170788,0.025698606102022,27.193906612934605,5081240.429435484,-41.51237255964151,5.051539746164591
2002,Industrial Conglomerates,-0.0001846026505067,0.0254272101055164,27.00773911627512,4512099.43452381,-40.58339972308119,-0.6845926894921917
2003,Industrial Conglomerates,0.0015076605524944,0.0152695177042713,28.526774652420528,3996351.75,-39.41394776705653,5.624445384360288
2004,Industrial Conglomerates,0.000207911253566,0.0131104801054641,35.70644433157785,3254660.015873016,-38.12337064082259,25.16817890082823
2005,Industrial Conglomerates,0.0001398990913349,0.0115092538521178,35.73139368163215,3497469.748015873,-36.81758424888042,0.0698735214926804
2006,Industrial Conglomerates,0.0005571299694565,0.0116269529575335,37.53370708678348,3577771.109561753,-35.16849478015489,5.044061312609305
2007,Industrial Conglomerates,0.0009359619946447,0.0127566651813904,45.262474838955946,4482827.94621514,-33.36832360682729,20.591538518437336
2008,Industrial Conglomerates,-0.001558084530032,0.0258588602932278,40.02485092449565,5911634.679841897,-32.01044963797314,-11.571669320106292
2009,Industrial Conglomerates,0.0014546705378088,0.0222535119515212,33.906157943937515,5614564.049603174,-29.683709374832084,-15.28723490338706
2010,Industrial Conglomerates,0.0009018841250922,0.0145782284174482,45.40077721126496,4834984.920634921,-27.765690073526084,33.90127329181129
2011,Industrial Conglomerates,0.0002209326718872,0.0191210122727269,51.26307012921288,4641516.575396826,-25.773650276548693,12.912318418402212
2012,Industrial Conglomerates,0.0007323369096219,0.0111110500161024,55.51679851531983,3323281.848,-23.575979506719506,8.29784165362135
2013,Industrial Conglomerates,0.00167364047473,0.0095074742504502,74.1852297782898,2883330.25,-21.51916090477609,33.626635112646895
2014,Industrial Conglomerates,0.0006267892173601,0.0098107610329298,92.90440365624806,2741499.1507936507,-19.99393759375205,25.23302001476904
2015,Industrial Conglomerates,6.402344107481944e-05,0.0120969810553741,103.80873280479794,2850154.53968254,-18.203510792711587,11.737149929831702
2016,Industrial Conglomerates,0.0007193177130838,0.0102834147293367,115.52656184302435,2784795.837301587,-16.023073066645132,11.287902974656896
2017,Industrial Conglomerates,0.0012222915443773,0.0072138488513579,143.6011568198641,2346204.838645418,-14.080749356552044,24.301419975595785
2018,Industrial Conglomerates,-0.0004465236863891,0.0136658794433828,156.81936885636165,2863717.950199203,-12.212651880805067,9.204808881225611
2019,Industrial Conglomerates,0.0006266023679796,0.0135560163614199,156.04248419262117,2721397.222222222,-9.49620102968709,-0.495400963162973
2020,Industrial Conglomerates,0.0008031944191787,0.0261289541888377,151.0048878485035,3406099.802371541,-6.6607364300249285,-3.228349234622008
2021,Industrial Conglomerates,0.0001579678049924,0.0118244649621837,194.58371198745,2565358.531746032,-4.114690224305652,28.85921426773099
2022,Industrial Conglomerates,-0.0004414925619078,0.0166327440220092,163.58700942993164,4012054.323529412,-1.660416094363747,-15.929751900055
1981,Insurance,0.0002398825346417,0.0150495210404545,1.5086583891859302,146872.77244494637,7084.008984788666,1.9027306489605824
1982,Insurance,0.0008042246180625,0.0183118145070348,1.5519875016448392,200850.59796725013,5911.3615686601925,2.8720293984040524
1983,Insurance,0.00100640868214,0.01480380996082,2.0835273469961813,237461.7024280068,14829.81816406833,34.248977184932315
1984,Insurance,0.0006291957995062,0.0195413910866252,1.745581162219783,340954.888772298,148.0526668252313,-16.219906365213532
1985,Insurance,0.0021236874198934,0.0168016776489098,2.3576128287314777,478045.70287698414,-18.38536706511419,35.06177081639672
1986,Insurance,0.0002870826040771,0.0215611703838499,2.99153478835302,623692.9030067895,-32.05414185117278,26.88829785349558
1987,Insurance,-0.0005298605901874,0.0248656193262125,2.678244819112865,773956.1602986385,-45.93191589503412,-10.472549758067018
1988,Insurance,0.0006741283793661,0.0151839002524677,2.509515392476653,411217.6570048309,-56.29811945495127,-6.300000113212267
1989,Insurance,0.0016294412736032,0.0139838854774102,3.3266835992850323,413441.2508818342,-53.727987832329504,32.562789184644615
1990,Insurance,0.0002475041361781,0.017087836064321,3.7243579928425774,417596.2007026789,-55.59479729095328,11.954079241049945
1991,Insurance,0.0009752408089786,0.0156695330994429,4.385258681636973,356313.79929732106,-54.86211925236633,17.74535879914083
1992,Insurance,0.0013205026651935,0.0129603392281974,5.502288015287171,343780.4120734908,-53.26074499828167,25.47237038325005
1993,Insurance,0.000237684159809,0.0130865841736631,6.820794891983307,411750.327537404,-51.62525460072551,23.962883677351844
1994,Insurance,-0.0002839888083072,0.0135473928398852,6.402283311788998,394586.4511904762,-50.30496907655294,-6.135818285434724
1995,Insurance,0.0014959676197085,0.0116744539955575,7.320438268544182,398676.03055555554,-48.621815978908174,14.34105477751222
1996,Insurance,0.0006386384481926,0.0121032769414912,9.217782609387646,468760.124015748,-46.66278290397696,25.918452847233556
1997,Insurance,0.0017337766736023,0.0154477151621743,12.973818493501945,511958.48695652175,-45.0553999879428,40.74771605363144
1998,Insurance,0.0001818391931295,0.0213742206208009,16.599554691475536,550727.9230158731,-44.19499653725067,27.94656176043757
1999,Insurance,-7.350912197054345e-05,0.0224373171307718,15.895104580786493,691964.1261904762,-43.21168629938571,-4.2437892086997
2000,Insurance,0.00216152711172,0.0313235439298413,16.079910294834345,1165996.510158847,-41.96654982367026,1.1626580568160572
2001,Insurance,0.0002746103076527,0.0216197608075967,18.687281459787467,1276453.652919708,-40.89053105286284,16.215085265685445
2002,Insurance,-0.0003880621200223,0.0233394101333328,17.60065866123747,1473906.0909391537,-40.65981516819595,-5.8147719393442205
2003,Insurance,0.0010277149680628,0.0202368101688136,16.664131457606953,1459598.0145502645,-39.42789358250021,-5.320978161419976
2004,Insurance,0.0005187450981889,0.0152129761368675,19.79853029849161,1525579.9007070395,-37.466890398783136,18.80925416880244
2005,Insurance,0.0009541623518017,0.0135722168907561,22.43468335813073,1455148.658119658,-36.101372031716856,13.314892670795686
2006,Insurance,0.0005058639949943,0.0124515759129488,26.855793780795352,1550916.8020226783,-34.44052235278507,19.706587127124894
2007,Insurance,0.0002091297260926,0.0160116189526156,30.578301388246317,1956727.6267238737,-33.21987625421908,13.86109693064792
2008,Insurance,-0.0001540000993368,0.0468990341040245,26.013599351315776,3558943.757373061,-31.44317596523259,-14.92791237477016
2009,Insurance,0.0009835425226107,0.0419531889683537,19.60911272886472,4308345.296703297,-29.582488377210414,-24.61976343972221
2010,Insurance,0.0009500864144678,0.0163359780778234,24.30720664730002,3062839.8226495725,-28.089633522930374,23.95872767623841
2011,Insurance,0.0003510391427278,0.0209527638252469,27.45823341615325,3162719.044871795,-25.77765906024988,12.963343812289674
2012,Insurance,0.0005457673040966,0.0132209859391642,30.155909770085263,2581214.54,-23.424046302829044,9.824653731528876
2013,Insurance,0.0017746172355299,0.0117655530973537,40.26888683019831,2016628.0198412696,-20.9432343796394,33.535639074451495
2014,Insurance,0.000424932835982,0.0107115603220456,48.55120228905963,1767936.0518925518,-19.07276223939178,20.567530197160245
2015,Insurance,0.0002009788927028,0.0129363175147985,53.36082648532295,1864770.8528693528,-16.8600617407468,9.906292675572104
2016,Insurance,0.0009388454573677,0.0150416773145646,58.87816176105914,1953242.0927960929,-14.436493967624877,10.339673575434126
2017,Insurance,0.0005760540261731,0.0101111132386034,72.03472280312344,1446456.2617223414,-12.53192425581839,22.345400482196776
2018,Insurance,-0.0002702919833465,0.014386424059625,75.66196377994164,1676554.9877413425,-10.339379762934476,5.03540630916528
2019,Insurance,0.0011129061146155,0.0128589216415427,86.75676601943225,1513185.981379731,-7.667616938869888,14.663645622203504
2020,Insurance,0.00067491430104,0.0363984012565339,84.14051523060739,2021582.0918212223,-5.243631134770147,-3.01561585206952
2021,Insurance,0.0011623844246125,0.0158104380341721,115.0882295974154,1579784.1575091574,-3.071289374693705,36.78098985011955
2022,Insurance,0.0004117519544142,0.0197873687213883,129.77421420330992,1529149.8510019393,-1.208584279303388,12.760631262872725
1981,Leisure Products,0.001699910211392,0.0263083878213834,0.123616655294603,86555.25296442688,381.5705764564119,76.24244781103113
1982,Leisure Products,0.0042240087792154,0.0312006577270884,0.2041063612039852,169133.5652173913,741.4871113957648,65.11234729459336
1983,Leisure Products,0.0039025327243116,0.0233577882208281,0.6156570315361023,79469.40711462451,5938.602663382535,201.63539632202375
1984,Leisure Products,0.0030544880132471,0.024331060820662,1.313649302179163,347465.16600790515,944.8926551125048,113.37355619922458
1985,Leisure Products,0.0020786435302763,0.020523399793922,2.450940803402946,607979.4801587302,-48.01569467852581,86.57497091020969
1986,Leisure Products,0.0006876312760128,0.0213144475393568,3.667021332993338,728079.6245059288,-47.99841669949084,49.61688702974612
1987,Leisure Products,-0.0009685959241847,0.0327118641249667,3.222061730185045,590319.7707509882,-48.00523610363352,-12.13408819863828
1988,Leisure Products,0.0008815119060174,0.0200949591493312,2.2932083983666343,301088.96837944665,-47.61426481786582,-28.82791856893028
1989,Leisure Products,0.0009844132000059,0.0214641003939403,3.084686500685556,535520.3452380953,-47.337263098143126,34.51400678990455
1990,Leisure Products,-0.0003675836516609,0.0249908932831356,2.66750075129181,400257.9209486166,-46.83676874493102,-13.524413236192013
1991,Leisure Products,0.0040682662636189,0.0231562575123197,4.429323654400973,587673.0909090909,-46.11929499822474,66.04770035232237
1992,Leisure Products,0.0009528614652831,0.0191148733904442,7.047141884255597,457824.5590551181,-45.85195154824755,59.10198563280788
1993,Leisure Products,0.000535048425997,0.0136282311920353,8.544540654058041,534037.0553359684,-45.54433774897022,21.248313066434264
1994,Leisure Products,-0.0007501306151885,0.0130089694060759,7.817133131481352,613698.2142857143,-45.1632862570436,-8.513126123769133
1995,Leisure Products,0.000378783308736,0.0135483844475074,7.725335703955756,507332.1428571429,-44.63507385227558,-1.1743106581606932
1996,Leisure Products,0.0012364549162987,0.0259846498073846,9.196625155726757,1145195.964566929,-44.033635091584806,19.04499051112596
1997,Leisure Products,0.0010087012553066,0.0196990987088038,10.585645724662209,943571.7391304348,-43.47901507890519,15.103590125889887
1998,Leisure Products,0.0009534942846857,0.0274522031343282,13.539241707514202,759128.5714285715,-42.88012879741631,27.90189715088207
1999,Leisure Products,-0.0004990232518672,0.0289313685749836,14.662653018557837,1110971.626984127,-42.68929101774841,8.297446306909094
2000,Leisure Products,-0.0015208950375127,0.0363056827437746,8.10343835656605,1038694.8412698412,-41.62084182880213,-44.73416000290052
2001,Leisure Products,0.0020822769484556,0.0260534181955694,8.650226289226163,667734.6774193548,-40.6087192908516,6.74760402437149
2002,Leisure Products,-0.0010847120139054,0.0213649236705579,8.144330652933272,879416.2698412698,-40.29708388682487,-5.848351469405866
2003,Leisure Products,0.0026137479784399,0.0178592940351328,10.326447986421131,983630.1587301588,-39.584777315226525,26.79308375946088
2004,Leisure Products,-0.0002284966219272,0.0139798137054217,11.834928633674744,979835.7142857144,-39.22767168194367,14.607933427226904
2005,Leisure Products,0.0003116079420915,0.0129967900722988,12.46861015425788,865001.1904761905,-38.28293652700163,5.354333263827882
2006,Leisure Products,0.0013651893676502,0.013033137456101,13.49288340868703,1473731.4741035856,-36.982227515672086,8.214814977428508
2007,Leisure Products,-1.952400267660071e-05,0.0174328206958479,18.776674566990827,1954229.880478088,-35.848270223009145,39.15983706567842
2008,Leisure Products,0.0010402212251945,0.0292796972214007,20.79200415554725,2371631.225296443,-34.18943027070683,10.73315501829779
2009,Leisure Products,0.0007310520276457,0.0217743417800363,17.959337041491555,2407588.888888889,-32.426133635977784,-13.623829106921123
2010,Leisure Products,0.0017783609830051,0.0173753381497499,28.7054422090924,1783617.0634920634,-30.46476412977433,59.83575642449415
2011,Leisure Products,-0.0012944318369708,0.0173016511532018,29.244086386665465,1697823.4126984128,-28.943513849834563,1.8764531605176105
2012,Leisure Products,0.0007643801382079,0.0140444256791186,26.54508788299561,1671759.6,-26.389273684959107,-9.229211225762658
2013,Leisure Products,0.001870029878876,0.012487128732608,35.07992618802994,1476290.0793650793,-23.36935909559033,32.15223224219055
2014,Leisure Products,0.0001937463698253,0.0118269737708055,42.669538906642366,1210712.6984126985,-21.030675710778294,21.63520150507665
2015,Leisure Products,0.0010551926171223,0.0173111209035073,57.09628106677343,1313413.492063492,-18.674586649525104,33.81040088503335
2016,Leisure Products,0.0007764521510393,0.0146528013677108,67.27365926712278,1245434.5238095238,-16.650546218759093,17.82494062695086
2017,Leisure Products,0.0008589629086395,0.0172291875892077,83.36988158814935,1329061.752988048,-14.73030283087592,23.926485486858205
2018,Leisure Products,-0.000191989398758,0.0174670765679078,81.68420504383832,1413587.250996016,-12.594718657705378,-2.0219250791770893
2019,Leisure Products,0.0013680864598627,0.0210211513036246,90.78168075803728,1172430.1587301588,-10.099275113648146,11.1373743667047
2020,Leisure Products,0.0002410341520063,0.0342861408780747,75.17327329009889,1213640.711462451,-7.678993714192356,-17.193344888094618
2021,Leisure Products,0.0005638824155463,0.0154930571869937,91.61514972505115,784964.6825396825,-4.686694053872205,21.871970868558456
2022,Leisure Products,-0.0018902127923022,0.0211345102192141,80.00766149889522,1269605.37394958,-2.039515464110292,-12.669834913757716
1987,Life Sciences Tools & Services,0.0002560173585673,0.0302975168685492,5.149246114044793,77100.36495388669,64.81287065697151,23.99122742765718
1988,Life Sciences Tools & Services,0.0007354558489116,0.0195200479095148,4.18031936671894,45809.396574440056,-16.206187903726658,-18.816866117217867
1989,Life Sciences Tools & Services,0.0009537266270733,0.0173942364549255,5.017589798995426,77762.81613756614,-18.38764467714903,20.028862841014107
1990,Life Sciences Tools & Services,-0.0002737763171229,0.0176776840900325,5.107382756762196,73171.79841897234,-17.23510778109135,1.7895635427341627
1991,Life Sciences Tools & Services,0.0014555363711596,0.0173352582177603,6.154761224239083,109625.00395256915,-15.710725679896983,20.507146563279456
1992,Life Sciences Tools & Services,0.0001884945620053,0.0132572338628493,6.582162668698729,99364.03543307088,-17.540526629512286,6.944240871220564
1993,Life Sciences Tools & Services,-0.0001061395360662,0.0127614035933568,7.525596407876498,124078.55072463768,-18.647619150569813,14.333187839070582
1994,Life Sciences Tools & Services,0.0017670556919948,0.0175805028804691,8.576830488664132,147419.90740740742,-17.522637593559903,13.968780995050212
1995,Life Sciences Tools & Services,0.0014155119438983,0.014458281186417,12.233331252966718,198924.80891719743,-15.44219755677197,42.63230769379582
1996,Life Sciences Tools & Services,0.0011347475860694,0.0202663505609569,14.319045645280148,263848.27755905513,-13.355166843767488,17.049439348808782
1997,Life Sciences Tools & Services,0.0003995702592063,0.0189948511384952,14.300219986278549,277888.63636363635,-13.210262246956294,-0.1314728611665816
1998,Life Sciences Tools & Services,9.565798963549304e-05,0.0217473288701116,14.229640055270425,346563.9880952381,-11.442123073809787,-0.4935583583738578
1999,Life Sciences Tools & Services,0.0008296875719959,0.0217648422268087,14.909781773885092,470995.6724470135,-8.731549411485227,4.7797535002493285
2000,Life Sciences Tools & Services,0.0015243355896207,0.0456082169489804,26.52962182645212,1180748.6432748537,-8.097349427273661,77.93434021227266
2001,Life Sciences Tools & Services,0.0001577407666746,0.0408031906425198,19.6976220255257,967387.3353494623,-6.883240764168462,-25.752345229868222
2002,Life Sciences Tools & Services,-0.000896614052317,0.035441511923159,17.77316823199628,1012056.1944444444,-4.168484718449967,-9.769980310494152
2003,Life Sciences Tools & Services,0.0022469883919985,0.0321765740828771,19.14577577263117,869063.3234126985,-3.555969045496991,7.722919868410627
2004,Life Sciences Tools & Services,0.0009254051953012,0.0220017811892236,25.480521191049505,1085286.068121693,-3.585124353124993,33.08690905841401
2005,Life Sciences Tools & Services,0.0006602448347457,0.0212845460483407,26.33259833537081,1158926.9338624338,-3.680222397381084,3.344033420401993
2006,Life Sciences Tools & Services,0.0020765894779719,0.0223464768861612,33.644220456025835,1432546.3134130146,-3.526492844166023,27.76642862027712
2007,Life Sciences Tools & Services,0.000963995052543,0.0186338304659999,43.46933350873342,1751166.1726427623,-2.730503807081326,29.202974298510952
2008,Life Sciences Tools & Services,-0.001246919499994,0.0315952128057193,44.7310553514282,2076051.593544137,-2.5033096549980773,2.9025562180319486
2009,Life Sciences Tools & Services,0.0016253515778833,0.0242521482244197,38.45420675933676,2189948.208333333,-2.0630736826271647,-14.032417842095535
2010,Life Sciences Tools & Services,0.001159012419399,0.0172323192662422,49.03815490038937,1886786.291005291,-1.979148179949345,27.523511815733404
2011,Life Sciences Tools & Services,-0.0005498091337048,0.0244678376639882,57.77480232904828,2120886.53505291,-1.9158029779478296,17.816019885751324
2012,Life Sciences Tools & Services,0.0013587149177742,0.0199917943639446,55.73932747777303,1684022.9853333333,-1.730536431564669,-3.523118676689685
2013,Life Sciences Tools & Services,0.0017436819067471,0.0138240665551598,73.23242606057062,1373291.5211640212,-1.477095698577027,31.383763267996457
2014,Life Sciences Tools & Services,0.0006696535239282,0.0156128667976671,98.37000736609968,1260235.3287037036,-1.356302051521932,34.325752481199714
2015,Life Sciences Tools & Services,0.0005479622301981,0.0153189567814362,112.61528901322178,1141600.6613756614,-0.9916014407743798,14.4813261974313
2016,Life Sciences Tools & Services,0.0003745423949718,0.0178877084076481,115.95855631147111,1042289.8148148148,-0.8671586682021812,2.9687508042152366
2017,Life Sciences Tools & Services,0.0014375125244468,0.014145191467824,149.51587779335134,898514.1434262948,-0.6737491916464837,28.939064566950435
2018,Life Sciences Tools & Services,0.0004483759871482,0.0173614643891447,190.9044469324241,1024510.8897742364,-0.5708309001571198,27.681721667231017
2019,Life Sciences Tools & Services,0.0013578231134067,0.0170395783253038,219.78430153831604,970134.5238095238,-0.2969951699882697,15.127910884189475
2020,Life Sciences Tools & Services,0.0016084250017188,0.0252730892442639,283.77978942077,1018283.069828722,-0.1908680670765913,29.117406218067508
2021,Life Sciences Tools & Services,0.0013648055426187,0.0160436368970848,412.3213330324365,825942.8571428572,-0.1547998179883958,45.29622911978191
2022,Life Sciences Tools & Services,-0.0011668849076219,0.0259574996471548,348.5848287160323,933696.5042016808,-0.1511004955976938,-15.457969115410808
2000,Logistics & Transportation,0.0008353482574119,0.0302568604581144,25.367096702257797,1065828.7037037036,-31.982522211609396,9.184667945328972
2001,Logistics & Transportation,0.0003774956482322,0.0206307481917658,25.71934115181687,991376.88172043,-30.960986324132143,1.388587955860654
2002,Logistics & Transportation,0.0005710740524209,0.0193273057118106,30.208480611680045,1847959.2592592596,-29.643238485230288,17.454333038177584
2003,Logistics & Transportation,0.0009042342566327,0.014113968143733,34.63171886010145,1689980.9523809524,-28.30562019701232,14.642372469111107
2004,Logistics & Transportation,0.0012964754995632,0.0119329973679726,42.77978493927648,1566101.5873015872,-27.21045142746649,23.52775532768101
2005,Logistics & Transportation,0.0004141434077597,0.013931303045109,47.714967240732186,2012387.1693121693,-26.11045214747317,11.53624850723518
2006,Logistics & Transportation,0.0003828810652951,0.0167837171963644,57.839087386213606,2075662.9482071716,-24.842939318351963,21.217912807952
2007,Logistics & Transportation,0.0002239492871816,0.0168024077677793,58.60574056111167,2564451.261620186,-24.110188642774464,1.3254932080425608
2008,Logistics & Transportation,-0.0002280993778566,0.0296718652140505,50.49605107464495,3890818.84057971,-23.99852471157165,-13.837704990708666
2009,Logistics & Transportation,0.0008705746701268,0.024615324398773,43.04605502174015,3560171.693121693,-22.981886926943545,-14.753621113643078
2010,Logistics & Transportation,0.0010615372619526,0.015615985000349,55.80526850967811,3203706.216931217,-21.35264855592045,29.64084277059536
2011,Logistics & Transportation,-9.068006305805387e-05,0.0176072521177542,61.01386764062145,2938107.671957672,-20.57005885215242,9.333525794325382
2012,Logistics & Transportation,0.0001599173295684,0.0124891072190622,61.13664888000488,2416874.0,-19.03072647209805,0.2012349718700568
2013,Logistics & Transportation,0.0011106122609624,0.0123261988731604,71.07782931050295,2433963.35978836,-17.171655254373945,16.260591008201942
2014,Logistics & Transportation,0.0007917308600553,0.0113533885397457,88.26990246646619,2206111.2433862435,-15.38554273584198,24.18767331914402
2015,Logistics & Transportation,-0.0004706804464495,0.0137120501066569,95.93368513117392,2226449.7354497355,-13.939891029915666,8.682214945937217
2016,Logistics & Transportation,0.0009004706135843,0.0119635823653476,98.90446070010069,1961117.9894179893,-12.44517007426531,3.096697020305972
2017,Logistics & Transportation,0.0008426476454917,0.0107880375181819,117.39680785930172,1909997.609561753,-10.598712547864675,18.69718213749101
2018,Logistics & Transportation,-0.0007028127555271,0.01632108121891,134.4273774551047,2220218.8579017264,-9.08026388293129,14.506842141920796
2019,Logistics & Transportation,0.0003131777043269,0.0174124127409432,111.47587652055044,2292485.582010582,-7.368607993407298,-17.07353172326781
2020,Logistics & Transportation,0.0018911346873432,0.0270020018098499,126.79593866521662,3070094.3346508564,-5.0178131856672605,13.742939389978194
2021,Logistics & Transportation,0.000695540875455,0.0156116501994092,177.79434311074556,2223455.0264550266,-3.4128494970300016,40.2208501174329
2022,Logistics & Transportation,-0.0005612821071019,0.0232593765196172,164.3404079618908,2448436.722689076,-1.4928633779372746,-7.567133415754679
1981,Machinery,0.0001869928694832,0.0180269139425144,1.5442464408651129,240772.9266978081,1.2140628760174696,13.087711841523465
1982,Machinery,0.0003124791666079,0.0205031565508566,1.2378643583339022,373232.9328063241,11.870270262179387,-19.840232389305054
1983,Machinery,0.0013919520808964,0.0178720926846852,1.7156427564180416,479839.9205892921,29.78708976668704,38.59699125089951
1984,Machinery,-0.000407891202,0.0192010374793994,1.7781292938641022,538106.3158462092,42.88777325349963,3.6421648511792304
1985,Machinery,0.0009103532654245,0.0165629622282459,1.8388683960691072,545647.0804473305,-35.06090068558817,3.415899080826179
1986,Machinery,0.0003054954948206,0.0186963140260709,2.1410874054505165,758508.1386992454,-50.77513531681718,16.435053755203665
1987,Machinery,0.0009659127288525,0.0279577497545376,2.6948921899657603,961226.9155587496,-50.57829977899184,25.865585080993704
1988,Machinery,0.0009884884976991,0.0177222776615875,2.7349211235098645,793749.161336687,-51.49976697472531,1.4853630766065162
1989,Machinery,0.000458436296759,0.0148471155265027,3.034696751739032,796328.7187392943,-49.76121152718638,10.96103378091029
1990,Machinery,-0.0001988614739923,0.0188372731393882,2.97601562617678,740925.6245059288,-49.96117842421251,-1.933673456124585
1991,Machinery,0.0012477855285719,0.0188545367869373,3.2882108751080725,699906.3007246377,-48.73901055277489,10.49037666957291
1992,Machinery,0.0005551392354196,0.0163360882523,3.785892814084927,667475.7398293964,-47.6461840417339,15.135341311116402
1993,Machinery,0.0012369502925596,0.0148203255146543,4.608000849114734,786453.4631093544,-46.36921051449195,21.71503725544632
1994,Machinery,0.000247042578645,0.0161814540371742,5.285720314554594,924776.4034391536,-44.79659165985576,14.70745096694288
1995,Machinery,0.0010538396528567,0.0157533832210008,6.325321990582678,878666.7764550265,-42.775104232422414,19.66811738346179
1996,Machinery,0.0010508935290954,0.0181078115040537,7.830440862070075,832765.7053805775,-41.76229850660628,23.795134441033383
1997,Machinery,0.0015879440900328,0.0197886400227141,10.906022560867395,852899.7285902504,-41.01660653511326,39.27724827978911
1998,Machinery,-0.0005894253571496,0.0235161456771364,11.3637028448875,954890.343915344,-40.30185774896175,4.1965829564880375
1999,Machinery,0.0010148064621448,0.0232346028690642,11.263268202149048,1015321.8333333334,-38.79211142363604,-0.8838196854437874
2000,Machinery,0.0003135083639904,0.0270686384501837,10.521392073462565,1212905.2503306875,-37.12064248322186,-6.586686167563094
2001,Machinery,0.000973119080975,0.0233733495860721,11.99202003450163,1330690.7718413975,-36.005987884527954,13.97750364942998
2002,Machinery,-6.684544150603945e-05,0.0262194262939475,12.783836019811806,1834112.206679894,-35.00124823620278,6.602857425455277
2003,Machinery,0.001654271925789,0.0190072638862861,13.285028166635326,1919716.148148148,-33.879831356227385,3.92051451572748
2004,Machinery,0.0013505816187873,0.0154371826592812,18.581454870877444,1868634.6365740744,-32.62440305782236,39.86763624290857
2005,Machinery,0.0001364311435562,0.0147782568759959,21.11770649971785,1916027.724537037,-31.498667611809434,13.649370549641173
2006,Machinery,0.0007897444028654,0.0152669457046209,25.493156331468864,2225782.073373174,-30.17928683191976,20.71934199771868
2007,Machinery,0.001272583633856,0.0190086124505533,32.23191823459083,2521167.8356573707,-28.95736542747461,26.43361149754377
2008,Machinery,-0.0013585502425663,0.0367056219247091,30.22984627285808,3248717.151844532,-27.541986243567727,-6.211457683533572
2009,Machinery,0.0018597455844801,0.030304451857526,23.462727320493844,3531131.869047619,-25.16967557924264,-22.3855552928832
2010,Machinery,0.0017065145470397,0.0195934287268082,35.51462308928449,2807252.7701719576,-23.78052372497621,51.3661332042322
2011,Machinery,-4.45060340020131e-05,0.0235234194155968,43.50204891460056,2836048.606365703,-22.57136804663388,22.490526804227983
2012,Machinery,0.0009380294898852,0.0162273533653259,42.31421887679962,2179343.0676024063,-20.309979929936578,-2.730515153740876
2013,Machinery,0.0012980436753734,0.0133629591980811,51.56902265008075,1662242.2403628118,-18.34154125201795,21.87161672587421
2014,Machinery,0.0001823018840353,0.0129461156092369,61.64149243112595,1640761.0362811792,-16.836907946898542,19.53201605039421
2015,Machinery,-0.0005418031951501,0.0151146509548582,58.461576927275885,1855087.5725623583,-14.917322136951864,-5.1587256869276565
2016,Machinery,0.0011559866919973,0.0158878747250528,61.92471718355642,1763903.2083333333,-12.300656980045948,5.923788645982908
2017,Machinery,0.0014751488912202,0.0122004777342751,80.96274296870848,1383483.135510204,-10.292833432535993,30.743823550650703
2018,Machinery,-0.000636237002627,0.0179959372895279,89.3992499200788,1624059.164940239,-8.546643871954581,10.42023360625388
2019,Machinery,0.0013849581833761,0.0167712578179476,94.90242154257638,1264279.3915343916,-6.224183266420642,6.1557246033018265
2020,Machinery,0.001214927434994,0.0306065300475371,106.33624159168347,1449400.4743083003,-4.191697230934244,12.047975028727295
2021,Machinery,0.0006690880996264,0.016181941457437,153.91850236256917,1194862.857142857,-2.6235610256928563,44.74698377397522
2022,Machinery,-0.0002365012478961,0.0206525278718671,141.56651183449276,1369332.8117119642,-0.8939009845856367,-8.025019954378298
1981,Media,0.0001100981961313,0.0141101525248029,0.7942950037628295,1732106.855731225,35.673839772998484,10.182111909337133
1982,Media,0.0009726238415059,0.0199132454131325,0.8081337830765917,4132649.968379447,30.897696966899307,1.7422719831049482
1983,Media,-0.0003038261009314,0.0215549909309437,1.058377853613126,3714258.790513834,53.458680441402585,30.965673725932707
1984,Media,0.0004510699680677,0.0240785668018433,0.8519785526712893,9074713.009881424,44.30567762515524,-19.50147579498416
1985,Media,0.0016931425561835,0.0155669301447595,1.181298733821937,3074854.384920635,34.319475836705145,38.653576444864576
1986,Media,0.0010763874918363,0.0218466172505273,1.7843806538657236,3783750.055335968,3.529933026786833,51.05244785056142
1987,Media,0.0010669011050218,0.0274070088807172,2.5193550974248424,3648353.2411067192,-3.9458199641100458,41.18933042492099
1988,Media,0.0004193715896863,0.0143831463843389,2.3885143071766426,2562411.3438735176,-5.490589177771839,-5.193423919555396
1989,Media,0.0018238306566371,0.0180073311567913,3.281263830972754,2964418.5773913045,-8.761187819576662,37.376771037699655
1990,Media,0.0003064552868896,0.0311110015551692,2.888654497850868,2916715.3886693018,-26.07075688462452,-11.965186383854263
1991,Media,0.0027761888300817,0.0239066549490674,3.403532541159428,2924150.5915678525,-29.192370009862437,17.824147667767964
1992,Media,0.0022070909400399,0.0234081001693702,4.893330388494677,2883252.644356956,-26.210696042293065,43.77210528528526
1993,Media,0.0009555082864308,0.0235636655451641,6.916753289256643,2961353.8484848486,-22.363924508976,41.35062912407241
1994,Media,1.468502976512058e-06,0.024329211634708,6.429351581782891,3151914.003968254,-24.524389101031645,-7.046683423432231
1995,Media,0.0015154369202863,0.0230852166965155,8.441327065071732,3221592.084656085,-23.235141097674017,31.293598704255498
1996,Media,0.0010236035978577,0.0256099519608609,9.862351600892277,3364984.224409449,-24.31237828160235,16.83413668095406
1997,Media,0.0015558336483044,0.0284437771320822,11.006384902502097,2551576.008501594,-23.192454536684277,11.600005231067968
1998,Media,0.0016344986072987,0.0329330781031438,13.896655240938776,2889049.6041666665,-23.671092989300096,26.25994242468872
1999,Media,0.0019856260368683,0.0349810855298165,16.890639109743965,3189103.3432539683,-24.197188590248665,21.54463658265824
2000,Media,0.0006318225011055,0.0430314518718948,20.89849677681923,3192190.0625,-23.05301680659775,23.72827718971977
2001,Media,0.0012929299703743,0.0410698710415282,20.71685555865688,4577382.194556451,-20.80169635951096,-0.8691592515105206
2002,Media,0.0001203253161925,0.0398846575963059,18.207393416234016,5790659.972461274,-17.525435070115332,-12.11314205149363
2003,Media,0.0028994535892706,0.0287199382200577,19.114215166275464,7403750.873015873,-15.029732491746364,4.980513845726597
2004,Media,0.0007605350515535,0.0279298519973018,22.384595014231948,32902397.665435743,-13.670168714301353,17.10967371407768
2005,Media,0.0010121398986372,0.0214428441722605,23.00743272627868,75498436.33969717,-12.701631634676255,2.782439046365281
2006,Media,0.0009120825552754,0.0227961756557432,21.98874192653085,52780890.24701195,-12.073181705741728,-4.42765958230662
2007,Media,0.0002917750761448,0.0225191376512036,24.27422590369722,35504511.49686966,-12.202668591109294,10.39388240037866
2008,Media,-0.0017448082217039,0.0429025264214544,20.09194274718717,41628814.15189159,-11.729770459298225,-17.2293162842859
2009,Media,0.0021502569057053,0.0326121672919321,13.426756093561512,25705314.07256236,-12.681453420319,-33.17343045166087
2010,Media,0.0012474895498763,0.0232229566614958,20.00380949962228,22673161.17866005,-9.41284709435554,48.984679249626325
2011,Media,0.0001242151238213,0.0258575679253309,25.35571336935437,24079347.954861112,-8.102549372891566,26.7544233003876
2012,Media,0.0005894478836085,0.0226571296189915,26.18779511165619,20745504.2315,-8.078937838316346,3.28163412395841
2013,Media,0.0026864039868757,0.0219480543620905,40.973570202078136,16230954.081349207,-6.226696606306171,56.46055739851423
2014,Media,0.0010689804808507,0.0181389136976238,55.45927427874671,10808019.194940476,-5.18468625726107,35.35377562957371
2015,Media,0.0011616100947691,0.0192612047677429,72.41350077731269,9654496.801587302,-3.955384926154025,30.57058845262106
2016,Media,0.0007826360680981,0.0177521419708866,83.0320192291623,8499050.396825397,-3.147201238664893,14.663727534046275
2017,Media,0.0012855954921202,0.0143415208287754,117.47736411170656,6690323.555776892,-1.9905168034770608,41.48441192003005
2018,Media,0.0002313047691127,0.0208540687652035,142.15748033485565,8271086.25498008,-1.394679638922152,21.008401413979065
2019,Media,0.0012751502610656,0.0176896664758583,156.31812712124415,7110524.305555556,-0.8662089329814503,9.961239291124691
2020,Media,0.0014080869411136,0.029815310203548,197.5312985601161,8924214.920948617,-0.3207360074223152,26.36493425161501
2021,Media,0.0006019179698903,0.0180347853416022,252.25887900874727,6036096.23015873,-0.2608014949385923,27.70577667820853
2022,Media,-0.001281374329778,0.0273974094417246,176.5596112864358,7755708.211659664,-0.2235805678976838,-30.00856422567649
1990,Metals & Mining,-0.0005746806205963,0.0266469595501859,224.0871594696648,3529.802371541502,32.48982290964904,31.842324081008933
1991,Metals & Mining,-0.0002949219814431,0.0272369369436559,165.99711078146228,3789.090909090909,-5.216759606827185,-25.922970698401983
1992,Metals & Mining,-0.0004898660455868,0.0235618513678397,144.24485265176128,3140.2755905511813,-4.382612191433775,-13.10399803183212
1993,Metals & Mining,0.0029921705012826,0.0323913053843986,172.79630430319563,11448.300395256916,-3.1996346776451774,19.7937403841812
1994,Metals & Mining,-0.0007437739812114,0.0249509916597639,185.8702564542256,8319.84126984127,-2.800332802853684,7.566106349178536
1995,Metals & Mining,0.000798099125286,0.0230471013121621,123.82315612221784,277215.45454545453,-3.146447228098339,-33.38194153042885
1996,Metals & Mining,0.0002029319001613,0.0230199724455222,93.41170032099475,254930.03937007877,-4.478193835396165,-24.56039464153692
1997,Metals & Mining,-0.001893585368304,0.0256119372792677,71.62556146067593,370293.6956521739,-4.215067334056438,-23.322708809982217
1998,Metals & Mining,-0.0012831922110771,0.0406494619520633,42.43644304975631,640091.6071428572,-3.586689294120423,-40.75237640816975
1999,Metals & Mining,0.0015542052221328,0.0388213453947128,24.44934118787448,574717.3214285715,-5.923464875559273,-42.38597905293837
2000,Metals & Mining,-0.0026957622059995,0.0578013836883229,12.80146222786298,564576.9642857143,-8.268472839369565,-47.6408704451644
2001,Metals & Mining,0.0023288690341557,0.0596842109295619,7.324920079400463,945162.2379032258,-14.769615064041558,-42.7805984268154
2002,Metals & Mining,0.0032505489453487,0.0458491055131768,9.85745323035452,1481067.3412698412,-13.728037700662163,34.5742086398483
2003,Metals & Mining,0.0046199202203425,0.034129138633065,16.19130946530236,2281166.011904762,-13.618515527391596,64.254489338521
2004,Metals & Mining,-0.0003767655914022,0.0323802973723154,30.10689119687156,3083674.1071428573,-10.689045337948286,85.94475796654993
2005,Metals & Mining,0.0011808081872176,0.0266843065048476,25.50220787146735,2705160.0992063493,-12.738678215679064,-15.294449683608292
2006,Metals & Mining,0.001132833282163,0.0313082965552007,35.6463243970833,5147365.219123506,-11.150361776266893,39.77740506525122
2007,Metals & Mining,0.001649351370037,0.0285913864238848,34.95957287184271,10987417.908366531,-13.934272254754172,-1.9265703739619775
2008,Metals & Mining,-0.0039305166718907,0.0670165258943653,28.133139243710183,16204141.798418973,-16.34196429638653,-19.526650549070933
2009,Metals & Mining,0.0049952761127779,0.049639407719473,17.573447518878513,19299167.936507937,-16.389514861311977,-37.53470820783903
2010,Metals & Mining,0.0020817108074602,0.0289750949845456,24.40179940253969,14950711.706349207,-17.010203658578444,38.85607463376624
2011,Metals & Mining,-0.0006242322460627,0.0327196609799815,31.95562596169729,11637770.634920634,-14.361289720243148,30.95602268729172
2012,Metals & Mining,0.0003167114048848,0.0266023091562431,26.700535669326783,9784086.4,-12.184196275938232,-16.444961205483423
2013,Metals & Mining,-0.0009213251215969,0.0261032830531883,21.48294925500476,8078004.96031746,-10.016218975179566,-19.54113010667391
2014,Metals & Mining,-0.0019165086828245,0.0300916358281952,18.728136164328408,6507979.563492063,-7.903758488321184,-12.823253725438
2015,Metals & Mining,-0.0027351489935171,0.0471563434203156,9.408354779084524,15960818.849206349,-5.249059524159707,-49.76352854052464
2016,Metals & Mining,0.0050518908988951,0.0479673411116503,9.471250118953842,23279801.587301586,-2.772905046311734,0.6685051886982318
2017,Metals & Mining,0.0007516324840236,0.0285276814329676,10.949922833309705,12040580.079681275,-3.325883352164537,15.612223262869463
2018,Metals & Mining,-0.001786318549786,0.0295186170434275,10.817446778969936,10906256.57370518,-3.7320724115401673,-1.2098355062081012
2019,Metals & Mining,0.0021913170109353,0.0316858945967365,7.857100276246903,13178855.15873016,-2.3731697872274227,-27.36640690923671
2020,Metals & Mining,0.0033932253814512,0.0558715800060777,9.907654631279202,14772370.948616602,-1.539899488793116,26.09810595432269
2021,Metals & Mining,0.0002025435932295,0.0370491028790386,21.71768247702765,12920658.73015873,-1.699142745572953,119.20104490182078
2022,Metals & Mining,-0.0001723893693998,0.0422980053489706,20.23811024828117,11997288.233193276,-0.7785564143722773,-6.812753756352807
1998,Packaging,0.0001470787978725,0.023889871016266,21.5384104907828,950420.093915344,-45.02537753797512,9.331606962314186
1999,Packaging,0.0012662088715107,0.0227109133982488,24.76842891602289,1168749.8161375662,-43.93548700072865,14.996549660070556
2000,Packaging,-0.0003450513218978,0.0303463922058199,18.711548957439383,1469290.412121212,-43.04599258325736,-24.45403371816315
2001,Packaging,0.0007196892082033,0.0218988368688273,17.602944011169097,1198814.1522177418,-43.00801608848786,-5.92470964745826
2002,Packaging,0.0004873256389858,0.0342365378454799,19.21130058027449,1514854.411706349,-42.57929776417498,9.13686124369246
2003,Packaging,0.0008488108836177,0.0153716879499553,19.45909009944825,1252904.7738095238,-40.85259326373548,1.2898112657098393
2004,Packaging,0.0002678920673311,0.0136557114238112,22.240101031840798,1077616.748015873,-39.81777610012459,14.29157744879037
2005,Packaging,-7.617910472306253e-05,0.013962980467905,20.88889548608235,1245671.3422619049,-38.129144258179096,-6.075536904369017
2006,Packaging,0.0005090924862882,0.0120184977074077,22.73943316699024,1050038.610557769,-36.21461031629722,8.858954185207391
2007,Packaging,-0.0001666136602817,0.0151459150591374,24.545873833842485,1606027.8047808765,-34.793922496331646,7.944088375406677
2008,Packaging,-0.0018868626313554,0.0339797078468419,18.643929609668117,2593845.1986166006,-32.77579708911489,-24.044547218510917
2009,Packaging,0.0026260280723849,0.036145392768479,14.244022132385345,3100231.5,-28.752750891440414,-23.599678658951404
2010,Packaging,0.000733566413589,0.0206811919496467,18.91695456183146,2647553.1785714286,-27.58932386411244,32.80627049028302
2011,Packaging,-0.00033652772881,0.0226716121421228,20.22682751265783,2574464.0228174604,-26.36019151253463,6.924333124261395
2012,Packaging,0.0012073576749962,0.0167214339763793,20.66885274791717,2326438.687,-24.688738234656764,2.185341398608976
2013,Packaging,0.0019415338390943,0.015477196358856,31.632936834342896,1927410.251984127,-22.240239253139052,53.04640862338421
2014,Packaging,0.0007463692778016,0.0136393551486226,39.58638169084277,1842411.953373016,-20.12808552707723,25.14292270158445
2015,Packaging,-0.0003439104204383,0.0160949675063617,45.13764563450993,1770442.638913234,-17.817794014850076,14.023165812477622
2016,Packaging,0.0010630872433637,0.0181552559143451,45.85528993303814,1835524.8666666667,-15.171228338468548,1.5899019287340277
2017,Packaging,0.0011495199828118,0.011701610798063,60.54124947050178,1524072.2454183267,-13.33548199132412,32.02675102242152
2018,Packaging,-0.001216399625019,0.0168492222807769,64.5852897583251,1764062.2844621514,-11.474051759844144,6.679809754824673
2019,Packaging,0.0011010652386334,0.0160868542846687,61.47522270868695,1673538.596031746,-8.280793434862751,-4.815441815428667
2020,Packaging,0.0011713722896192,0.0338576881502329,63.56002910598936,1751221.1011857707,-5.496569839155805,3.3912953958405323
2021,Packaging,0.0007895260778894,0.0159549896140981,96.69258050161694,1400699.7880952382,-3.2547668919614905,52.1279676262852
2022,Packaging,-0.0004707521349431,0.0207583551936094,91.39235451321642,1537286.76302521,-1.314653235708874,-5.481522947163353
1993,Pharmaceuticals,-0.000244971599935,0.0184007854046223,4.628233938231299,8154118.559288537,-59.98827477781899,-18.23874247766516
1994,Pharmaceuticals,0.0006407099033022,0.0127588192578123,4.800635144469284,6264509.648809524,-58.11483885965218,3.724989024730885
1995,Pharmaceuticals,0.0020340605028652,0.0123808846078315,7.040765953205881,5860066.307539683,-56.46058807979716,46.66321728943319
1996,Pharmaceuticals,0.0010486059878772,0.0149028536695388,10.048449380191292,5624428.488188976,-55.46025330894904,42.718128211830674
1997,Pharmaceuticals,0.0019531493538644,0.0202214061050319,14.500819096452163,6572581.089920948,-55.00366406714421,44.30902269396826
1998,Pharmaceuticals,0.0016694141865178,0.0199107837966612,20.78941605772291,6955728.744047619,-54.50322049374873,43.36718442897713
1999,Pharmaceuticals,-5.099268498069378e-06,0.0211674683057753,25.183191091295274,6368512.10218254,-53.88758825800686,21.134672668885045
2000,Pharmaceuticals,0.0013388028487682,0.0263285015107175,24.54038218657176,7904985.620039683,-53.13428400149268,-2.5525315770871693
2001,Pharmaceuticals,-0.0005927079543557,0.0180812490716286,25.723887426237905,8556119.012096774,-52.17880766750335,4.822684629230212
2002,Pharmaceuticals,-0.000803299471941,0.0232629047796356,21.56043618917465,10450971.59126984,-50.17234309531251,-16.185155719569067
2003,Pharmaceuticals,0.0003922075806163,0.0151645680816962,20.365882987067813,10508315.998015871,-48.75400670737248,-5.540487175795706
2004,Pharmaceuticals,-0.0002983539193912,0.0153435566871219,20.380241733694834,12116735.004960315,-46.50709596815831,0.0705039238226845
2005,Pharmaceuticals,-8.755338149051678e-05,0.0128018027119386,19.92076979932331,13681857.034722222,-44.0935878924484,-2.254496979846299
2006,Pharmaceuticals,0.0008662317978704,0.0120692575014694,21.220434691326552,15085224.006972112,-42.3114063129845,6.524170025032827
2007,Pharmaceuticals,0.0003849594677201,0.0119664260447868,24.504458381835207,18799204.481075697,-40.62063725981308,15.47576069141947
2008,Pharmaceuticals,-0.0006103736188781,0.024894130428501,21.716212143539916,25629040.90513834,-38.12632007824752,-11.37852628631114
2009,Pharmaceuticals,0.0007252026801125,0.0184261479375405,19.916442249502456,27148087.058531743,-35.0670184334402,-8.287678726572246
2010,Pharmaceuticals,0.0001763668861124,0.0116417393557118,23.295418158410087,24663398.19047619,-32.54553515724702,16.965760584032232
2011,Pharmaceuticals,0.0008533431618531,0.0132873671957091,25.22000870534352,23499475.19345238,-29.70717063196505,8.26166988652497
2012,Pharmaceuticals,0.0004135215138169,0.0089253421567803,29.497862263679504,17966538.024,-26.96710879472396,16.96214148185289
2013,Pharmaceuticals,0.001161896405157,0.0114393052946449,36.591632943080256,15544805.91928975,-21.936205687470515,24.048422953466897
2014,Pharmaceuticals,0.0006948157214862,0.012062748599405,43.36477149327596,11551057.695238097,-19.80701828601089,18.510074586536195
2015,Pharmaceuticals,0.0003660167524557,0.0143642388568342,48.99269761433677,12059320.174603175,-17.381536129958018,12.978106253675216
2016,Pharmaceuticals,0.0003308572661149,0.0135386508562419,52.71635754600404,12797559.895238096,-15.129780426420464,7.600438663286857
2017,Pharmaceuticals,0.0006311466799019,0.0099157983883989,59.4172202091293,9552043.1561753,-12.623843616815684,12.71116400118808
2018,Pharmaceuticals,0.000533683593305,0.0140697536753965,67.3663984488681,10752344.02629482,-10.114205280148198,13.378576466149482
2019,Pharmaceuticals,0.0008504823883343,0.0127746850553045,76.03887002884396,11887267.111904765,-7.69128718478732,12.87358650553121
2020,Pharmaceuticals,0.0004526318539351,0.0210702368460285,87.81011665706107,13575039.659288537,-5.281973002327893,15.480564905490969
2021,Pharmaceuticals,0.0009272571841984,0.0131749639587275,103.86587273431202,13182909.722222222,-2.93584723523971,18.28463130274165
2022,Pharmaceuticals,0.0002403665471566,0.0151604472719807,110.09099072047644,11334257.794957982,-0.991107870937029,5.993419996660698
1981,Professional Services,0.0003889333507779,0.0156035972863266,0.3738553486126371,489455.9789196311,2912.230158746768,19.38164864463108
1983,Professional Services,0.0013549246797268,0.0232757930849773,0.6217194488788862,663366.1711924439,48.21296401340894,45.75903226115445
1984,Professional Services,0.0005158134980927,0.0179527684050706,0.5397271603684534,550968.3478260869,21.233107696802332,-13.18798835363526
1985,Professional Services,0.001666642231822,0.0165122104809622,0.7571572265587747,868309.4583333334,21.76019145196648,40.28518150576104
1986,Professional Services,0.0012477572427257,0.0206838035772531,1.0767377753826706,755826.1383399209,-45.10605509146432,42.20795068896939
1987,Professional Services,0.0015977018773958,0.0321379743704548,1.3995101559656882,947523.5513833992,-47.81769829564523,29.976879047296823
1988,Professional Services,0.0005010937503279,0.018968629195875,1.4798353212211914,927467.8567193676,-45.10420323669454,5.739519996557463
1989,Professional Services,0.0006107503145401,0.0169217086044188,1.63757052189774,857650.5753968254,-46.46389425431687,10.658969847157174
1990,Professional Services,-0.0002891822005502,0.0220766778236857,1.7719685703574903,1046206.8498023716,-50.33013510194932,8.207160953532554
1991,Professional Services,0.0016343425565551,0.0222935859351966,2.020540880031972,803607.1086956522,-50.97302763730386,14.02803152565697
1992,Professional Services,0.0011987486681888,0.0184188467620772,2.5009376376163304,718348.1377952755,-50.52857017052293,23.775651476883585
1993,Professional Services,0.0015934095121552,0.0182121941294147,3.185466650034128,776665.6383399209,-49.98251041632825,27.370894904449884
1994,Professional Services,0.0009598627647497,0.0177144024815466,3.8809797561594417,842383.3005952381,-49.1802130307314,21.833947190056517
1995,Professional Services,0.0020907736499955,0.018788874338095,5.1862267429629965,1031365.7777777778,-48.3253096721266,33.63189371786899
1996,Professional Services,0.0016636196127328,0.0214342532863421,7.952876787486039,1022953.7125984252,-47.24797700122404,53.34610655573457
1997,Professional Services,0.0018377065601041,0.0228149333460719,10.638842383392245,1120480.6126482214,-45.08548657465437,33.77350948190985
1998,Professional Services,0.0011446140249258,0.0269407241577041,15.235788905431354,1177033.267857143,-42.9510376513329,43.20908569164603
1999,Professional Services,8.561525709219902e-05,0.0287098755680813,14.605596867345628,1437852.3313492064,-43.30950817291969,-4.136261285827281
2000,Professional Services,0.0021070353343829,0.0325094495004604,20.31393991103248,1467904.941468254,-41.29046135984822,39.08325757264495
2001,Professional Services,0.0003119336501399,0.0258834610170845,20.55589587169309,1550221.6108870967,-38.42530368471846,1.1910833728970616
2002,Professional Services,-0.0007476325179953,0.0278223237351313,19.08916292209474,1806333.3501984128,-33.51476223465185,-7.135339460529877
2003,Professional Services,0.0009452278906364,0.0197476086760014,17.00680141505741,1779097.371031746,-33.221160774164225,-10.908605660372372
2004,Professional Services,0.0005465270561846,0.0153310897543977,20.24186208986101,1531086.4136904762,-32.33613755320373,19.02215822864466
2005,Professional Services,0.000852562942303,0.0151961517528521,23.188553781736463,1524669.9087301588,-30.57621714261488,14.557414129164693
2006,Professional Services,0.000287129637623,0.0146225672645745,25.94958891832467,1570775.7054924243,-30.9168683269594,11.906888038713404
2007,Professional Services,-6.040945007566782e-06,0.0165812525347335,25.088274080891253,1737621.258953168,-32.761008085875346,-3.3191849017122133
2008,Professional Services,-0.0006164933434215,0.0279715628721429,21.299261838865217,2049837.2252964424,-32.48291070176258,-15.102721812625507
2009,Professional Services,0.0011276030010244,0.0207121191873433,20.170403919753834,2332354.9790076334,-30.2594598713391,-5.299986110558685
2010,Professional Services,0.0003289802706434,0.0139729592966792,23.262019097940183,1793515.6921768708,-25.35563579827636,15.327482734039766
2011,Professional Services,0.000279051011402,0.0177176536465225,25.446377505520843,1673391.857142857,-22.91821446411299,9.390235638548171
2012,Professional Services,0.0005835772035771,0.0123169194992889,29.41300545065744,1384265.1914285717,-19.1592483432738,15.588183207122498
2013,Professional Services,0.0016524344598346,0.0128277763269393,38.43011843968952,1270443.4257369614,-16.875867720308168,30.65689089188446
2014,Professional Services,0.0005659199455378,0.0119404150643848,45.75476640043886,1086300.4024943311,-15.35357553530662,19.059654922074508
2015,Professional Services,0.0006604477608124,0.0137815025579875,56.65479497412165,1121399.8866213153,-13.50961680766583,23.822717131341832
2016,Professional Services,0.0006918452545013,0.014176700179741,62.89641450159674,1357231.8594104308,-10.94189322572033,11.016930747567066
2017,Professional Services,0.0007644029018552,0.0122160697323867,73.27414282384622,1370197.3819009676,-8.124970469777288,16.499713703053807
2018,Professional Services,0.000100014962843,0.0153503498645734,88.99027316463082,1384773.3067729084,-6.822565259253052,21.448398759937405
2019,Professional Services,0.0014088016942371,0.012567284235356,103.63620587217024,1193205.0453514738,-5.121233448837951,16.45790285466888
2020,Professional Services,0.0010453554104284,0.0275504871643687,115.59094258528656,1284095.5957086391,-3.329093256922902,11.535289827053164
2021,Professional Services,0.0011953143590837,0.0144752552731062,152.89638565132677,999228.1179138322,-1.8969203747824208,32.27367320628527
2022,Professional Services,-0.000431062535434,0.019640789634667,153.81290061190492,1135612.243097239,-0.7507696496099164,0.5994353343762082
1981,Real Estate,0.0002066790958006,0.0144655454747212,0.9595799304751068,85429.43675889328,-87.32583019305964,1.6319386531830735
1982,Real Estate,0.0013128542760342,0.0161367643629101,0.9761897908604664,133401.15019762845,-86.01173017548852,1.7309512066530752
1983,Real Estate,0.0008250495070202,0.0148689255961695,1.344642895837075,131212.87747035574,-88.33754899439697,37.744003105362765
1984,Real Estate,0.0002503646402871,0.0147542530459562,1.3463383703363745,141207.05533596838,-88.02514754431566,0.1260910613924526
1985,Real Estate,0.0010423413316748,0.0135043937066181,1.6016706979227444,137384.12698412698,-87.3215153794245,18.9649447131613
1986,Real Estate,0.0010667840021682,0.0172895140561729,2.1074752432437758,210233.3122529644,-87.83752332088109,31.57980888187717
1987,Real Estate,0.0004169701797565,0.0231824751371844,2.629312031707274,315816.7529644269,-87.80249045226904,24.7612298240002
1988,Real Estate,0.0004237968945261,0.0147385650350621,2.3650432614234127,178626.78162055337,-86.8763151176242,-10.050871372321112
1989,Real Estate,0.0004511349981254,0.0139278304109832,2.774278449042449,207565.16369047615,-86.49629931038048,17.30349690824411
1990,Real Estate,-0.0015454964414974,0.0203461798177758,2.2601215812881943,200493.4476284585,-86.3447278866424,-18.532994333417307
1991,Real Estate,0.0017188737642236,0.0219077371726707,2.430210843596156,228581.0057803468,-85.33546065738842,7.5256686948237395
1992,Real Estate,0.0013766610495204,0.0150986037478555,2.8170514322172,201033.3732283465,-84.04318096783507,15.917984632502469
1993,Real Estate,0.0012009172007285,0.0178280921316968,3.738756759748922,309247.8944405348,-82.50427821074385,32.71879657540653
1994,Real Estate,0.0002465676333623,0.0161895583400877,4.497299357540203,175909.29358490565,-76.94882080662526,20.288631931279237
1995,Real Estate,0.0007550466883039,0.0128954595853736,4.538438093409967,138612.7919973545,-75.59085369765995,0.914743106900162
1996,Real Estate,0.0013755423733942,0.0137093266606847,5.268915392494783,168974.35457317074,-73.30608346487048,16.095345668491202
1997,Real Estate,0.0005507793308625,0.014753657159856,7.2115964691100976,207922.46937193075,-70.62523108388464,36.87060679286165
1998,Real Estate,0.0003531903004733,0.0221964639848844,8.04003282813711,241225.64829721363,-65.81325042402604,11.487558442510014
1999,Real Estate,0.0001604403348832,0.0218344569763843,8.448047172692087,296241.7617063492,-62.11409420704,5.074784559673451
2000,Real Estate,0.0009900504148428,0.0255026271282508,14.710142261395433,352306.267224601,-50.78077902419581,74.12476470237132
2001,Real Estate,0.0004796074325664,0.0295872074041775,12.598423753282807,458249.98924731184,-54.32672370856273,-14.355527435343118
2002,Real Estate,-8.112036714144085e-05,0.0333577941871023,11.453338233386578,557115.2613378685,-56.291450732147815,-9.089117355636269
2003,Real Estate,0.0020501371057558,0.0218423419148431,13.071215762032402,528913.5283446712,-53.93142687131635,14.125816383643476
2004,Real Estate,0.0014115395734192,0.0155619934330035,18.29788555570692,618239.4674336611,-50.5791801525592,39.98610296722573
2005,Real Estate,0.0007678627349815,0.0134252720510786,23.065143013413334,694662.0052308802,-48.063733704034014,26.053597521925465
2006,Real Estate,0.0013360812984338,0.0134938846071676,32.00625394453652,826531.4597971749,-45.26770128768371,38.76460217880964
2007,Real Estate,0.000685551530888,0.0749427050626065,37.14749450444749,1303818.4711985688,-43.18785101900134,16.063237418600117
2008,Real Estate,-0.0006581809478369,0.0498278282917901,30.05070271519046,2254527.314830727,-40.81624188162019,-19.10436190631204
2009,Real Estate,0.0039177001533528,0.1602011239495041,21.33706112265628,3396830.653036577,-36.9566146320473,-28.996465324351583
2010,Real Estate,0.001134939705677,0.0198807734942948,31.904282248127124,2046098.5912698407,-34.29420770718443,49.52519498690605
2011,Real Estate,0.0005199061663707,0.0208277996968436,38.479164075900805,2044835.060731539,-32.00568662012079,20.608148387853632
2012,Real Estate,0.000912036063764,0.0123296754145929,46.99702789211273,1685311.5944347826,-29.799794667408573,22.13630160834652
2013,Real Estate,0.0002281489558802,0.0127917060433721,51.64944144443778,1713918.7372325745,-27.94904961285125,9.899378239418066
2014,Real Estate,0.0011698025622374,0.0103139781638014,58.90628567064442,1606192.950310559,-25.60322442763658,14.050189166156324
2015,Real Estate,0.0003412724444117,0.0137257028233076,70.21426160365333,1713372.68051334,-22.69443200177086,19.196552293644565
2016,Real Estate,0.0003547838550916,0.0145284633749228,77.99004958309824,1888595.3870701056,-19.206503713529337,11.074371220105997
2017,Real Estate,0.0004519348591812,0.0109563770662933,85.03474118248874,1602494.967131474,-16.107708528831754,9.032808207006449
2018,Real Estate,-0.0001316914117968,0.0135071318927123,86.50291688951997,1775212.618691899,-13.389849949082151,1.7265598584941255
2019,Real Estate,0.0010428801068122,0.011234825999098,103.87492004415346,1579842.6891534391,-10.129769975199167,20.082563431728808
2020,Real Estate,0.0003336954868866,0.0421556512107685,103.89589886899364,2551045.349637681,-6.808374634653476,0.0201962368118202
2021,Real Estate,0.0016527376779976,0.0172776810340157,130.32758801260954,1890176.67989418,-3.8490573857526447,25.44055100475584
2022,Real Estate,-0.0009137326118645,0.0238378771587288,126.60785515669014,1977335.3646708685,-1.572152561189952,-2.854140794472093
1977,Retail,0.0008995879789682,0.0126931292164286,0.0624620037981205,443619.0476190476,-92.27656421399412,29.526588252933927
1978,Retail,0.0012671524148576,0.0135063923053191,0.0816956403413934,608088.8888888889,-91.82003948382574,30.79253846136092
1979,Retail,0.000624126584419,0.0177047450523067,0.1099209253024677,504683.0039525692,-91.4827994498606,34.54931602607576
1980,Retail,0.0013920744962371,0.0188750357632889,0.1997740180892798,693547.4809160306,-57.38046555586864,81.74339193339635
1981,Retail,0.0011328578723217,0.02862311675517,0.2315022597964628,860617.5144578313,-49.04445305669773,15.882066151867424
1982,Retail,0.0044335893142294,0.0312486456757752,0.2354217280740499,1838636.0760869563,-58.35286881186232,1.6930583230734486
1983,Retail,0.0010110818194057,0.0273992975669064,0.412458343571236,2341535.475296443,-42.68582023229649,75.19977741455565
1984,Retail,0.0003014971752313,0.0248122967929883,0.3762416925001521,2683326.740118577,-41.3009493042706,-8.780680918588047
1985,Retail,0.0009532200024477,0.0208049440391167,0.4165750036644713,2415276.9206842924,-51.0837670000408,10.720053616679603
1986,Retail,0.000177933372211,0.0273826293299789,0.928214407154222,3148248.894576478,-49.43892250478071,122.8204762621448
1987,Retail,-0.0001271485373326,0.03455218954501,1.4093942587997383,3125347.6724500526,-44.12567675564875,51.83930005145552
1988,Retail,0.0018203937482229,0.0261417779012296,1.2427244518474925,2575783.753458498,-44.93289633061303,-11.82563402054615
1989,Retail,0.0011662404417631,0.0219525083564132,1.5572811868189582,3175997.4375,-32.56711503496442,25.311864951545072
1990,Retail,-7.371576839984825e-05,0.0295505103508155,1.521884038344968,3724180.2742094863,-33.01035931199095,-2.2730094457954486
1991,Retail,0.0029844864990879,0.0289457211334867,2.956447349919288,3777487.539503386,-25.63451406807284,94.26232718324532
1992,Retail,0.0015056976789725,0.0265629311317475,3.77605234040176,3847581.137479542,-21.658113623817037,27.72263103230461
1993,Retail,0.0011932312402023,0.0232137382090593,4.632420382154755,4217777.06947524,-19.988916813997697,22.678924033713987
1994,Retail,0.0007046783741303,0.0467762614656779,4.817418518482104,3740929.304580408,-19.30811103055252,3.993552421106017
1995,Retail,0.0008195049334643,0.0207530814822065,4.615150904365916,3829934.2156559406,-18.886261344638196,-4.1986722419940286
1996,Retail,0.0014746697318885,0.0234636881058636,5.66973617432841,4403428.284070261,-18.944297386818416,22.85050460570768
1997,Retail,0.001917387240983,0.0272588122454557,6.603675395256396,7423842.177222071,-20.59236391175607,16.47235765848687
1998,Retail,0.0034409396140943,0.0370577511634859,9.36208128591936,32623490.931670565,-23.24571156868078,41.7707674220996
1999,Retail,0.000740332129094,0.0374275056286748,12.514148931196402,30085322.564484127,-25.35399866761101,33.66844987788959
2000,Retail,0.0004262069831279,0.0447137903736193,13.0866633899776,18204416.172867063,-26.87318793580021,4.57493723247917
2001,Retail,0.0026137506025871,0.0372554948553476,15.12028452831701,18931634.40651629,-24.820640629537365,15.53964580381011
2002,Retail,-3.1286713609159874e-05,0.0297989905936265,17.556322462599372,18297510.13235294,-21.40268037461108,16.111058821149783
2003,Retail,0.0017945969812428,0.0218822134849419,18.01977721207282,18465435.492063493,-19.3177657882794,2.639816797969829
2004,Retail,0.0005253835786384,0.0175113733968956,20.268317596835583,16164173.648225958,-19.18082083024534,12.47818082487886
2005,Retail,0.0003778189677735,0.0174923358961039,23.066186902486308,15082590.8627451,-19.031770776286567,13.804151687891174
2006,Retail,0.0004350499454422,0.0174938655013053,25.082851051250557,14952518.56292477,-18.809849261196284,8.742945495455379
2007,Retail,-3.4411820523673474e-05,0.0199909628455711,27.802194213413895,19172395.377231624,-17.251665271890428,10.841443648519244
2008,Retail,-0.0003754525120962,0.0350240126828201,23.38634538744749,20752044.2226614,-15.605752211178,-15.88309466536949
2009,Retail,0.0018373674514212,0.0261842819631899,25.44741715907946,18524456.694900416,-13.418017900972016,8.813141760654219
2010,Retail,0.0013109136045658,0.0175371048666066,33.21108846048962,15359483.123851296,-11.37070817460222,30.50868091200421
2011,Retail,0.0008001113726683,0.0191898561965218,44.409915461775256,12536491.32748538,-9.290630570162891,33.72014444696263
2012,Retail,0.0007758485213081,0.0173432292304657,56.5660496217828,10380704.497052632,-7.663218665809753,27.37256766559406
2013,Retail,0.0016077319966077,0.0158119733467691,68.3005089196147,7745464.007727653,-7.1007282946456485,20.74470353912272
2014,Retail,0.0009311694460032,0.0157682572160197,83.49055626159324,9120320.195697578,-6.42140297949582,22.240020729356868
2015,Retail,0.00063206555256,0.0161200894917591,111.2765581683507,7774191.236424394,-5.498475691148622,33.28041296035704
2016,Retail,0.0004496481183562,0.0174207499151917,122.16729487791196,8040817.898913952,-4.465213424338028,9.7870898317008
2017,Retail,0.0005093055540878,0.0165184993385198,117.43687397210348,7621931.26441602,-4.129099852542149,-3.872084513728369
2018,Retail,0.0004659546132339,0.018899795687204,138.5491804697649,9693846.11029566,-3.56421016727137,17.977578748116674
2019,Retail,0.0009532983369953,0.0167851214180544,174.25700847885463,7167888.492063492,-2.411642337693447,25.77267356473618
2020,Retail,0.0010638332823055,0.0315424598417,187.7284416070172,9097122.23840233,-1.8464456229738064,7.730784113510869
2021,Retail,0.0013673146810293,0.0182825733195541,256.2805081166719,6476037.301587301,-0.9706166647152372,36.51661193308082
2022,Retail,-0.0003814900289591,0.0256991689742105,298.3904779127139,7040180.398938523,-0.3100273482217582,16.43120271045795
1984,Road & Rail,-3.15069154349385e-05,0.0165310759138695,1.596154600342586,1084418.9670619236,-51.87567557023976,-18.602333745800586
1985,Road & Rail,0.0014323286992262,0.0152015235520944,2.0310212673333585,1318774.7447089946,-47.782018427471584,27.244645781645225
1986,Road & Rail,0.001336388980149,0.0184581682334843,2.8082254609885737,1536512.8471673254,-40.21883839602548,38.266669392174805
1987,Road & Rail,-0.0002854401729755,0.0309977139419674,3.234352493003423,1585136.885375494,-40.25520815441526,15.174245726866983
1988,Road & Rail,0.0011920278782237,0.0182599070983604,2.9694963717177925,1327591.391304348,-39.06127479704302,-8.188845274550916
1989,Road & Rail,0.000624718475704,0.0163220094566522,3.602469735044651,1371786.0608465609,-40.15139908985843,21.31584902259693
1990,Road & Rail,3.05796366723702e-05,0.0174368819282241,3.809044814706634,1160585.8168642952,-46.85496951773068,5.7342627379330935
1991,Road & Rail,0.0021312394476077,0.018178471222593,4.603206034333771,1047912.1861042184,-46.78975128801369,20.849353532436755
1992,Road & Rail,0.0008557989197537,0.0209882298489004,5.019366691431661,753527.8277559055,-43.60713484236278,9.04066978522986
1993,Road & Rail,0.0003559873791684,0.0193521616321048,5.6261124464834165,779380.4377470355,-42.53029022172725,12.088093824416225
1994,Road & Rail,-0.0008359404454342,0.0184803822216347,5.462983117217109,938819.2757936508,-41.54787407879299,-2.899503534954595
1995,Road & Rail,0.0005377688262652,0.0298892491595057,5.6977071437452524,1119199.2450396826,-40.87648570617784,4.296627346117687
1996,Road & Rail,0.0010435826971467,0.0310380717931098,6.8468206280798425,1075863.590551181,-40.26468695789068,20.16799837801504
1997,Road & Rail,0.0010632202228926,0.0234665307940427,8.094097327102315,935971.9416996049,-39.09796935582477,18.216874178172617
1998,Road & Rail,0.000382671133169,0.037779661448385,8.139715605725845,1495819.064484127,-36.97894781256655,0.5635993339341505
1999,Road & Rail,-0.0004465521534452,0.0322293108694204,7.388914356333395,1194934.0049603174,-36.18412209520431,-9.223924836689656
2000,Road & Rail,0.0003460873079471,0.0311981919751252,5.158305168743172,1233311.7351190476,-33.52403675626986,-30.18859172022018
2001,Road & Rail,0.0017179859089331,0.035686380655743,6.35471442990726,1510411.3558467743,-31.814794589884556,23.19384414116769
2002,Road & Rail,0.0016096682610386,0.0290517259939341,7.698933141690398,2149797.2291666665,-30.56845686777148,21.153093921212676
2003,Road & Rail,0.0017336252454893,0.0198947533413742,8.786132550192258,2094892.9722222225,-27.65209660866979,14.12142940447918
2004,Road & Rail,0.0015054078552678,0.0175493006309994,11.942465654677816,2160635.776785714,-25.865955360896187,35.92403240509374
2005,Road & Rail,0.0007762088168287,0.019216802358216,15.070360061195162,2459606.915674603,-25.35857287592391,26.19136195959806
2006,Road & Rail,0.0002866392056985,0.019823947064392,19.26456408529168,3064127.955179283,-24.870871130275475,27.830814971012007
2007,Road & Rail,0.0008165090568668,0.020941277687074,22.06916956740072,4140636.62749004,-23.848169188410456,14.558364620616215
2008,Road & Rail,0.0005520965888609,0.0370176772983891,25.274179532122705,5617095.48715415,-22.817869266333517,14.52256712665909
2009,Road & Rail,0.0012014756998367,0.0303360359735124,21.05134370875737,4924772.692460317,-20.27235361431151,-16.708102504369105
2010,Road & Rail,0.0014425768420271,0.0179899382207391,28.526825957355044,3238913.548611111,-19.11420473872897,35.51071300730258
2011,Road & Rail,0.0008794070008075,0.0205241291838695,36.22400126286915,2751869.3700396824,-17.62522606268392,26.982235307288207
2012,Road & Rail,0.0007047735737411,0.0152911674459951,42.5891177406311,2366877.325,-15.548922074438115,17.57154443423239
2013,Road & Rail,0.0015115908614231,0.0126258525205909,54.6178610741146,1812129.1666666667,-13.68125174931389,28.243701611146
2014,Road & Rail,0.001100411512381,0.0121534969180119,70.35701022829328,1799601.0416666667,-12.537221067185088,28.81685376294978
2015,Road & Rail,-0.0009036929555207,0.0151698396227703,71.16734780205621,2395744.2956349207,-10.936735102163782,1.1517510069480874
2016,Road & Rail,0.0013560935732782,0.0155143292019949,69.38346342056516,2076138.9384920637,-8.761044229651976,-2.506605116791372
2017,Road & Rail,0.0012732196856104,0.0121303117353265,91.90473774609812,1766403.934262948,-7.366055958537288,32.459138266161666
2018,Road & Rail,-1.7534990193176448e-05,0.0168787558773012,120.54533879405474,2040944.2729083663,-6.097543987594508,31.163356482318648
2019,Road & Rail,0.0013540648021688,0.0155700913880892,134.1558728293767,1720455.9027777778,-4.682316457751292,11.290800765490271
2020,Road & Rail,0.0013471673705199,0.0272199131949932,160.34368272261187,1665322.5790513833,-2.986335696856091,19.520434954451503
2021,Road & Rail,0.0015674755371307,0.0146572750307282,228.6019672969031,1300605.6547619049,-1.7265485820634128,42.5699868028947
2022,Road & Rail,-0.0004037341229018,0.0212772136850365,233.36146199202335,1564053.9516806724,-0.6535673973810727,2.082000759397995
1995,Semiconductors,0.0019263839670755,0.0321200188642989,9.457129652478866,9803537.504464284,-12.753891735505489,78.43655006605977
1996,Semiconductors,0.0007027026690671,0.0388379785321438,6.429338737383602,9404486.156988189,-16.259720155033573,-32.01596072336421
1997,Semiconductors,0.0013209973544411,0.0395080712133196,9.617165605187887,11223025.850790514,-17.030982985932532,49.58249981866039
1998,Semiconductors,0.0023343782278653,0.0437462648287161,8.06576843778529,8774674.975198412,-18.73821998917719,-16.13154260924562
1999,Semiconductors,0.004293096631657,0.0439465963004026,16.14291080631434,8956066.493055556,-19.87927179435392,100.1410148435514
2000,Semiconductors,0.0010160827379372,0.0605990511828874,34.617166232731606,9363859.771825396,-20.5629055268132,114.44190981462286
2001,Semiconductors,0.0013077230226917,0.0525742620160712,21.68257737207797,10364017.389112905,-19.82372917010213,-37.364666921879866
2002,Semiconductors,-0.0014435336625596,0.0503255334011791,14.640487886965277,9857991.517857144,-22.29674600369485,-32.47810149258935
2003,Semiconductors,0.0027439636550414,0.0327667306053003,12.991670387841406,10097270.486111112,-23.93147379355225,-11.262039297145588
2004,Semiconductors,4.77308080437659e-05,0.0263414835646263,15.853799796057126,10159594.246031746,-23.23367462806832,22.03049586983301
2005,Semiconductors,0.0004744821478526,0.0209098896885742,16.108257356144133,8684559.474206349,-22.108249805207045,1.6050256932744311
2006,Semiconductors,0.0004181318786655,0.0248566403708171,19.53167394694104,10912315.28884462,-19.850691688915816,21.252557089864972
2007,Semiconductors,-0.0005362182732931,0.0210237677709815,18.671420183314744,12882552.290836653,-21.36859697895754,-4.404403667413392
2008,Semiconductors,-0.0018966275690735,0.0415188765914955,13.330897711718036,13639558.349802371,-22.19724993259429,-28.602658068662254
2009,Semiconductors,0.0037322543900011,0.0348210434976364,11.766895003380284,13210084.424603175,-19.962048248998848,-11.732163445849364
2010,Semiconductors,0.0008679260987618,0.022662805289467,16.38712346790329,14205226.587301588,-17.994600809668956,39.26463577006298
2011,Semiconductors,-0.0005011361178233,0.0285608304262951,19.03449356343065,13159867.807539685,-17.576064046811567,16.1551848969262
2012,Semiconductors,9.843057474882594e-05,0.0222430550276344,17.86470523428917,10822508.5,-16.77867730199253,-6.14562360297779
2013,Semiconductors,0.0021153213407481,0.0195388430562465,21.83589065181357,11830892.26190476,-15.197680306833425,22.22922441452988
2014,Semiconductors,0.0012585004632041,0.0190103556646368,31.413849684454146,10245879.513888888,-13.021116556896928,43.86337697585547
2015,Semiconductors,-0.0002317796339822,0.0246273275128391,41.14938355312145,8892767.504409172,-10.1910375183276,30.991215551289653
2016,Semiconductors,0.0019674558648284,0.0271542736719558,40.64078975696202,10066663.35978836,-9.123442800506243,-1.2359694173859626
2017,Semiconductors,0.0015189565989992,0.0195289586244843,63.805767920546,13776866.223992918,-7.621133911627667,56.999330726873175
2018,Semiconductors,-0.0001426857787741,0.0259067349971377,72.38764776725482,18225994.687915005,-6.486603971183609,13.450006365248024
2019,Semiconductors,0.0025718697939476,0.0237979550061964,80.12476949422658,13269556.305114638,-4.606717670273492,10.688455787164996
2020,Semiconductors,0.0020899154747043,0.0357296092546818,113.96075648030116,12454888.098375054,-2.8948769604492672,42.22912240454264
2021,Semiconductors,0.0012763554528819,0.0235432117720804,184.93842555185685,10575789.241622576,-1.7596418361073052,62.28255345411349
2022,Semiconductors,-0.0010479402661966,0.029964654593947,150.89971452778906,15592843.36134454,-0.7247563024393442,-18.405429224616874
1979,Technology,0.0012693010056342,0.0289797417361438,2.1530150575992777,2357351.067193676,-63.961756991022746,-5.042691213996542
1980,Technology,0.0025851834281394,0.0291092712596126,2.276561467055488,3556290.300102775,-45.671545308354204,5.738297510746193
1981,Technology,-0.0002151424774065,0.0257362545907502,2.1112777330069674,7964530.83715415,-30.85753628233959,-7.260235949714932
1982,Technology,0.001185521967843,0.0303787007927827,1.973591735081475,19469102.75098814,-45.30370370480163,-6.521453609487693
1983,Technology,0.0014505284543616,0.028739728620779,3.3887082984030483,37879784.73913044,-43.5663819010391,71.70259877801699
1984,Technology,0.0002654375297241,0.0240348599734292,3.3243608588757723,35999355.824505925,-44.395579865163945,-1.898878093390344
1985,Technology,0.001005165680017,0.0238217578588458,3.59129027262738,35822230.52233429,-41.04407933554548,8.029495746195181
1986,Technology,0.0013651689426301,0.0238681130405287,3.412736600781948,38038959.91114982,-38.26185797376889,-4.971852963442092
1987,Technology,0.0016688893438673,0.0392293899619859,4.1135611436568205,47261255.1415883,-41.889679455636994,20.535559137915737
1988,Technology,0.0008997073223789,0.02420556543408,3.263318458314352,31433793.10424901,-42.72850296230493,-20.66926090678285
1989,Technology,0.0006996724331494,0.025545153884745,3.490667664165062,37370058.45039683,-34.186902024179126,6.966810280849689
1990,Technology,0.0006610718264425,0.0282537875209153,3.899496588605666,33764537.335474305,-33.7943929233218,11.712055221916762
1991,Technology,0.0007548656145787,0.0324326051349089,3.734761431371506,39992333.21492095,-35.1069994015747,-4.224523691481529
1992,Technology,0.0012162833584657,0.0297675079246275,3.8471465301624583,25918803.648867317,-27.35928619948396,3.009164061911229
1993,Technology,0.0008854102611023,0.029736632368727,4.019089515028274,28842951.31140508,-20.207181878344464,4.469364073287707
1994,Technology,0.0015651058031196,0.0286960640253295,4.910834978940705,27372474.139550265,-19.53830964197536,22.18774825935066
1995,Technology,0.0021157796629703,0.0292650427657075,7.3243290738360445,33957768.457882665,-19.23911282902136,49.14630821938033
1996,Technology,0.0011792977369937,0.0346299170248683,10.158360708818552,25078573.413385827,-17.933120693918543,38.69339575560895
1997,Technology,0.0019052449704157,0.0512095457143966,12.601400367266184,30053766.75,-20.759467975627107,24.04954626514504
1998,Technology,0.002795342091712,0.056105568094334,13.022251856587204,36421995.79845957,-20.39854779361707,3.339720007740077
1999,Technology,0.0037122695185993,0.0606889656880903,19.31152834069144,40677244.06871165,-21.8461246364036,48.29638186519063
2000,Technology,-0.0003041602250669,0.0721493447934858,31.08652436139495,36260482.99743231,-18.59577798287147,60.97392092935672
2001,Technology,0.0018306072762708,0.0539036196904125,16.202945443764943,31803192.09276348,-22.515000466155524,-47.87791245042917
2002,Technology,0.0004221237247255,0.0682029043091684,12.586611935994863,26834426.554993097,-22.540620988394892,-22.318988361228357
2003,Technology,0.0046080217841205,0.1433298344322474,12.833630275320068,23470723.008345816,-23.10762859788355,1.962548305940759
2004,Technology,0.0012574308249819,0.0320936354821006,15.31286076840126,32531133.745330013,-20.708008573645326,19.31823217510731
2005,Technology,0.0007545907256194,0.0238247277331096,16.63066564759457,43534125.37047354,-18.829323830703213,8.605869922834097
2006,Technology,0.0012045111248014,0.0243774158756277,20.766432274469445,51168321.91955645,-17.101166650259376,24.868316846193505
2007,Technology,0.0007143757175572,0.0265690911026675,25.171768582591667,58018873.67090652,-16.671916687460193,21.213736909147407
2008,Technology,-0.0014269269123022,0.0488252586584768,21.80674728466823,68249033.80152825,-17.54219742656585,-13.36823547730621
2009,Technology,0.0042754330836818,0.0961626196408769,19.12516870723136,37585366.12380952,-17.41977334624654,-12.297013132821622
2010,Technology,0.0048179251160259,0.1758616600097888,27.112178918043718,39141547.43174603,-15.819949113904674,41.76177650026383
2011,Technology,0.0017614934872811,0.080033898990266,32.68646806130178,33574439.598809525,-14.73917526188304,20.560092791170923
2012,Technology,0.005861182360562,0.184920119430409,37.5621528385234,33502061.03492001,-13.65467547380832,14.91652376780972
2013,Technology,0.0046471296830585,0.1514468362383794,44.2003393935762,24980973.6715713,-11.740974412230171,17.672540185834997
2014,Technology,0.0009280905756863,0.0249060651650637,53.58048382791668,15985164.713924965,-10.261704252064131,21.22188327744772
2015,Technology,8.046230888090668e-05,0.0174565236725538,61.33422066728711,14169231.174767692,-7.930705910532746,14.47119601284854
2016,Technology,0.0005600164800708,0.0232357334851462,60.48011024494069,11451233.705659077,-6.279557109011089,-1.3925511941850877
2017,Technology,0.0015576263898749,0.0298730290438027,76.88960464244903,8518040.510147918,-5.086948382204582,27.13205106778229
2018,Technology,0.0005031018340396,0.0274574693423108,96.63009649863486,9639870.471115535,-3.7816768633979057,25.673811106173304
2019,Technology,0.0026019533314096,0.1082979760648469,114.28887057348084,8186381.34672619,-2.353495704769057,18.27461082489499
2020,Technology,0.0021457839903165,0.0520370646568704,144.0886475034144,10882421.92671278,-1.300509549278873,26.074084712189084
2021,Technology,0.0028572534039264,0.082845430407627,200.69062078745608,7160929.61441799,-0.7505980260871544,39.28274313401437
2022,Technology,-0.0007346668366372,0.0419130439741183,183.91707432184936,7499279.765499124,-0.3554259906071669,-8.357912492268838
1984,Telecommunication,0.0011773852126171,0.0096817179411597,0.8574959815962041,2595158.537549407,-82.95825939465993,12.646385759124732
1985,Telecommunication,0.0012861410578565,0.0082636906280623,1.1402287917832534,1856377.047619048,-84.70865276609007,32.97191080251483
1986,Telecommunication,0.0013577069102636,0.0122251926122141,1.7303043655727222,2105986.466403162,-83.42512621086476,51.7506291756257
1987,Telecommunication,0.0001620022389762,0.0189961676782499,1.9919051238199468,2245202.306324111,-82.61245036501622,15.118771208823478
1988,Telecommunication,0.0008641393438581,0.0128975793028768,2.1159981277149185,1900385.9090909087,-81.55852704050326,6.229865188407868
1989,Telecommunication,0.0020843604782178,0.0115314019460559,2.890291152255876,1663560.7916666667,-80.4911394357575,36.592330323898814
1990,Telecommunication,4.149588466639996e-06,0.0156030882051564,3.2996877780544898,1432575.6778656126,-79.49628948435122,14.164546207709192
1991,Telecommunication,0.0004078226206491,0.014019634870079,3.415589741567378,1410447.8438735178,-78.49020825715091,3.512513040892151
1992,Telecommunication,0.0006687489053974,0.0100362125060306,3.657381058208586,1508513.6811023622,-77.65260439547151,7.079050323246738
1993,Telecommunication,0.0007724505818978,0.0133156572624838,4.806517446936355,1444516.1600790513,-76.47837203569689,31.41965166983789
1994,Telecommunication,-0.0001135849278861,0.0132954764855943,4.787376066521992,1530859.521825397,-75.80032505479006,-0.398238030459308
1995,Telecommunication,0.0015561760641227,0.0126344862203304,5.559015501113165,1346095.5416666667,-74.67258878341904,16.118212228766172
1996,Telecommunication,5.2952702428013205e-06,0.0132330275702261,6.2743547943633375,1973300.8897637797,-73.52502210824473,12.868093156188
1997,Telecommunication,0.0016359219038981,0.0165771728424026,7.681300594401454,2881447.9466403164,-72.30048790458426,22.42375265903145
1998,Telecommunication,0.0014233196161375,0.0202193675288932,10.607209616237215,3245478.095238095,-71.67930992203378,38.09132302371194
1999,Telecommunication,0.0004284710671272,0.0226980653228589,13.65391872137312,4010547.2162698414,-70.93808073529509,28.72300270631105
2000,Telecommunication,4.705466987215628e-05,0.0277248991871104,12.307320562620012,7130440.317460317,-70.1388579976597,-9.862356633522465
2001,Telecommunication,-0.0001932061630204,0.0198628258047787,12.255655576144497,7348344.881048387,-69.06347315218935,-0.419790694592248
2002,Telecommunication,-0.0005981139935904,0.0270470665871596,9.43638866051795,9306935.845238095,-67.76886759194113,-23.003803412313715
2003,Telecommunication,0.000149575010859,0.0198855688481268,8.594308192767794,10617309.732142856,-65.6711898987038,-8.923757785363783
2004,Telecommunication,0.000781709210541,0.0123654549547976,9.63150572740171,7740087.751152074,-61.3187970266043,12.068423791303262
2005,Telecommunication,-0.0003255888105112,0.0107267751932311,10.132610621906462,8933381.239417989,-55.49191316221287,5.202767964712995
2006,Telecommunication,0.0013892836836446,0.0112299032102196,10.846867007879938,13409978.739707837,-49.6943952041489,7.0490854985513
2007,Telecommunication,0.0006519371653192,0.0229765261674994,21.32563372662193,12974706.190118153,-37.31374562178878,96.60639068525012
2008,Telecommunication,-0.0010741594479095,0.0342696302771815,16.84619237924282,16370686.195652174,-36.64783737345177,-21.00496240722349
2009,Telecommunication,0.0002086158532076,0.0297145889490136,12.821875910437296,16545732.474206349,-36.96479164241914,-23.888581931215025
2010,Telecommunication,0.0014582686268256,0.0173021579780511,13.562741692104035,16243182.996031746,-34.20494235833808,5.778138759428009
2011,Telecommunication,0.0003437320646011,0.0235279094781121,18.40800894536669,15274756.807539685,-30.35628661279671,35.72483619653004
2012,Telecommunication,0.0010831748225911,0.0215496048649875,19.951778522491452,13840072.751,-28.984681937455655,8.38640171083429
2013,Telecommunication,0.0014375541040323,0.0145869901966386,26.42318422642965,13520124.333333334,-23.039007204902,32.43523226083851
2014,Telecommunication,-1.09892629411332e-05,0.0136316996152158,30.32366850735649,15821621.19047619,-18.71526104906697,14.76159817644309
2015,Telecommunication,0.000430334061285,0.0138532351880187,33.459262637864974,14779116.702380951,-15.577484283061413,10.340418177793342
2016,Telecommunication,0.0006565316093527,0.0163721214152405,33.66810308278553,13163516.092261905,-15.4229040292902,0.6241633211731878
2017,Telecommunication,0.000356283487506,0.0130980644759026,38.04907137084293,13932097.978087649,-12.073620052693595,13.01222191605258
2018,Telecommunication,-0.0005078721650608,0.0162495678119744,38.15219747402754,17586608.46513944,-10.204207557810234,0.2710344811822196
2019,Telecommunication,0.0008832095105418,0.0135343738215789,42.40400588228589,14546658.88095238,-7.976512150318592,11.144334244843446
2020,Telecommunication,0.0006564695812439,0.0235564305966339,48.95089022821117,19092183.425889328,-5.0792887016796175,15.439306286532297
2021,Telecommunication,-6.488083733698851e-05,0.0132982053941056,56.94052207564551,20498509.246031743,-2.658435124642238,16.32172941122485
2022,Telecommunication,-0.0001819658453917,0.0181105593279013,54.79086455777914,20205115.08193277,-0.7487323124874449,-3.775268366894413
2007,"Textiles, Apparel & Luxury Goods",-0.0003272961563936,0.0206138605749782,34.12403866921763,1945355.4900398408,-15.93719898205378,13.8783880693617
2008,"Textiles, Apparel & Luxury Goods",-0.001046001310838,0.0394633153723707,24.27382002741452,3472571.163043478,-16.20041945456188,-28.86592275107439
2009,"Textiles, Apparel & Luxury Goods",0.0028006483537524,0.0338019162762449,23.05777906981253,3100773.6944444445,-15.293085427682772,-5.009681031780799
2010,"Textiles, Apparel & Luxury Goods",0.0012047166778347,0.0203845717713766,36.169562262202064,2301922.5535714286,-13.899091528812832,56.864900789840654
2011,"Textiles, Apparel & Luxury Goods",0.0008972626493742,0.0244677201171744,49.275413705716055,3025820.853174603,-13.971146435936156,36.23447623862972
2012,"Textiles, Apparel & Luxury Goods",0.0014014432741206,0.0184123664888761,62.54357295131683,2264387.178,-13.129209600102268,26.92653038864623
2013,"Textiles, Apparel & Luxury Goods",0.0016686843930179,0.0138365468301918,77.5944585918434,1966843.8551587304,-11.924112352814872,24.064639946684864
2014,"Textiles, Apparel & Luxury Goods",0.0007622140237029,0.0134969883455513,80.93354318917744,1718783.5347222222,-11.895962195511082,4.303251363474336
2015,"Textiles, Apparel & Luxury Goods",-0.0009412051281307,0.019530700314244,73.31933395446293,1976823.380952381,-11.9206028384257,-9.407977131208424
2016,"Textiles, Apparel & Luxury Goods",-0.0005164491489708,0.0212328306912984,57.48856091321257,2235270.5784232365,-9.440827217803482,-21.591539621844525
2017,"Textiles, Apparel & Luxury Goods",0.0004504700894026,0.0201817348576362,53.76348840401942,3117921.812749004,-7.598206363209346,-6.479676043407478
2018,"Textiles, Apparel & Luxury Goods",-0.0002524592210082,0.0236963998277094,70.23530964338447,2928010.1290836656,-6.523470855350494,30.637560411972075
2019,"Textiles, Apparel & Luxury Goods",0.0011037485763205,0.0226350343358974,62.28983274717179,2360759.311904762,-5.768959604146703,-11.312653046673182
2020,"Textiles, Apparel & Luxury Goods",0.0004887064340796,0.0434790695727266,46.07242626258036,3599977.7889328063,-4.726735004739923,-26.03539898785131
2021,"Textiles, Apparel & Luxury Goods",0.0007025319598949,0.0243915327546331,66.03764649270073,2491837.6904761903,-3.2059861873006565,43.33442331934656
2022,"Textiles, Apparel & Luxury Goods",-0.0019445554068179,0.0323148151007121,47.76556083494876,3499381.0159663865,-1.5798584756024507,-27.66919572121884
1978,Trading Companies & Distributors,0.0002267259138517,0.0143833202854902,2.1333402276985227,87206.3492063492,6808.937990426059,10.10025536989392
1979,Trading Companies & Distributors,0.0006329752226792,0.0127281651604534,2.330028283266211,75607.90513833992,6577.489904893184,9.219722809046637
1980,Trading Companies & Distributors,-0.0001520180736965,0.0181839114216795,2.232562237106293,137495.65217391303,12451.961021953157,-4.1830413330129605
1984,Trading Companies & Distributors,-0.0001999878051438,0.0122597726773104,3.77356938316888,156037.94466403162,1236.4312216157157,2.714389470760792
1985,Trading Companies & Distributors,0.0013549538670355,0.0153575029416955,4.39455908536911,164750.79365079364,-45.61304440032152,16.45629480062056
1986,Trading Companies & Distributors,0.0007209517242238,0.0177087455176436,5.804481905910809,154099.604743083,-44.60779434650694,32.08337385281226
1987,Trading Companies & Distributors,0.0018897755859188,0.0284173864039886,5.536345157761536,1357093.6416184972,-43.53943355450478,-4.619477715594633
1988,Trading Companies & Distributors,0.0013716437426047,0.0207963729604181,4.15689924390243,908661.6600790514,-42.40295003457148,-24.91618341253936
1989,Trading Companies & Distributors,0.0013979600928578,0.0141784053355883,4.389119544450844,1097776.1904761903,-41.16822115407474,5.586382707953486
1990,Trading Companies & Distributors,0.0005006385046751,0.0216437823625642,4.980201458536354,1428256.1264822134,-40.717205280350285,13.466981432137404
1991,Trading Companies & Distributors,0.0026384286962281,0.022552632545859,6.532558482096129,1256531.2252964426,-39.8216064338381,31.17056682313415
1992,Trading Companies & Distributors,0.0009287104522624,0.0220928278239395,8.089070270556634,1107443.3070866142,-39.12340182123194,23.82698590033993
1993,Trading Companies & Distributors,0.0008708287800456,0.0163947033863744,9.144021339508384,882062.4505928854,-38.39833265985583,13.041685059798036
1994,Trading Companies & Distributors,0.0007393071293861,0.0175802063739384,9.913639800652623,2131112.698412698,-37.6906396461528,8.41663019550234
1995,Trading Companies & Distributors,0.0018637621672464,0.0154319782215233,10.24106626070681,1498552.380952381,-36.63679495224024,3.302787539573826
1996,Trading Companies & Distributors,0.0007643062535688,0.0200032521542774,12.181079342609316,1882813.385826772,-35.761875293089005,18.94346772607065
1997,Trading Companies & Distributors,0.0007914899098228,0.0221904975884472,14.78571771649481,1946308.1553398056,-34.46674744259988,21.382656664705337
1998,Trading Companies & Distributors,0.0013856958543983,0.0366207703761322,20.34425689374644,1989603.4391534391,-21.94813774156375,37.59397605062196
1999,Trading Companies & Distributors,-0.0002437131802059,0.0283120553202911,19.720978325636928,1665099.2063492064,-22.05744571155919,-3.063658561552552
2000,Trading Companies & Distributors,0.000233938771497,0.0353195159639571,15.27384513316962,1789230.9523809524,-22.857530212167976,-22.550266619816284
2001,Trading Companies & Distributors,0.0016507028850325,0.0243812880446285,16.885024337358374,2088662.9032258063,-21.2290471159296,10.548615559089436
2002,Trading Companies & Distributors,-0.0002578442721891,0.0300549639162446,18.63711548009247,1973601.984126984,-23.03773524849014,10.376598266770444
2003,Trading Companies & Distributors,0.0013092468178882,0.0221547102856826,16.84273727482589,1982170.7671957675,-23.212437937584564,-9.62798243742854
2004,Trading Companies & Distributors,0.000979610060381,0.0217713534207705,20.45026306878953,1941654.4973544972,-21.92800589790383,21.418880643324243
2005,Trading Companies & Distributors,0.000864405676261,0.0170364147844586,23.40173534678404,2023521.693121693,-21.55113340565382,14.43244161733519
2006,Trading Companies & Distributors,0.0002298996864254,0.0208891389259436,29.246492406761504,1902581.2749003984,-19.69999798773417,24.975742069404603
2007,Trading Companies & Distributors,0.0003407919898333,0.0230566149476391,33.77649033940329,2466784.860557769,-19.236438951903025,15.489029828392308
2008,Trading Companies & Distributors,-0.0004292872263098,0.039551371443303,28.57280248521345,3956969.169960474,-20.52001736039205,-15.406242039657004
2009,Trading Companies & Distributors,0.0011606519505159,0.0317527334574088,26.42797130913961,3078409.391534392,-20.546869769742397,-7.506548149009173
2010,Trading Companies & Distributors,0.002399298192062,0.0235648703483646,37.350976194654194,2457821.296296296,-18.583971464088307,41.33122727334377
2011,Trading Companies & Distributors,0.0016692493578635,0.0272963648143604,53.6899068078036,2432997.619047619,-16.698582384463542,43.744320169837735
2012,Trading Companies & Distributors,0.0011245442600571,0.024416961096398,73.5580493367513,2642502.6666666665,-15.370077329762315,37.00535856780429
2013,Trading Companies & Distributors,0.0012302881414005,0.0170749660719146,94.48281053008226,1909216.5343915345,-13.68418944294684,28.44659609927485
2014,Trading Companies & Distributors,0.0005286818757819,0.0155841664329642,110.5696800020006,2030747.3544973545,-11.147664204837708,17.026239356836715
2015,Trading Companies & Distributors,-0.0007156002364434,0.0187924048245091,98.63160875613096,2805021.4285714286,-10.286943081586664,-10.796876002221978
2016,Trading Companies & Distributors,0.0011579784949116,0.0212136158149001,95.7342986619031,2812065.476190476,-8.924616703225206,-2.937506678403201
2017,Trading Companies & Distributors,0.0010913430575205,0.0172515927230233,110.08764692764991,2650584.9933598936,-6.191333563162915,14.992900628475226
2018,Trading Companies & Distributors,-0.0002034750085325,0.022077944390969,152.5976973099221,2728389.641434263,-5.158329342108971,38.61473250510112
2019,Trading Companies & Distributors,0.0015976725393532,0.0198965465677831,145.5368877643,2116869.047619048,-4.003589691622036,-4.627074765932926
2020,Trading Companies & Distributors,0.0016407666559945,0.0323673928310282,172.89361723798066,1937662.8458498025,-2.5566880070076152,18.797110405428956
2021,Trading Companies & Distributors,0.0013439684889517,0.0170790388858382,267.40693780606387,1326307.142857143,-1.282318856354872,54.66559267945077
2022,Trading Companies & Distributors,0.0002331245238014,0.0212831133816788,290.3257180969922,1491771.5532212886,-0.3879948321449042,8.570750063167809
2007,Transportation Infrastructure,9.43770911430655e-05,0.0197248534428914,4.267469988401192,486.2988047808765,-32.173168915845,14.006422518711092
2008,Transportation Infrastructure,-0.0009877594068427,0.0409508842858095,3.232988225612716,916.4861660079052,-32.16206432239876,-24.24110223622322
2009,Transportation Infrastructure,0.001713836214271,0.0392946575271582,2.350249235592192,1707.2063492063492,-32.16166598200558,-27.3041201643482
2010,Transportation Infrastructure,0.0003729157269938,0.0182692531867293,2.9753086538541886,218.6626984126984,-32.171955380245095,26.595452465044687
2011,Transportation Infrastructure,0.0005286611792887,0.0086668687550027,3.6547831855123,167.61507936507937,-32.17267679903015,22.837110723888298
2012,Transportation Infrastructure,0.0005847106217321,0.0117599697027773,3.993547420501709,550.652,-32.17089401973106,9.269065161848268
2013,Transportation Infrastructure,-5.694188121799711e-05,0.0129655678197019,4.272579463701399,422.484126984127,-32.10575998353688,6.987072239764114
2014,Transportation Infrastructure,0.0010721614901754,0.0130216986496773,4.824961141934471,765.2063492063492,-29.35593019455481,12.928529075373474
2015,Transportation Infrastructure,0.0004566159105735,0.0119838294276327,5.446903609094166,344.04761904761904,-25.95922531911824,12.89010312962522
2016,Transportation Infrastructure,0.0003844322130194,0.0176047370815873,6.48942306117406,510.7142857142857,-22.592840656708816,19.139671396778542
2017,Transportation Infrastructure,0.0011967235884309,0.0139535387713131,7.339373014837622,365.7370517928287,-18.89481387816253,13.097465609058156
2018,Transportation Infrastructure,-0.0002605842371473,0.0139028749231447,7.4270473457427615,599.601593625498,-15.081566737965272,1.194575214093807
2019,Transportation Infrastructure,0.0014117139165547,0.014284622111251,8.668213246360658,404.36507936507934,-10.833956135612691,16.711431109017248
2020,Transportation Infrastructure,0.0004733706552127,0.0301999333967183,9.528762353738776,1823.3201581027668,-1.8217445872933853,9.92764117494942
2021,Transportation Infrastructure,-0.0001163976686765,0.0160345661919882,10.123267684664045,1640.873015873016,-1.970024685180964,6.2390613686782
2022,Transportation Infrastructure,-5.5939616882785055e-05,0.0204732398393579,9.386774276379292,2902.987341772152,-1.0523605458391947,-7.275253714771191
1974,Unknown,-0.0017607381652547,0.042782791661614,0.2713975406472118,90574.0663900415,318.76210643405074,-29.24308641041268
1975,Unknown,0.0016460465464263,0.038144863764502,0.3184268480650916,133648.8986784141,611.8801627366679,17.32856801344893
1976,Unknown,0.0024723812782168,0.0400984164979243,0.3562599078408981,116920.17543859647,569.612790875048,11.881240544161908
1977,Unknown,-0.0010331182115112,0.0215496993392723,0.4127106797171319,157247.9809976247,1005.0959514623116,15.84539001830203
1978,Unknown,0.0023427193646646,0.0251636141594882,0.534803592470976,146606.37362637362,758.1753605255974,29.58317260835737
1979,Unknown,0.0008760753644874,0.0197793027887431,0.7616646749248414,111823.0403800475,1433.811202899417,42.41951356491256
1980,Unknown,0.0017808203841441,0.0311410884090214,1.2873479112567945,132531.69164882228,1784.4457010422673,69.01767321476812
1981,Unknown,0.0006286405113511,0.022414701634806,1.530227019939785,92803.30396475772,2376.9051864608587,18.866625452157383
1982,Unknown,0.0038033334161742,0.0256061368552213,1.804535292773491,110264.48763250884,41.20700814343109,17.92598544263715
1983,Unknown,0.0017060982891811,0.0225777088327605,3.51492976957055,107750.66137566138,-46.92641274605701,94.78309920823207
1984,Unknown,-0.0004464034461288,0.0201029895320853,3.0809139487597923,119460.0795755968,-50.33996740195295,-12.347780731442182
1985,Unknown,0.0018345970814573,0.017132295128897,3.32092819035684,149259.65608465608,-48.84259263372346,7.790358497148686
1986,Unknown,0.0003766994850285,0.0197193782832695,3.969515740328253,248958.29404617252,-49.390443146327776,19.5303093832246
1987,Unknown,-0.0002438975976502,0.0324598232562569,3.818406336931955,304433.06926406926,-46.53924338295694,-3.80674654747184
1988,Unknown,0.0007285050930197,0.0226821175984629,3.3696724916767704,252803.40107310528,-40.031557523448384,-11.751862050798325
1989,Unknown,0.0013466772779155,0.0199314010374273,4.383340928730993,262528.07769591425,-36.61287650857466,30.08210559210207
1990,Unknown,0.0002342204782369,0.0275760548387941,4.433107981045774,346854.2979865772,-41.2237255026571,1.1353680474310843
1991,Unknown,0.0025353088128748,0.0276436800819616,4.652989811740571,481287.0328638498,-38.921877366769664,4.959992665076607
1992,Unknown,-0.0002008768663527,0.0271470318473542,4.42396103107446,419037.1858108108,-33.67924007155329,-4.922185303054361
1993,Unknown,0.0007615139001782,0.0326277942906435,3.8088056633796064,418850.2454931071,-34.54860304542383,-13.905081065902811
1994,Unknown,0.0005494033850759,0.0415698814520836,3.334434824495732,338692.3546537274,-41.6869724660348,-12.454582375908318
1995,Unknown,0.0022195903665624,0.0351889907189978,4.266795968824763,652971.8653693408,-37.06719918879612,27.96159449510405
1996,Unknown,0.0018654527027148,0.0660824026741341,5.69738489876686,648932.6898529939,-34.05336449132382,33.52841196051226
1997,Unknown,0.0057496431875454,0.1524424647777304,8.295619458502369,846936.7351294612,-31.63706009532399,45.60398508968335
1998,Unknown,0.0001569306680521,0.0359526189260769,9.337337657088392,833494.5483764082,-30.520021403645785,12.55744919107087
1999,Unknown,0.0011038258718025,0.0313532082722054,8.933945264056247,1029579.52744709,-29.43167909038811,-4.320207834895129
2000,Unknown,0.0025729029165089,0.0403304300722637,14.71589692201091,1414145.553240741,-21.860657687519605,64.7189062285513
2001,Unknown,0.0010486975108157,0.0375966508906424,16.16999514338893,2401151.3688145247,-24.200369342881054,9.881138941678058
2002,Unknown,-0.0008789596888984,0.0319239197525509,14.174242251371142,3091919.91787277,-24.41455469273177,-12.342322148647945
2003,Unknown,0.00192540027051,0.0243236122317379,14.93867777798828,2388841.241344196,-24.32074882028101,5.393131520263039
2004,Unknown,0.0010403936312673,0.0198673345101442,19.052371983276824,2096623.6383052012,-22.40193965415527,27.537204205247367
2005,Unknown,0.0005458120814154,0.0171544772508389,22.97280419233828,2026774.050697516,-20.516951662132417,20.57713450326606
2006,Unknown,0.0009119925779484,0.017351749809005,26.56438139400735,1899800.968874172,-19.18319196120029,15.634039151680534
2007,Unknown,-3.784187071718751e-05,0.0220417972191745,30.613662539860456,1952384.345308145,-17.555016772485754,15.243272884067927
2008,Unknown,-0.0011602030048563,0.0507185720945297,23.95810660293865,2357727.3683090024,-15.43263588067366,-21.740475933763083
2009,Unknown,0.0018150917851096,0.0376052539185027,18.062983398909097,2810598.2084859586,-14.136498677447262,-24.60596449348159
2010,Unknown,0.0011241012622029,0.0239819473203136,23.67865586078773,2359340.4200968524,-13.088855615823498,31.08939613052952
2011,Unknown,-0.0002067830840649,0.0261343898261298,26.41919650283128,1577150.3502598016,-11.733007129699132,11.573886026959546
2012,Unknown,0.000288669721969,0.0278438989326922,28.55834192460948,1414603.050195567,-10.837152907209282,8.096935959233086
2013,Unknown,0.0027067378485884,0.0630358816006597,39.41927534051034,1420675.0179354325,-10.544089810649954,38.03068625122703
2014,Unknown,0.0133346106201505,0.7968119848890469,48.79512964599813,2155598.310966811,-10.01318235197466,23.784948415458107
2015,Unknown,0.0009538559615557,0.044451900175231,54.8002607429793,2048811.5335302288,-8.443866251699736,12.306824760068393
2016,Unknown,0.0007533816227702,0.0314090314653099,56.3761038704765,2281393.787894031,-7.705957056955364,2.8756124626635016
2017,Unknown,0.0013393045314721,0.0311114250846898,69.93963142173565,1806835.2167359667,-6.373270263350108,24.05900127901923
2018,Unknown,-0.0001044589165626,0.0266834737577928,87.94509743988482,2467672.33982906,-4.541119276844709,25.74429640553335
2019,Unknown,0.0005251096492538,0.0240517214406404,88.7247432036252,3057081.263634683,-3.722242782283004,0.8865141849132785
2020,Unknown,0.001278702357871,0.0645796752799965,90.88628742221373,2323733.5305853565,-2.5440811054598824,2.43623609439787
2021,Unknown,0.014258431251966,0.6318334936723323,131.02306837269185,2022789.733560091,-1.6240027648526685,44.16153645271268
2022,Unknown,0.0441190930650522,1.6204344178314083,121.93761173454229,2503623.3247846514,-0.9339214210557386,-6.934242001039259
1974,Utilities,-0.001319988751264,0.0230122925813783,0.819993144058513,88134.92885375494,-77.31281958218035,-26.26664346409856
1975,Utilities,0.0017451877214217,0.0176242693515125,0.8439329593029761,104776.08767517068,-75.9157968088444,2.91951407373654
1976,Utilities,0.0009102081955017,0.0114961025160408,1.0002109058632338,167146.407473949,-76.24073802447035,18.51781528823466
1977,Utilities,0.000280115046855,0.0104372627834596,1.1592460227713612,152683.02741702742,-76.04598476112578,15.900158254210584
1978,Utilities,-0.0002627841246608,0.0097957866179498,1.1396294844701005,155343.23773448775,-75.27801799918741,-1.692180772323404
1979,Utilities,-3.357443293962459e-07,0.0101869452109105,1.1109035234313367,185522.0722242185,-73.9557706335424,-2.520640386214701
1980,Utilities,0.0001852935778102,0.0144099360700444,0.9386361479464488,273101.27690517745,-76.44802021883883,-15.506960942278049
1981,Utilities,0.0006478475720928,0.0134758682804539,0.9736894585471888,288146.0118543607,-74.75543193313104,3.734493997213928
1982,Utilities,0.0010887552542036,0.0130521340150753,1.143799625837756,460231.9675889328,-73.15819577087329,17.470679773444697
1983,Utilities,0.0006555608617841,0.0130110695878245,1.396154302162301,587032.9646903821,-71.97695373807508,22.062839558957936
1984,Utilities,0.0008117747706239,0.0118201698117204,1.4357478156312808,588965.4996047431,-76.97017955431205,2.8358981100913505
1985,Utilities,0.0010296561695288,0.0113570707047805,1.8982022262518368,712586.1835978836,-81.83285640650278,32.21000273068293
1986,Utilities,0.0010389723739545,0.0131098013970627,2.588760982051354,822816.5256916996,-81.56976627557026,36.37961995035086
1987,Utilities,-9.865776522759485e-05,0.0172723035494273,2.7627457400163014,1003725.2247694336,-80.49486542052674,6.720773341812358
1988,Utilities,0.0005795776869055,0.0111188766067526,2.775049926640959,1261586.010803689,-80.10607302153207,0.4453608034370004
1989,Utilities,0.0010849431690314,0.0189925254325035,3.0640047673825865,667356.574074074,-78.76623123132862,10.412599714607328
1990,Utilities,9.025810537730854e-05,0.013812988908985,3.3783574595438792,562807.0057971014,-77.31992458012695,10.25953665306556
1991,Utilities,0.0012374344655263,0.0100800773018097,3.887983525647477,615064.6432147563,-75.67826128876854,15.085024962764091
1992,Utilities,0.0004089168008852,0.0081392374981144,4.766620344909158,561383.604199475,-74.08287743559328,22.59877937922485
1993,Utilities,0.0004005394719541,0.0089355548729889,5.617324134043868,598801.0371541502,-72.68307310707769,17.847106074711384
1994,Utilities,-0.000250631745683,0.0124046892486843,4.976878586364171,723303.2058201059,-71.02877611790632,-11.401256762063438
1995,Utilities,0.0011050764188101,0.0094688152461407,5.778980833922745,637751.8579365079,-68.94817777501466,16.116572539185547
1996,Utilities,7.0351511610410194e-06,0.0112497655542115,6.347823737299661,743440.0614173228,-67.4639802875944,9.843308357034108
1997,Utilities,0.0010198042374609,0.0124091834367879,6.8727049920926735,837554.4124249544,-65.44593878047407,8.268680362197568
1998,Utilities,0.0006251507444957,0.0126816168750513,9.30456179712604,854575.1418214771,-64.22468369437635,35.38427457356772
1999,Utilities,-0.0008110017143271,0.0135304857596938,9.02772351074471,856475.2008377425,-62.37172125706817,-2.9752963376183827
2000,Utilities,0.0016192319557005,0.0206186200070995,9.015045008646748,1326679.7429453265,-59.99963204443159,-0.1404396366688987
2001,Utilities,5.748155704607079e-05,0.0207607702246358,10.790075556725585,1432583.319892473,-58.636573519809545,19.689647099668623
2002,Utilities,-0.0001759667540647,0.0295282300543658,10.24875029006963,1896845.344356261,-56.57514672041686,-5.016881149813079
2003,Utilities,0.0010684839335123,0.0145994385826441,10.534930453243971,1744303.4022383147,-53.8784183795484,2.792342042440344
2004,Utilities,0.000711003368917,0.0099661406848964,12.543416591017268,1570154.6558061822,-50.79666878577683,19.06501563239873
2005,Utilities,0.0005788463268425,0.0110205650614574,15.322718102432034,1702241.1480785296,-48.42635635191318,22.15745200877017
2006,Utilities,0.0008533913081319,0.0099213901368524,17.07464315116868,2140041.9486265467,-46.0650387610966,11.433513538688532
2007,Utilities,0.0005330211418418,0.0136040657034,21.10446812587105,2680784.4044873137,-43.5280642047847,23.601225156067485
2008,Utilities,-0.0007560015727436,0.0270708647416808,19.107528506286076,3123084.146297411,-41.499832872630186,-9.462165109657604
2009,Utilities,0.0006964461936687,0.0170886977109769,16.067712984009393,3236574.036904762,-38.536820597219936,-15.90899378366296
2010,Utilities,0.0004583267364144,0.0116034969256576,18.919653205266076,3051123.3186507937,-35.7808502195339,17.749509367605288
2011,Utilities,0.0008645189359542,0.0131785684671162,22.09847961872343,2970942.634126984,-33.0216846673211,16.80171607253651
2012,Utilities,0.0003389971682869,0.0090265494476228,25.72484980287552,2672788.0474,-30.329050641430094,16.410043798124295
2013,Utilities,0.0006044087005273,0.0097853823840549,29.697616282531197,2675628.1049603173,-27.307145850849903,15.443302915656275
2014,Utilities,0.001022410610896,0.010637720432746,34.34309751552249,2785219.886309524,-24.360926492530925,15.642606426037876
2015,Utilities,-0.0001440612836257,0.0139837869855083,37.18175423343976,2952846.876984127,-21.897307017481697,8.265581509164255
2016,Utilities,0.0007559206342957,0.013565450788064,43.13626568809388,2952865.201984127,-18.96001467800567,16.0146060276491
2017,Utilities,0.0007523286757743,0.0098922212006474,49.48864062145886,2511684.6047808765,-16.19558100902013,14.726297772962573
2018,Utilities,0.0002985855034428,0.0126734308872138,51.41747617987522,3200334.050796813,-13.298412753444644,3.897531906705876
2019,Utilities,0.0009776526833608,0.0099028147846966,63.293588043772985,2736117.916865079,-10.266130677885132,23.09742279522087
2020,Utilities,0.0002363652075861,0.0282069982793357,65.85373575376428,3135625.2468379447,-7.406435277557263,4.044876881084281
2021,Utilities,0.0006842443263524,0.0129533265511871,71.33925995523967,2595388.446626984,-4.2873089696298585,8.329860316484506
2022,Utilities,0.0001473913901231,0.0159065285374914,78.26864943063559,2862387.121428572,-1.4892707131934522,9.713290381402365
